-- Updated 1 may 6pm changed cc_no into text instead of int

insert into customer (Cid, Reward_pts, CC_no) values (1, 06, '42134355');
insert into customer (Cid, Reward_pts, CC_no) values (2, 85, '66166565');
insert into customer (Cid, Reward_pts, CC_no) values (3, 82, '39172068');
insert into customer (Cid, Reward_pts, CC_no) values (4, 63, '35113723');
insert into customer (Cid, Reward_pts, CC_no) values (5, 95, '34637028');
insert into customer (Cid, Reward_pts, CC_no) values (6, 45, '91858985');
insert into customer (Cid, Reward_pts, CC_no) values (7, 33, '15687891');
insert into customer (Cid, Reward_pts, CC_no) values (8, 94, '68835233');
insert into customer (Cid, Reward_pts, CC_no) values (9, 55, '53607200');
insert into customer (Cid, Reward_pts, CC_no) values (10, 17, '96412251');
insert into customer (Cid, Reward_pts, CC_no) values (11, 72, '32436782');
insert into customer (Cid, Reward_pts, CC_no) values (12, 80, '13709054');
insert into customer (Cid, Reward_pts, CC_no) values (13, 50, '64225739');
insert into customer (Cid, Reward_pts, CC_no) values (14, 63, '16363490');
insert into customer (Cid, Reward_pts, CC_no) values (15, 49, '73989383');
insert into customer (Cid, Reward_pts, CC_no) values (16, 69, '29047848');
insert into customer (Cid, Reward_pts, CC_no) values (17, 76, '61729771');
insert into customer (Cid, Reward_pts, CC_no) values (18, 39, '16067037');
insert into customer (Cid, Reward_pts, CC_no) values (19, 47, '91881301');
insert into customer (Cid, Reward_pts, CC_no) values (20, 69, '51321698');
insert into customer (Cid, Reward_pts, CC_no) values (21, 74, '51108903');
insert into customer (Cid, Reward_pts, CC_no) values (22, 39, '25252793');
insert into customer (Cid, Reward_pts, CC_no) values (23, 78, '83294218');
insert into customer (Cid, Reward_pts, CC_no) values (24, 90, '73315648');
insert into customer (Cid, Reward_pts, CC_no) values (25, 49, '37337617');
insert into customer (Cid, Reward_pts, CC_no) values (26, 60, '31510695');
insert into customer (Cid, Reward_pts, CC_no) values (27, 78, '50286324');
insert into customer (Cid, Reward_pts, CC_no) values (28, 60, '64681295');
insert into customer (Cid, Reward_pts, CC_no) values (29, 10, '48883922');
insert into customer (Cid, Reward_pts, CC_no) values (30, 62, '28443129');
insert into customer (Cid, Reward_pts, CC_no) values (31, 97, '87756232');
insert into customer (Cid, Reward_pts, CC_no) values (32, 84, '86631402');
insert into customer (Cid, Reward_pts, CC_no) values (33, 97, '24354079');
insert into customer (Cid, Reward_pts, CC_no) values (34, 41, '69289522');
insert into customer (Cid, Reward_pts, CC_no) values (35, 63, '80656069');
insert into customer (Cid, Reward_pts, CC_no) values (36, 81, '69334497');
insert into customer (Cid, Reward_pts, CC_no) values (37, 34, '46815917');
insert into customer (Cid, Reward_pts, CC_no) values (38, 99, '62257503');
insert into customer (Cid, Reward_pts, CC_no) values (39, 92, '73189248');
insert into customer (Cid, Reward_pts, CC_no) values (40, 58, '50558998');
insert into customer (Cid, Reward_pts, CC_no) values (41, 20, '45416596');
insert into customer (Cid, Reward_pts, CC_no) values (42, 73, '76464730');
insert into customer (Cid, Reward_pts, CC_no) values (43, 47, '50014768');
insert into customer (Cid, Reward_pts, CC_no) values (44, 84, '20443583');
insert into customer (Cid, Reward_pts, CC_no) values (45, 49, '86262594');
insert into customer (Cid, Reward_pts, CC_no) values (46, 12, '71793554');
insert into customer (Cid, Reward_pts, CC_no) values (47, 33, '47672895');
insert into customer (Cid, Reward_pts, CC_no) values (48, 40, '15500230');
insert into customer (Cid, Reward_pts, CC_no) values (49, 41, '40731979');
insert into customer (Cid, Reward_pts, CC_no) values (50, 45, '35400659');
insert into customer (Cid, Reward_pts, CC_no) values (51, 15, '39805460');
insert into customer (Cid, Reward_pts, CC_no) values (52, 76, '77601951');
insert into customer (Cid, Reward_pts, CC_no) values (53, 31, '43061197');
insert into customer (Cid, Reward_pts, CC_no) values (54, 19, '53155730');
insert into customer (Cid, Reward_pts, CC_no) values (55, 78, '83375880');
insert into customer (Cid, Reward_pts, CC_no) values (56, 74, '51813671');
insert into customer (Cid, Reward_pts, CC_no) values (57, 29, '35301902');
insert into customer (Cid, Reward_pts, CC_no) values (58, 72, '17795214');
insert into customer (Cid, Reward_pts, CC_no) values (59, 93, '44088571');
insert into customer (Cid, Reward_pts, CC_no) values (60, 66, '12451471');
insert into customer (Cid, Reward_pts, CC_no) values (61, 84, '79963250');
insert into customer (Cid, Reward_pts, CC_no) values (62, 69, '73540736');
insert into customer (Cid, Reward_pts, CC_no) values (63, 75, '36965508');
insert into customer (Cid, Reward_pts, CC_no) values (64, 40, '91998737');
insert into customer (Cid, Reward_pts, CC_no) values (65, 19, '78137455');
insert into customer (Cid, Reward_pts, CC_no) values (66, 60, '94230944');
insert into customer (Cid, Reward_pts, CC_no) values (67, 59, '28212552');
insert into customer (Cid, Reward_pts, CC_no) values (68, 17, '84547219');
insert into customer (Cid, Reward_pts, CC_no) values (69, 54, '56083682');
insert into customer (Cid, Reward_pts, CC_no) values (70, 64, '33179577');
insert into customer (Cid, Reward_pts, CC_no) values (71, 23, '53244456');
insert into customer (Cid, Reward_pts, CC_no) values (72, 54, '11776003');
insert into customer (Cid, Reward_pts, CC_no) values (73, 87, '56992530');
insert into customer (Cid, Reward_pts, CC_no) values (74, 40, '81068837');
insert into customer (Cid, Reward_pts, CC_no) values (75, 60, '62612076');
insert into customer (Cid, Reward_pts, CC_no) values (76, 93, '61407963');
insert into customer (Cid, Reward_pts, CC_no) values (77, 41, '96556947');
insert into customer (Cid, Reward_pts, CC_no) values (78, 99, '86302794');
insert into customer (Cid, Reward_pts, CC_no) values (79, 12, '80044919');
insert into customer (Cid, Reward_pts, CC_no) values (80, 41, '34465969');
insert into customer (Cid, Reward_pts, CC_no) values (81, 39, '70140852');
insert into customer (Cid, Reward_pts, CC_no) values (82, 97, '96092252');
insert into customer (Cid, Reward_pts, CC_no) values (83, 86, '44656560');
insert into customer (Cid, Reward_pts, CC_no) values (84, 00, '90437439');
insert into customer (Cid, Reward_pts, CC_no) values (85, 94, '16382803');
insert into customer (Cid, Reward_pts, CC_no) values (86, 15, '80462133');
insert into customer (Cid, Reward_pts, CC_no) values (87, 44, '43380986');
insert into customer (Cid, Reward_pts, CC_no) values (88, 32, '30362609');
insert into customer (Cid, Reward_pts, CC_no) values (89, 34, '28916832');
insert into customer (Cid, Reward_pts, CC_no) values (90, 90, '12057802');
insert into customer (Cid, Reward_pts, CC_no) values (91, 23, '85156136');
insert into customer (Cid, Reward_pts, CC_no) values (92, 34, '52887038');
insert into customer (Cid, Reward_pts, CC_no) values (93, 43, '15454357');
insert into customer (Cid, Reward_pts, CC_no) values (94, 44, '80257811');
insert into customer (Cid, Reward_pts, CC_no) values (95, 49, '13133492');
insert into customer (Cid, Reward_pts, CC_no) values (96, 14, '80386009');
insert into customer (Cid, Reward_pts, CC_no) values (97, 45, '92720143');
insert into customer (Cid, Reward_pts, CC_no) values (98, 91, '95556897');
insert into customer (Cid, Reward_pts, CC_no) values (99, 65, '22754306');
insert into customer (Cid, Reward_pts, CC_no) values (100, 45, '42049806');
insert into customer (Cid, Reward_pts, CC_no) values (101, 16, '78467312');
insert into customer (Cid, Reward_pts, CC_no) values (102, 19, '33903459');
insert into customer (Cid, Reward_pts, CC_no) values (103, 49, '88428046');
insert into customer (Cid, Reward_pts, CC_no) values (104, 60, '94439121');
insert into customer (Cid, Reward_pts, CC_no) values (105, 23, '79657396');
insert into customer (Cid, Reward_pts, CC_no) values (106, 66, '34292655');
insert into customer (Cid, Reward_pts, CC_no) values (107, 10, '59923774');
insert into customer (Cid, Reward_pts, CC_no) values (108, 64, '93488656');
insert into customer (Cid, Reward_pts, CC_no) values (109, 51, '97597987');
insert into customer (Cid, Reward_pts, CC_no) values (110, 86, '62282806');
insert into customer (Cid, Reward_pts, CC_no) values (111, 98, '94197706');
insert into customer (Cid, Reward_pts, CC_no) values (112, 74, '98714338');
insert into customer (Cid, Reward_pts, CC_no) values (113, 23, '58931376');
insert into customer (Cid, Reward_pts, CC_no) values (114, 33, '27067895');
insert into customer (Cid, Reward_pts, CC_no) values (115, 70, '85851609');
insert into customer (Cid, Reward_pts, CC_no) values (116, 100, '17880819');
insert into customer (Cid, Reward_pts, CC_no) values (117, 41, '31155015');
insert into customer (Cid, Reward_pts, CC_no) values (118, 54, '60370311');
insert into customer (Cid, Reward_pts, CC_no) values (119, 19, '93383804');
insert into customer (Cid, Reward_pts, CC_no) values (120, 40, '78673072');
insert into customer (Cid, Reward_pts, CC_no) values (121, 45, '48341448');
insert into customer (Cid, Reward_pts, CC_no) values (122, 53, '10259464');
insert into customer (Cid, Reward_pts, CC_no) values (123, 50, '83957887');
insert into customer (Cid, Reward_pts, CC_no) values (124, 82, '60542565');
insert into customer (Cid, Reward_pts, CC_no) values (125, 73, '39184542');
insert into customer (Cid, Reward_pts, CC_no) values (126, 17, '74388390');
insert into customer (Cid, Reward_pts, CC_no) values (127, 75, '60684374');
insert into customer (Cid, Reward_pts, CC_no) values (128, 91, '42899424');
insert into customer (Cid, Reward_pts, CC_no) values (129, 97, '92515002');
insert into customer (Cid, Reward_pts, CC_no) values (130, 13, '83386603');
insert into customer (Cid, Reward_pts, CC_no) values (131, 83, '29479669');
insert into customer (Cid, Reward_pts, CC_no) values (132, 15, '20850797');
insert into customer (Cid, Reward_pts, CC_no) values (133, 98, '19781899');
insert into customer (Cid, Reward_pts, CC_no) values (134, 96, '41806046');
insert into customer (Cid, Reward_pts, CC_no) values (135, 71, '33215472');
insert into customer (Cid, Reward_pts, CC_no) values (136, 88, '26119935');
insert into customer (Cid, Reward_pts, CC_no) values (137, 81, '98732784');
insert into customer (Cid, Reward_pts, CC_no) values (138, 30, '94110956');
insert into customer (Cid, Reward_pts, CC_no) values (139, 99, '84760246');
insert into customer (Cid, Reward_pts, CC_no) values (140, 21, '68499276');
insert into customer (Cid, Reward_pts, CC_no) values (141, 67, '83881790');
insert into customer (Cid, Reward_pts, CC_no) values (142, 82, '94517338');
insert into customer (Cid, Reward_pts, CC_no) values (143, 53, '42524666');
insert into customer (Cid, Reward_pts, CC_no) values (144, 82, '52651138');
insert into customer (Cid, Reward_pts, CC_no) values (145, 20, '32588892');
insert into customer (Cid, Reward_pts, CC_no) values (146, 18, '55820191');
insert into customer (Cid, Reward_pts, CC_no) values (147, 100, '46637556');
insert into customer (Cid, Reward_pts, CC_no) values (148, 28, '89414496');
insert into customer (Cid, Reward_pts, CC_no) values (149, 26, '82398599');
insert into customer (Cid, Reward_pts, CC_no) values (150, 29, '58047452');
insert into customer (Cid, Reward_pts, CC_no) values (151, 71, '73020878');
insert into customer (Cid, Reward_pts, CC_no) values (152, 19, '39219430');
insert into customer (Cid, Reward_pts, CC_no) values (153, 19, '29409476');
insert into customer (Cid, Reward_pts, CC_no) values (154, 49, '39303230');
insert into customer (Cid, Reward_pts, CC_no) values (155, 33, '70735469');
insert into customer (Cid, Reward_pts, CC_no) values (156, 20, '52401115');
insert into customer (Cid, Reward_pts, CC_no) values (157, 15, '50622920');
insert into customer (Cid, Reward_pts, CC_no) values (158, 83, '30323125');
insert into customer (Cid, Reward_pts, CC_no) values (159, 65, '52820930');
insert into customer (Cid, Reward_pts, CC_no) values (160, 19, '16304143');
insert into customer (Cid, Reward_pts, CC_no) values (161, 78, '48233056');
insert into customer (Cid, Reward_pts, CC_no) values (162, 22, '88502742');
insert into customer (Cid, Reward_pts, CC_no) values (163, 20, '52011003');
insert into customer (Cid, Reward_pts, CC_no) values (164, 100, '78953906');
insert into customer (Cid, Reward_pts, CC_no) values (165, 98, '48303940');
insert into customer (Cid, Reward_pts, CC_no) values (166, 40, '37294436');
insert into customer (Cid, Reward_pts, CC_no) values (167, 93, '74830135');
insert into customer (Cid, Reward_pts, CC_no) values (168, 66, '14734534');
insert into customer (Cid, Reward_pts, CC_no) values (169, 13, '63402529');
insert into customer (Cid, Reward_pts, CC_no) values (170, 64, '27920564');
insert into customer (Cid, Reward_pts, CC_no) values (171, 82, '91272957');
insert into customer (Cid, Reward_pts, CC_no) values (172, 69, '54500808');
insert into customer (Cid, Reward_pts, CC_no) values (173, 23, '78299417');
insert into customer (Cid, Reward_pts, CC_no) values (174, 28, '81099105');
insert into customer (Cid, Reward_pts, CC_no) values (175, 64, '95562641');
insert into customer (Cid, Reward_pts, CC_no) values (176, 39, '60593913');
insert into customer (Cid, Reward_pts, CC_no) values (177, 98, '54944235');
insert into customer (Cid, Reward_pts, CC_no) values (178, 89, '88120240');
insert into customer (Cid, Reward_pts, CC_no) values (179, 32, '59655044');
insert into customer (Cid, Reward_pts, CC_no) values (180, 46, '35526243');
insert into customer (Cid, Reward_pts, CC_no) values (181, 80, '93187899');
insert into customer (Cid, Reward_pts, CC_no) values (182, 51, '50953228');
insert into customer (Cid, Reward_pts, CC_no) values (183, 11, '86602186');
insert into customer (Cid, Reward_pts, CC_no) values (184, 97, '56870384');
insert into customer (Cid, Reward_pts, CC_no) values (185, 43, '15595826');
insert into customer (Cid, Reward_pts, CC_no) values (186, 54, '71445100');
insert into customer (Cid, Reward_pts, CC_no) values (187, 90, '88555184');
insert into customer (Cid, Reward_pts, CC_no) values (188, 88, '46725945');
insert into customer (Cid, Reward_pts, CC_no) values (189, 59, '49435783');
insert into customer (Cid, Reward_pts, CC_no) values (190, 32, '11336190');
insert into customer (Cid, Reward_pts, CC_no) values (191, 36, '68561729');
insert into customer (Cid, Reward_pts, CC_no) values (192, 94, '92670536');
insert into customer (Cid, Reward_pts, CC_no) values (193, 50, '73360927');
insert into customer (Cid, Reward_pts, CC_no) values (194, 51, '45105107');
insert into customer (Cid, Reward_pts, CC_no) values (195, 25, '77031716');
insert into customer (Cid, Reward_pts, CC_no) values (196, 50, '48872113');
insert into customer (Cid, Reward_pts, CC_no) values (197, 30, '35630693');
insert into customer (Cid, Reward_pts, CC_no) values (198, 77, '73605587');
insert into customer (Cid, Reward_pts, CC_no) values (199, 42, '13038226');
insert into customer (Cid, Reward_pts, CC_no) values (200, 83, '95630694');
insert into customer (Cid, Reward_pts, CC_no) values (201, 38, '89769706');
insert into customer (Cid, Reward_pts, CC_no) values (202, 12, '71070673');
insert into customer (Cid, Reward_pts, CC_no) values (203, 14, '87204328');
insert into customer (Cid, Reward_pts, CC_no) values (204, 74, '40325911');
insert into customer (Cid, Reward_pts, CC_no) values (205, 20, '71668102');
insert into customer (Cid, Reward_pts, CC_no) values (206, 39, '27602572');
insert into customer (Cid, Reward_pts, CC_no) values (207, 97, '28773957');
insert into customer (Cid, Reward_pts, CC_no) values (208, 10, '13984944');
insert into customer (Cid, Reward_pts, CC_no) values (209, 23, '92007388');
insert into customer (Cid, Reward_pts, CC_no) values (210, 45, '49758217');
insert into customer (Cid, Reward_pts, CC_no) values (211, 36, '27157018');
insert into customer (Cid, Reward_pts, CC_no) values (212, 93, '58856409');
insert into customer (Cid, Reward_pts, CC_no) values (213, 30, '70051808');
insert into customer (Cid, Reward_pts, CC_no) values (214, 35, '38419699');
insert into customer (Cid, Reward_pts, CC_no) values (215, 92, '49727659');
insert into customer (Cid, Reward_pts, CC_no) values (216, 13, '60800469');
insert into customer (Cid, Reward_pts, CC_no) values (217, 57, '44011612');
insert into customer (Cid, Reward_pts, CC_no) values (218, 62, '58237616');
insert into customer (Cid, Reward_pts, CC_no) values (219, 66, '90007767');
insert into customer (Cid, Reward_pts, CC_no) values (220, 56, '86864191');
insert into customer (Cid, Reward_pts, CC_no) values (221, 68, '68889430');
insert into customer (Cid, Reward_pts, CC_no) values (222, 42, '39400204');
insert into customer (Cid, Reward_pts, CC_no) values (223, 72, '53105919');
insert into customer (Cid, Reward_pts, CC_no) values (224, 97, '60131094');
insert into customer (Cid, Reward_pts, CC_no) values (225, 61, '87019400');
insert into customer (Cid, Reward_pts, CC_no) values (226, 49, '85006437');
insert into customer (Cid, Reward_pts, CC_no) values (227, 41, '42879979');
insert into customer (Cid, Reward_pts, CC_no) values (228, 94, '25669317');
insert into customer (Cid, Reward_pts, CC_no) values (229, 80, '88123724');
insert into customer (Cid, Reward_pts, CC_no) values (230, 36, '31271501');
insert into customer (Cid, Reward_pts, CC_no) values (231, 30, '67842300');
insert into customer (Cid, Reward_pts, CC_no) values (232, 68, '91173562');
insert into customer (Cid, Reward_pts, CC_no) values (233, 46, '15742269');
insert into customer (Cid, Reward_pts, CC_no) values (234, 12, '83041534');
insert into customer (Cid, Reward_pts, CC_no) values (235, 73, '49768042');
insert into customer (Cid, Reward_pts, CC_no) values (236, 96, '95581304');
insert into customer (Cid, Reward_pts, CC_no) values (237, 100, '17853597');
insert into customer (Cid, Reward_pts, CC_no) values (238, 83, '31970997');
insert into customer (Cid, Reward_pts, CC_no) values (239, 62, '68919641');
insert into customer (Cid, Reward_pts, CC_no) values (240, 41, '72232603');
insert into customer (Cid, Reward_pts, CC_no) values (241, 39, '97690202');
insert into customer (Cid, Reward_pts, CC_no) values (242, 80, '30602445');
insert into customer (Cid, Reward_pts, CC_no) values (243, 66, '84197087');
insert into customer (Cid, Reward_pts, CC_no) values (244, 94, '94731918');
insert into customer (Cid, Reward_pts, CC_no) values (245, 60, '13046440');
insert into customer (Cid, Reward_pts, CC_no) values (246, 43, '42188943');
insert into customer (Cid, Reward_pts, CC_no) values (247, 86, '23164173');
insert into customer (Cid, Reward_pts, CC_no) values (248, 18, '45739983');
insert into customer (Cid, Reward_pts, CC_no) values (249, 37, '92849658');
insert into customer (Cid, Reward_pts, CC_no) values (250, 45, '71057393');
insert into customer (Cid, Reward_pts, CC_no) values (251, 98, '67611813');
insert into customer (Cid, Reward_pts, CC_no) values (252, 30, '93004165');
insert into customer (Cid, Reward_pts, CC_no) values (253, 66, '48482623');
insert into customer (Cid, Reward_pts, CC_no) values (254, 59, '54425731');
insert into customer (Cid, Reward_pts, CC_no) values (255, 41, '71772040');
insert into customer (Cid, Reward_pts, CC_no) values (256, 65, '13876571');
insert into customer (Cid, Reward_pts, CC_no) values (257, 10, '21137693');
insert into customer (Cid, Reward_pts, CC_no) values (258, 73, '48341970');
insert into customer (Cid, Reward_pts, CC_no) values (259, 53, '32918174');
insert into customer (Cid, Reward_pts, CC_no) values (260, 40, '41533269');
insert into customer (Cid, Reward_pts, CC_no) values (261, 80, '27917809');
insert into customer (Cid, Reward_pts, CC_no) values (262, 95, '23176789');
insert into customer (Cid, Reward_pts, CC_no) values (263, 70, '44124795');
insert into customer (Cid, Reward_pts, CC_no) values (264, 48, '18995226');
insert into customer (Cid, Reward_pts, CC_no) values (265, 70, '70967885');
insert into customer (Cid, Reward_pts, CC_no) values (266, 40, '79416776');
insert into customer (Cid, Reward_pts, CC_no) values (267, 60, '69871088');
insert into customer (Cid, Reward_pts, CC_no) values (268, 51, '83633498');
insert into customer (Cid, Reward_pts, CC_no) values (269, 28, '70881110');
insert into customer (Cid, Reward_pts, CC_no) values (270, 75, '17081915');
insert into customer (Cid, Reward_pts, CC_no) values (271, 77, '60051608');
insert into customer (Cid, Reward_pts, CC_no) values (272, 23, '88991875');
insert into customer (Cid, Reward_pts, CC_no) values (273, 49, '19508733');
insert into customer (Cid, Reward_pts, CC_no) values (274, 35, '42220479');
insert into customer (Cid, Reward_pts, CC_no) values (275, 60, '99633910');
insert into customer (Cid, Reward_pts, CC_no) values (276, 68, '28793459');
insert into customer (Cid, Reward_pts, CC_no) values (277, 12, '31153282');
insert into customer (Cid, Reward_pts, CC_no) values (278, 34, '75476458');
insert into customer (Cid, Reward_pts, CC_no) values (279, 31, '75014758');
insert into customer (Cid, Reward_pts, CC_no) values (280, 29, '75272359');
insert into customer (Cid, Reward_pts, CC_no) values (281, 77, '45471451');
insert into customer (Cid, Reward_pts, CC_no) values (282, 63, '60119934');
insert into customer (Cid, Reward_pts, CC_no) values (283, 30, '20051844');
insert into customer (Cid, Reward_pts, CC_no) values (284, 33, '12366495');
insert into customer (Cid, Reward_pts, CC_no) values (285, 10, '54887135');
insert into customer (Cid, Reward_pts, CC_no) values (286, 64, '11804010');
insert into customer (Cid, Reward_pts, CC_no) values (287, 48, '54129233');
insert into customer (Cid, Reward_pts, CC_no) values (288, 20, '85387735');
insert into customer (Cid, Reward_pts, CC_no) values (289, 81, '51175886');
insert into customer (Cid, Reward_pts, CC_no) values (290, 72, '52315872');
insert into customer (Cid, Reward_pts, CC_no) values (291, 98, '25937996');
insert into customer (Cid, Reward_pts, CC_no) values (292, 30, '58193852');
insert into customer (Cid, Reward_pts, CC_no) values (293, 80, '62533910');
insert into customer (Cid, Reward_pts, CC_no) values (294, 80, '69466927');
insert into customer (Cid, Reward_pts, CC_no) values (295, 67, '16937042');
insert into customer (Cid, Reward_pts, CC_no) values (296, 69, '80952690');
insert into customer (Cid, Reward_pts, CC_no) values (297, 40, '25520722');
insert into customer (Cid, Reward_pts, CC_no) values (298, 26, '79958353');
insert into customer (Cid, Reward_pts, CC_no) values (299, 38, '38281434');
insert into customer (Cid, Reward_pts, CC_no) values (300, 43, '59843111');
insert into customer (Cid, Reward_pts, CC_no) values (301, 70, '53852515');
insert into customer (Cid, Reward_pts, CC_no) values (302, 81, '77402484');
insert into customer (Cid, Reward_pts, CC_no) values (303, 90, '57902648');
insert into customer (Cid, Reward_pts, CC_no) values (304, 16, '22958980');
insert into customer (Cid, Reward_pts, CC_no) values (305, 57, '25976157');
insert into customer (Cid, Reward_pts, CC_no) values (306, 94, '92120097');
insert into customer (Cid, Reward_pts, CC_no) values (307, 37, '67517174');
insert into customer (Cid, Reward_pts, CC_no) values (308, 24, '16516501');
insert into customer (Cid, Reward_pts, CC_no) values (309, 55, '66225016');
insert into customer (Cid, Reward_pts, CC_no) values (310, 79, '24498965');
insert into customer (Cid, Reward_pts, CC_no) values (311, 59, '80887365');
insert into customer (Cid, Reward_pts, CC_no) values (312, 53, '64447636');
insert into customer (Cid, Reward_pts, CC_no) values (313, 55, '39882518');
insert into customer (Cid, Reward_pts, CC_no) values (314, 89, '11121800');
insert into customer (Cid, Reward_pts, CC_no) values (315, 27, '16568506');
insert into customer (Cid, Reward_pts, CC_no) values (316, 35, '94481751');
insert into customer (Cid, Reward_pts, CC_no) values (317, 12, '42204356');
insert into customer (Cid, Reward_pts, CC_no) values (318, 17, '24707530');
insert into customer (Cid, Reward_pts, CC_no) values (319, 97, '93047292');
insert into customer (Cid, Reward_pts, CC_no) values (320, 70, '49297853');
insert into customer (Cid, Reward_pts, CC_no) values (321, 54, '22848165');
insert into customer (Cid, Reward_pts, CC_no) values (322, 43, '51818097');
insert into customer (Cid, Reward_pts, CC_no) values (323, 68, '20926380');
insert into customer (Cid, Reward_pts, CC_no) values (324, 49, '47481543');
insert into customer (Cid, Reward_pts, CC_no) values (325, 45, '30540908');
insert into customer (Cid, Reward_pts, CC_no) values (326, 31, '16257275');
insert into customer (Cid, Reward_pts, CC_no) values (327, 10, '76866742');
insert into customer (Cid, Reward_pts, CC_no) values (328, 98, '63643076');
insert into customer (Cid, Reward_pts, CC_no) values (329, 17, '64430277');
insert into customer (Cid, Reward_pts, CC_no) values (330, 72, '26889337');
insert into customer (Cid, Reward_pts, CC_no) values (331, 78, '52427290');
insert into customer (Cid, Reward_pts, CC_no) values (332, 62, '28772428');
insert into customer (Cid, Reward_pts, CC_no) values (333, 81, '37033516');
insert into customer (Cid, Reward_pts, CC_no) values (334, 14, '42521123');
insert into customer (Cid, Reward_pts, CC_no) values (335, 93, '82870394');
insert into customer (Cid, Reward_pts, CC_no) values (336, 13, '23416609');
insert into customer (Cid, Reward_pts, CC_no) values (337, 29, '82166972');
insert into customer (Cid, Reward_pts, CC_no) values (338, 80, '24291030');
insert into customer (Cid, Reward_pts, CC_no) values (339, 80, '51384243');
insert into customer (Cid, Reward_pts, CC_no) values (340, 37, '60682133');
insert into customer (Cid, Reward_pts, CC_no) values (341, 59, '28085490');
insert into customer (Cid, Reward_pts, CC_no) values (342, 77, '73040009');
insert into customer (Cid, Reward_pts, CC_no) values (343, 32, '31189112');
insert into customer (Cid, Reward_pts, CC_no) values (344, 15, '72797925');
insert into customer (Cid, Reward_pts, CC_no) values (345, 43, '30347985');
insert into customer (Cid, Reward_pts, CC_no) values (346, 45, '39620318');
insert into customer (Cid, Reward_pts, CC_no) values (347, 68, '94017834');
insert into customer (Cid, Reward_pts, CC_no) values (348, 63, '38489354');
insert into customer (Cid, Reward_pts, CC_no) values (349, 40, '31920073');
insert into customer (Cid, Reward_pts, CC_no) values (350, 13, '46733693');
insert into customer (Cid, Reward_pts, CC_no) values (351, 92, '92312474');
insert into customer (Cid, Reward_pts, CC_no) values (352, 68, '63963071');
insert into customer (Cid, Reward_pts, CC_no) values (353, 10, '71512933');
insert into customer (Cid, Reward_pts, CC_no) values (354, 35, '22539939');
insert into customer (Cid, Reward_pts, CC_no) values (355, 71, '60090030');
insert into customer (Cid, Reward_pts, CC_no) values (356, 53, '95997266');
insert into customer (Cid, Reward_pts, CC_no) values (357, 23, '31414560');
insert into customer (Cid, Reward_pts, CC_no) values (358, 00, '38015075');
insert into customer (Cid, Reward_pts, CC_no) values (359, 75, '11765970');
insert into customer (Cid, Reward_pts, CC_no) values (360, 30, '12444881');
insert into customer (Cid, Reward_pts, CC_no) values (361, 29, '12686531');
insert into customer (Cid, Reward_pts, CC_no) values (362, 64, '74773872');
insert into customer (Cid, Reward_pts, CC_no) values (363, 78, '62075340');
insert into customer (Cid, Reward_pts, CC_no) values (364, 85, '91781816');
insert into customer (Cid, Reward_pts, CC_no) values (365, 10, '47044547');
insert into customer (Cid, Reward_pts, CC_no) values (366, 40, '27285047');
insert into customer (Cid, Reward_pts, CC_no) values (367, 77, '64016849');
insert into customer (Cid, Reward_pts, CC_no) values (368, 72, '18269404');
insert into customer (Cid, Reward_pts, CC_no) values (369, 88, '85299414');
insert into customer (Cid, Reward_pts, CC_no) values (370, 80, '10261426');
insert into customer (Cid, Reward_pts, CC_no) values (371, 03, '23353031');
insert into customer (Cid, Reward_pts, CC_no) values (372, 09, '61683374');
insert into customer (Cid, Reward_pts, CC_no) values (373, 59, '93825001');
insert into customer (Cid, Reward_pts, CC_no) values (374, 15, '90698133');
insert into customer (Cid, Reward_pts, CC_no) values (375, 85, '19486793');
insert into customer (Cid, Reward_pts, CC_no) values (376, 98, '58611324');
insert into customer (Cid, Reward_pts, CC_no) values (377, 76, '77188188');
insert into customer (Cid, Reward_pts, CC_no) values (378, 29, '17108512');
insert into customer (Cid, Reward_pts, CC_no) values (379, 78, '37135176');
insert into customer (Cid, Reward_pts, CC_no) values (380, 44, '53410363');
insert into customer (Cid, Reward_pts, CC_no) values (381, 76, '61973478');
insert into customer (Cid, Reward_pts, CC_no) values (382, 46, '41349138');
insert into customer (Cid, Reward_pts, CC_no) values (383, 52, '21428749');
insert into customer (Cid, Reward_pts, CC_no) values (384, 24, '49722447');
insert into customer (Cid, Reward_pts, CC_no) values (385, 92, '93496065');
insert into customer (Cid, Reward_pts, CC_no) values (386, 63, '12042083');
insert into customer (Cid, Reward_pts, CC_no) values (387, 33, '75707350');
insert into customer (Cid, Reward_pts, CC_no) values (388, 38, '10444498');
insert into customer (Cid, Reward_pts, CC_no) values (389, 27, '55359101');
insert into customer (Cid, Reward_pts, CC_no) values (390, 31, '74025397');
insert into customer (Cid, Reward_pts, CC_no) values (391, 48, '71295736');
insert into customer (Cid, Reward_pts, CC_no) values (392, 57, '53017199');
insert into customer (Cid, Reward_pts, CC_no) values (393, 47, '21887651');
insert into customer (Cid, Reward_pts, CC_no) values (394, 22, '43862604');
insert into customer (Cid, Reward_pts, CC_no) values (395, 20, '28681846');
insert into customer (Cid, Reward_pts, CC_no) values (396, 02, '78934580');
insert into customer (Cid, Reward_pts, CC_no) values (397, 08, '22951763');
insert into customer (Cid, Reward_pts, CC_no) values (398, 85, '35536415');
insert into customer (Cid, Reward_pts, CC_no) values (399, 88, '70932648');
insert into customer (Cid, Reward_pts, CC_no) values (400, 87, '56132818');
insert into customer (Cid, Reward_pts, CC_no) values (401, 86, '65926317');
insert into customer (Cid, Reward_pts, CC_no) values (402, 72, '41944398');
insert into customer (Cid, Reward_pts, CC_no) values (403, 02, '74374284');
insert into customer (Cid, Reward_pts, CC_no) values (404, 13, '17114234');
insert into customer (Cid, Reward_pts, CC_no) values (405, 75, '24240568');
insert into customer (Cid, Reward_pts, CC_no) values (406, 96, '53131339');
insert into customer (Cid, Reward_pts, CC_no) values (407, 18, '25309991');
insert into customer (Cid, Reward_pts, CC_no) values (408, 23, '87641381');
insert into customer (Cid, Reward_pts, CC_no) values (409, 76, '25920454');
insert into customer (Cid, Reward_pts, CC_no) values (410, 51, '58004553');
insert into customer (Cid, Reward_pts, CC_no) values (411, 65, '47485423');
insert into customer (Cid, Reward_pts, CC_no) values (412, 82, '94119389');
insert into customer (Cid, Reward_pts, CC_no) values (413, 36, '56007770');
insert into customer (Cid, Reward_pts, CC_no) values (414, 88, '82468290');
insert into customer (Cid, Reward_pts, CC_no) values (415, 54, '29746648');
insert into customer (Cid, Reward_pts, CC_no) values (416, 57, '88742316');
insert into customer (Cid, Reward_pts, CC_no) values (417, 59, '82785194');
insert into customer (Cid, Reward_pts, CC_no) values (418, 25, '97941903');
insert into customer (Cid, Reward_pts, CC_no) values (419, 18, '81496194');
insert into customer (Cid, Reward_pts, CC_no) values (420, 46, '14835663');
insert into customer (Cid, Reward_pts, CC_no) values (421, 68, '76994545');
insert into customer (Cid, Reward_pts, CC_no) values (422, 21, '81571339');
insert into customer (Cid, Reward_pts, CC_no) values (423, 94, '42276473');
insert into customer (Cid, Reward_pts, CC_no) values (424, 78, '87164025');
insert into customer (Cid, Reward_pts, CC_no) values (425, 71, '92385365');
insert into customer (Cid, Reward_pts, CC_no) values (426, 74, '90886859');
insert into customer (Cid, Reward_pts, CC_no) values (427, 32, '64728880');
insert into customer (Cid, Reward_pts, CC_no) values (428, 12, '95917573');
insert into customer (Cid, Reward_pts, CC_no) values (429, 85, '91232720');
insert into customer (Cid, Reward_pts, CC_no) values (430, 16, '69789658');
insert into customer (Cid, Reward_pts, CC_no) values (431, 93, '91425008');
insert into customer (Cid, Reward_pts, CC_no) values (432, 41, '59165087');
insert into customer (Cid, Reward_pts, CC_no) values (433, 80, '28174597');
insert into customer (Cid, Reward_pts, CC_no) values (434, 47, '41933767');
insert into customer (Cid, Reward_pts, CC_no) values (435, 92, '46342625');
insert into customer (Cid, Reward_pts, CC_no) values (436, 44, '22702786');
insert into customer (Cid, Reward_pts, CC_no) values (437, 52, '88220981');
insert into customer (Cid, Reward_pts, CC_no) values (438, 41, '29785077');
insert into customer (Cid, Reward_pts, CC_no) values (439, 39, '24277222');
insert into customer (Cid, Reward_pts, CC_no) values (440, 23, '76049180');
insert into customer (Cid, Reward_pts, CC_no) values (441, 60, '77565046');
insert into customer (Cid, Reward_pts, CC_no) values (442, 38, '52225018');
insert into customer (Cid, Reward_pts, CC_no) values (443, 06, '33196057');
insert into customer (Cid, Reward_pts, CC_no) values (444, 03, '51644045');
insert into customer (Cid, Reward_pts, CC_no) values (445, 96, '22868684');
insert into customer (Cid, Reward_pts, CC_no) values (446, 61, '41986250');
insert into customer (Cid, Reward_pts, CC_no) values (447, 13, '16452492');
insert into customer (Cid, Reward_pts, CC_no) values (448, 97, '59681599');
insert into customer (Cid, Reward_pts, CC_no) values (449, 97, '56811790');
insert into customer (Cid, Reward_pts, CC_no) values (450, 75, '80511038');
insert into customer (Cid, Reward_pts, CC_no) values (451, 44, '76478983');
insert into customer (Cid, Reward_pts, CC_no) values (452, 03, '74225481');
insert into customer (Cid, Reward_pts, CC_no) values (453, 20, '25930763');
insert into customer (Cid, Reward_pts, CC_no) values (454, 31, '61218963');
insert into customer (Cid, Reward_pts, CC_no) values (455, 21, '18988867');
insert into customer (Cid, Reward_pts, CC_no) values (456, 56, '56604985');
insert into customer (Cid, Reward_pts, CC_no) values (457, 22, '42838692');
insert into customer (Cid, Reward_pts, CC_no) values (458, 85, '11672111');
insert into customer (Cid, Reward_pts, CC_no) values (459, 81, '63632993');
insert into customer (Cid, Reward_pts, CC_no) values (460, 97, '44502342');
insert into customer (Cid, Reward_pts, CC_no) values (461, 32, '99466188');
insert into customer (Cid, Reward_pts, CC_no) values (462, 34, '60182507');
insert into customer (Cid, Reward_pts, CC_no) values (463, 74, '96135819');
insert into customer (Cid, Reward_pts, CC_no) values (464, 00, '88925573');
insert into customer (Cid, Reward_pts, CC_no) values (465, 01, '83515542');
insert into customer (Cid, Reward_pts, CC_no) values (466, 00, '83373156');
insert into customer (Cid, Reward_pts, CC_no) values (467, 76, '78436624');
insert into customer (Cid, Reward_pts, CC_no) values (468, 22, '88799729');
insert into customer (Cid, Reward_pts, CC_no) values (469, 67, '62620652');
insert into customer (Cid, Reward_pts, CC_no) values (470, 21, '31341867');
insert into customer (Cid, Reward_pts, CC_no) values (471, 89, '57630274');
insert into customer (Cid, Reward_pts, CC_no) values (472, 58, '60000080');
insert into customer (Cid, Reward_pts, CC_no) values (473, 64, '25965923');
insert into customer (Cid, Reward_pts, CC_no) values (474, 43, '22433900');
insert into customer (Cid, Reward_pts, CC_no) values (475, 66, '47843801');
insert into customer (Cid, Reward_pts, CC_no) values (476, 59, '22387899');
insert into customer (Cid, Reward_pts, CC_no) values (477, 56, '75859078');
insert into customer (Cid, Reward_pts, CC_no) values (478, 40, '77671136');
insert into customer (Cid, Reward_pts, CC_no) values (479, 85, '84625282');
insert into customer (Cid, Reward_pts, CC_no) values (480, 20, '22665370');
insert into customer (Cid, Reward_pts, CC_no) values (481, 77, '61144438');
insert into customer (Cid, Reward_pts, CC_no) values (482, 65, '80671393');
insert into customer (Cid, Reward_pts, CC_no) values (483, 83, '66403086');
insert into customer (Cid, Reward_pts, CC_no) values (484, 72, '47481145');
insert into customer (Cid, Reward_pts, CC_no) values (485, 60, '48980036');
insert into customer (Cid, Reward_pts, CC_no) values (486, 03, '34144706');
insert into customer (Cid, Reward_pts, CC_no) values (487, 21, '92434047');
insert into customer (Cid, Reward_pts, CC_no) values (488, 32, '21811368');
insert into customer (Cid, Reward_pts, CC_no) values (489, 83, '40050273');
insert into customer (Cid, Reward_pts, CC_no) values (490, 33, '11410701');
insert into customer (Cid, Reward_pts, CC_no) values (491, 53, '95123841');
insert into customer (Cid, Reward_pts, CC_no) values (492, 45, '87484327');
insert into customer (Cid, Reward_pts, CC_no) values (493, 54, '22077849');
insert into customer (Cid, Reward_pts, CC_no) values (494, 52, '35176556');
insert into customer (Cid, Reward_pts, CC_no) values (495, 32, '15460714');
insert into customer (Cid, Reward_pts, CC_no) values (496, 42, '29805067');
insert into customer (Cid, Reward_pts, CC_no) values (497, 79, '83026825');
insert into customer (Cid, Reward_pts, CC_no) values (498, 30, '77391540');
insert into customer (Cid, Reward_pts, CC_no) values (499, 41, '28219245');
insert into customer (Cid, Reward_pts, CC_no) values (500, 59, '54115343');

insert into promotions (promoid, descriptionpromo, discount, startdate, enddate) values (1, '521-81-8806', 34, '2020-02-10', '2020-04-15');
insert into promotions (promoid, descriptionpromo, discount, startdate, enddate) values (2, '268-93-7182', 11, '2020-02-05', '2020-06-14');
insert into promotions (promoid, descriptionpromo, discount, startdate, enddate) values (3, '471-69-2677', 17, '2020-02-26', '2020-07-03');
insert into promotions (promoid, descriptionpromo, discount, startdate, enddate) values (4, '521-42-2250', 8, '2020-01-15', '2020-06-10');
insert into promotions (promoid, descriptionpromo, discount, startdate, enddate) values (5, '595-59-7842', 8, '2020-01-31', '2020-05-30');
insert into promotions (promoid, descriptionpromo, discount, startdate, enddate) values (6, '159-84-6733', 9, '2020-01-04', '2020-06-27');
insert into promotions (promoid, descriptionpromo, discount, startdate, enddate) values (7, '297-74-8673', 23, '2020-01-06', '2020-07-02');
insert into promotions (promoid, descriptionpromo, discount, startdate, enddate) values (8, '166-26-7094', 15, '2020-02-11', '2020-06-18');
insert into promotions (promoid, descriptionpromo, discount, startdate, enddate) values (9, '256-29-5564', 45, '2020-02-02', '2020-03-11');
insert into promotions (promoid, descriptionpromo, discount, startdate, enddate) values (10, '812-03-7439', 28, '2020-01-31', '2020-05-24');
insert into promotions (promoid, descriptionpromo, discount, startdate, enddate) values (11, '145-86-0589', 38, '2020-01-23', '2020-03-10');
insert into promotions (promoid, descriptionpromo, discount, startdate, enddate) values (12, '385-31-0911', 38, '2020-02-10', '2020-03-19');
insert into promotions (promoid, descriptionpromo, discount, startdate, enddate) values (13, '345-15-1907', 47, '2020-02-09', '2020-07-01');
insert into promotions (promoid, descriptionpromo, discount, startdate, enddate) values (14, '285-19-1845', 19, '2020-01-27', '2020-06-07');
insert into promotions (promoid, descriptionpromo, discount, startdate, enddate) values (15, '312-13-3958', 43, '2020-02-28', '2020-03-22');
insert into promotions (promoid, descriptionpromo, discount, startdate, enddate) values (16, '537-74-3985', 26, '2020-01-17', '2020-03-12');
insert into promotions (promoid, descriptionpromo, discount, startdate, enddate) values (17, '642-34-8195', 36, '2020-02-11', '2020-04-05');
insert into promotions (promoid, descriptionpromo, discount, startdate, enddate) values (18, '736-48-5456', 5, '2020-02-11', '2020-06-01');
insert into promotions (promoid, descriptionpromo, discount, startdate, enddate) values (19, '510-98-5352', 6, '2020-01-09', '2020-06-03');
insert into promotions (promoid, descriptionpromo, discount, startdate, enddate) values (20, '308-55-1317', 34, '2020-01-20', '2020-03-25');
insert into promotions (promoid, descriptionpromo, discount, startdate, enddate) values (21, '464-29-1637', 23, '2020-01-27', '2020-04-23');
insert into promotions (promoid, descriptionpromo, discount, startdate, enddate) values (22, '383-38-2600', 32, '2020-02-21', '2020-07-05');
insert into promotions (promoid, descriptionpromo, discount, startdate, enddate) values (23, '888-39-0254', 39, '2020-02-21', '2020-06-18');
insert into promotions (promoid, descriptionpromo, discount, startdate, enddate) values (24, '237-99-4766', 11, '2020-01-01', '2020-06-14');
insert into promotions (promoid, descriptionpromo, discount, startdate, enddate) values (25, '226-47-6176', 47, '2020-01-24', '2020-05-10');
insert into promotions (promoid, descriptionpromo, discount, startdate, enddate) values (26, '586-70-6309', 33, '2020-02-29', '2020-05-13');
insert into promotions (promoid, descriptionpromo, discount, startdate, enddate) values (27, '787-60-1497', 36, '2020-01-20', '2020-04-28');
insert into promotions (promoid, descriptionpromo, discount, startdate, enddate) values (28, '110-04-5074', 23, '2020-02-11', '2020-05-13');
insert into promotions (promoid, descriptionpromo, discount, startdate, enddate) values (29, '476-48-6049', 43, '2020-02-15', '2020-05-22');
insert into promotions (promoid, descriptionpromo, discount, startdate, enddate) values (30, '536-30-5814', 14, '2020-01-15', '2020-04-25');
insert into promotions (promoid, descriptionpromo, discount, startdate, enddate) values (31, '679-89-7208', 32, '2020-02-22', '2020-03-04');
insert into promotions (promoid, descriptionpromo, discount, startdate, enddate) values (32, '873-85-4201', 38, '2020-01-10', '2020-05-21');
insert into promotions (promoid, descriptionpromo, discount, startdate, enddate) values (33, '474-03-9790', 10, '2020-01-17', '2020-03-30');
insert into promotions (promoid, descriptionpromo, discount, startdate, enddate) values (34, '313-54-8321', 35, '2020-02-03', '2020-06-07');
insert into promotions (promoid, descriptionpromo, discount, startdate, enddate) values (35, '359-29-2793', 30, '2020-01-26', '2020-03-31');
insert into promotions (promoid, descriptionpromo, discount, startdate, enddate) values (36, '111-12-2224', 25, '2020-01-26', '2020-05-23');
insert into promotions (promoid, descriptionpromo, discount, startdate, enddate) values (37, '787-01-7045', 37, '2020-02-10', '2020-06-10');
insert into promotions (promoid, descriptionpromo, discount, startdate, enddate) values (38, '871-29-2102', 26, '2020-01-29', '2020-03-02');
insert into promotions (promoid, descriptionpromo, discount, startdate, enddate) values (39, '449-10-1684', 6, '2020-02-04', '2020-04-30');
insert into promotions (promoid, descriptionpromo, discount, startdate, enddate) values (40, '258-20-6945', 37, '2020-02-15', '2020-04-15');
insert into promotions (promoid, descriptionpromo, discount, startdate, enddate) values (41, '453-88-4629', 29, '2020-01-24', '2020-04-17');
insert into promotions (promoid, descriptionpromo, discount, startdate, enddate) values (42, '503-12-3754', 27, '2020-02-03', '2020-05-09');
insert into promotions (promoid, descriptionpromo, discount, startdate, enddate) values (43, '280-44-3689', 36, '2020-01-09', '2020-05-03');
insert into promotions (promoid, descriptionpromo, discount, startdate, enddate) values (44, '314-28-7294', 48, '2020-02-20', '2020-06-19');
insert into promotions (promoid, descriptionpromo, discount, startdate, enddate) values (45, '280-15-5228', 37, '2020-02-18', '2020-06-24');
insert into promotions (promoid, descriptionpromo, discount, startdate, enddate) values (46, '499-09-1023', 22, '2020-02-16', '2020-06-25');
insert into promotions (promoid, descriptionpromo, discount, startdate, enddate) values (47, '304-18-8468', 6, '2020-01-11', '2020-04-23');
insert into promotions (promoid, descriptionpromo, discount, startdate, enddate) values (48, '132-14-0840', 11, '2020-02-14', '2020-03-29');
insert into promotions (promoid, descriptionpromo, discount, startdate, enddate) values (49, '557-68-8622', 5, '2020-02-22', '2020-06-23');
insert into promotions (promoid, descriptionpromo, discount, startdate, enddate) values (50, '769-81-9688', 34, '2020-01-30', '2020-03-10');
insert into promotions (promoid, descriptionpromo, discount, startdate, enddate) values (51, '836-55-6281', 48, '2020-02-07', '2020-04-25');
insert into promotions (promoid, descriptionpromo, discount, startdate, enddate) values (52, '526-09-8065', 20, '2020-02-04', '2020-05-19');
insert into promotions (promoid, descriptionpromo, discount, startdate, enddate) values (53, '321-68-1018', 29, '2020-01-03', '2020-06-06');
insert into promotions (promoid, descriptionpromo, discount, startdate, enddate) values (54, '404-18-8676', 36, '2020-02-03', '2020-04-10');
insert into promotions (promoid, descriptionpromo, discount, startdate, enddate) values (55, '437-89-3882', 23, '2020-02-11', '2020-04-28');
insert into promotions (promoid, descriptionpromo, discount, startdate, enddate) values (56, '389-41-1005', 47, '2020-01-01', '2020-05-03');
insert into promotions (promoid, descriptionpromo, discount, startdate, enddate) values (57, '869-66-5098', 11, '2020-02-05', '2020-04-12');
insert into promotions (promoid, descriptionpromo, discount, startdate, enddate) values (58, '109-50-9400', 15, '2020-02-15', '2020-05-14');
insert into promotions (promoid, descriptionpromo, discount, startdate, enddate) values (59, '474-40-6412', 22, '2020-02-16', '2020-04-21');
insert into promotions (promoid, descriptionpromo, discount, startdate, enddate) values (60, '334-58-7879', 22, '2020-01-02', '2020-04-25');
insert into promotions (promoid, descriptionpromo, discount, startdate, enddate) values (61, '270-68-9743', 34, '2020-01-11', '2020-06-14');
insert into promotions (promoid, descriptionpromo, discount, startdate, enddate) values (62, '201-37-5677', 17, '2020-01-25', '2020-05-30');
insert into promotions (promoid, descriptionpromo, discount, startdate, enddate) values (63, '381-59-1822', 43, '2020-01-28', '2020-05-20');
insert into promotions (promoid, descriptionpromo, discount, startdate, enddate) values (64, '621-42-6123', 10, '2020-01-29', '2020-04-18');
insert into promotions (promoid, descriptionpromo, discount, startdate, enddate) values (65, '691-93-8774', 5, '2020-01-25', '2020-03-18');
insert into promotions (promoid, descriptionpromo, discount, startdate, enddate) values (66, '363-40-7687', 50, '2020-01-21', '2020-05-31');
insert into promotions (promoid, descriptionpromo, discount, startdate, enddate) values (67, '166-35-2512', 20, '2020-01-18', '2020-03-05');
insert into promotions (promoid, descriptionpromo, discount, startdate, enddate) values (68, '209-05-2134', 30, '2020-01-17', '2020-05-04');
insert into promotions (promoid, descriptionpromo, discount, startdate, enddate) values (69, '477-49-8914', 24, '2020-01-09', '2020-03-10');
insert into promotions (promoid, descriptionpromo, discount, startdate, enddate) values (70, '214-56-9107', 28, '2020-02-08', '2020-03-18');
insert into promotions (promoid, descriptionpromo, discount, startdate, enddate) values (71, '692-10-9778', 32, '2020-01-27', '2020-04-30');
insert into promotions (promoid, descriptionpromo, discount, startdate, enddate) values (72, '145-16-4938', 36, '2020-01-02', '2020-04-13');
insert into promotions (promoid, descriptionpromo, discount, startdate, enddate) values (73, '140-11-2008', 48, '2020-01-05', '2020-04-03');
insert into promotions (promoid, descriptionpromo, discount, startdate, enddate) values (74, '396-50-4653', 14, '2020-01-13', '2020-03-07');
insert into promotions (promoid, descriptionpromo, discount, startdate, enddate) values (75, '300-56-7567', 48, '2020-01-19', '2020-06-24');
insert into promotions (promoid, descriptionpromo, discount, startdate, enddate) values (76, '364-44-5790', 21, '2020-01-30', '2020-06-23');
insert into promotions (promoid, descriptionpromo, discount, startdate, enddate) values (77, '421-57-3275', 10, '2020-02-26', '2020-03-16');
insert into promotions (promoid, descriptionpromo, discount, startdate, enddate) values (78, '798-63-9467', 23, '2020-01-12', '2020-03-03');
insert into promotions (promoid, descriptionpromo, discount, startdate, enddate) values (79, '691-77-9954', 44, '2020-02-16', '2020-04-06');
insert into promotions (promoid, descriptionpromo, discount, startdate, enddate) values (80, '520-97-4180', 48, '2020-02-28', '2020-05-10');
insert into promotions (promoid, descriptionpromo, discount, startdate, enddate) values (81, '560-30-5758', 45, '2020-01-16', '2020-04-24');
insert into promotions (promoid, descriptionpromo, discount, startdate, enddate) values (82, '539-48-5698', 34, '2020-01-14', '2020-06-18');
insert into promotions (promoid, descriptionpromo, discount, startdate, enddate) values (83, '209-26-3819', 30, '2020-02-05', '2020-05-08');
insert into promotions (promoid, descriptionpromo, discount, startdate, enddate) values (84, '110-41-4312', 32, '2020-01-23', '2020-05-28');
insert into promotions (promoid, descriptionpromo, discount, startdate, enddate) values (85, '554-07-1559', 6, '2020-01-24', '2020-05-16');
insert into promotions (promoid, descriptionpromo, discount, startdate, enddate) values (86, '631-65-6736', 21, '2020-02-11', '2020-03-27');
insert into promotions (promoid, descriptionpromo, discount, startdate, enddate) values (87, '348-26-2160', 6, '2020-01-20', '2020-06-14');
insert into promotions (promoid, descriptionpromo, discount, startdate, enddate) values (88, '453-25-2862', 36, '2020-01-05', '2020-03-03');
insert into promotions (promoid, descriptionpromo, discount, startdate, enddate) values (89, '180-23-3538', 16, '2020-01-02', '2020-06-13');
insert into promotions (promoid, descriptionpromo, discount, startdate, enddate) values (90, '345-10-5865', 26, '2020-01-22', '2020-03-24');
insert into promotions (promoid, descriptionpromo, discount, startdate, enddate) values (91, '307-25-8604', 18, '2020-01-14', '2020-04-06');
insert into promotions (promoid, descriptionpromo, discount, startdate, enddate) values (92, '176-36-3318', 22, '2020-02-25', '2020-04-20');
insert into promotions (promoid, descriptionpromo, discount, startdate, enddate) values (93, '192-46-2840', 49, '2020-01-20', '2020-05-10');
insert into promotions (promoid, descriptionpromo, discount, startdate, enddate) values (94, '786-09-3505', 12, '2020-02-06', '2020-05-06');
insert into promotions (promoid, descriptionpromo, discount, startdate, enddate) values (95, '624-06-0646', 8, '2020-02-06', '2020-06-07');
insert into promotions (promoid, descriptionpromo, discount, startdate, enddate) values (96, '347-47-2677', 37, '2020-02-21', '2020-05-08');
insert into promotions (promoid, descriptionpromo, discount, startdate, enddate) values (97, '819-73-2402', 33, '2020-01-28', '2020-04-23');
insert into promotions (promoid, descriptionpromo, discount, startdate, enddate) values (98, '858-13-9323', 25, '2020-02-21', '2020-04-09');
insert into promotions (promoid, descriptionpromo, discount, startdate, enddate) values (99, '409-42-6273', 43, '2020-02-26', '2020-05-30');
insert into promotions (promoid, descriptionpromo, discount, startdate, enddate) values (100, '800-23-0100', 23, '2020-02-05', '2020-06-20');





insert into Riders (riderId, ridername) values (1, 'Clio');
insert into Riders (riderId, ridername) values (2, 'Husein');
insert into Riders (riderId, ridername) values (3, 'Brok');
insert into Riders (riderId, ridername) values (4, 'Florentia');
insert into Riders (riderId, ridername) values (5, 'Iormina');
insert into Riders (riderId, ridername) values (6, 'Ariana');
insert into Riders (riderId, ridername) values (7, 'Sully');
insert into Riders (riderId, ridername) values (8, 'Giralda');
insert into Riders (riderId, ridername) values (9, 'Gayle');
insert into Riders (riderId, ridername) values (10, 'Cherianne');
insert into Riders (riderId, ridername) values (11, 'Claudetta');
insert into Riders (riderId, ridername) values (12, 'Mirabel');
insert into Riders (riderId, ridername) values (13, 'Charleen');
insert into Riders (riderId, ridername) values (14, 'Eldridge');
insert into Riders (riderId, ridername) values (15, 'Benedikt');
insert into Riders (riderId, ridername) values (16, 'Kayla');
insert into Riders (riderId, ridername) values (17, 'Sherwood');
insert into Riders (riderId, ridername) values (18, 'Adara');
insert into Riders (riderId, ridername) values (19, 'Nicol');
insert into Riders (riderId, ridername) values (20, 'Ami');
insert into Riders (riderId, ridername) values (21, 'Lewes');
insert into Riders (riderId, ridername) values (22, 'Dougy');
insert into Riders (riderId, ridername) values (23, 'Lynnea');
insert into Riders (riderId, ridername) values (24, 'Tracie');
insert into Riders (riderId, ridername) values (25, 'Austin');
insert into Riders (riderId, ridername) values (26, 'Gilberte');
insert into Riders (riderId, ridername) values (27, 'Amelita');
insert into Riders (riderId, ridername) values (28, 'Giuseppe');
insert into Riders (riderId, ridername) values (29, 'Alley');
insert into Riders (riderId, ridername) values (30, 'Teena');
insert into Riders (riderId, ridername) values (31, 'Jen');
insert into Riders (riderId, ridername) values (32, 'Franni');
insert into Riders (riderId, ridername) values (33, 'Lucie');
insert into Riders (riderId, ridername) values (34, 'Annora');
insert into Riders (riderId, ridername) values (35, 'Chanda');
insert into Riders (riderId, ridername) values (36, 'Pietrek');
insert into Riders (riderId, ridername) values (37, 'Lynna');
insert into Riders (riderId, ridername) values (38, 'Tracy');
insert into Riders (riderId, ridername) values (39, 'Reggis');
insert into Riders (riderId, ridername) values (40, 'Amby');
insert into Riders (riderId, ridername) values (41, 'Belvia');
insert into Riders (riderId, ridername) values (42, 'Eddy');
insert into Riders (riderId, ridername) values (43, 'Jabez');
insert into Riders (riderId, ridername) values (44, 'Dare');
insert into Riders (riderId, ridername) values (45, 'Vitoria');
insert into Riders (riderId, ridername) values (46, 'Delmar');
insert into Riders (riderId, ridername) values (47, 'Clovis');
insert into Riders (riderId, ridername) values (48, 'Alano');
insert into Riders (riderId, ridername) values (49, 'Hardy');
insert into Riders (riderId, ridername) values (50, 'Bobina');
insert into Riders (riderId, ridername) values (51, 'Jean');
insert into Riders (riderId, ridername) values (52, 'Cornell');
insert into Riders (riderId, ridername) values (53, 'Cleo');
insert into Riders (riderId, ridername) values (54, 'Goldi');
insert into Riders (riderId, ridername) values (55, 'Lorine');
insert into Riders (riderId, ridername) values (56, 'Gilligan');
insert into Riders (riderId, ridername) values (57, 'Lorelei');
insert into Riders (riderId, ridername) values (58, 'Dasha');
insert into Riders (riderId, ridername) values (59, 'Amery');
insert into Riders (riderId, ridername) values (60, 'Barnett');
insert into Riders (riderId, ridername) values (61, 'Marlowe');
insert into Riders (riderId, ridername) values (62, 'Randy');
insert into Riders (riderId, ridername) values (63, 'Werner');
insert into Riders (riderId, ridername) values (64, 'Lian');
insert into Riders (riderId, ridername) values (65, 'Bevvy');
insert into Riders (riderId, ridername) values (66, 'Zarah');
insert into Riders (riderId, ridername) values (67, 'Panchito');
insert into Riders (riderId, ridername) values (68, 'Vasily');
insert into Riders (riderId, ridername) values (69, 'Mal');
insert into Riders (riderId, ridername) values (70, 'Merrick');
insert into Riders (riderId, ridername) values (71, 'Aloisia');
insert into Riders (riderId, ridername) values (72, 'Gabe');
insert into Riders (riderId, ridername) values (73, 'Robbyn');
insert into Riders (riderId, ridername) values (74, 'Gina');
insert into Riders (riderId, ridername) values (75, 'Maritsa');
insert into Riders (riderId, ridername) values (76, 'Jo-ann');
insert into Riders (riderId, ridername) values (77, 'Wallace');
insert into Riders (riderId, ridername) values (78, 'Devina');
insert into Riders (riderId, ridername) values (79, 'Valaree');
insert into Riders (riderId, ridername) values (80, 'Alexandre');
insert into Riders (riderId, ridername) values (81, 'Omero');
insert into Riders (riderId, ridername) values (82, 'Kirsti');
insert into Riders (riderId, ridername) values (83, 'Ricki');
insert into Riders (riderId, ridername) values (84, 'Laryssa');
insert into Riders (riderId, ridername) values (85, 'Melinda');
insert into Riders (riderId, ridername) values (86, 'Kathye');
insert into Riders (riderId, ridername) values (87, 'Nealson');
insert into Riders (riderId, ridername) values (88, 'Ollie');
insert into Riders (riderId, ridername) values (89, 'Franzen');
insert into Riders (riderId, ridername) values (90, 'Burl');
insert into Riders (riderId, ridername) values (91, 'Maddie');
insert into Riders (riderId, ridername) values (92, 'Rebbecca');
insert into Riders (riderId, ridername) values (93, 'Avery');
insert into Riders (riderId, ridername) values (94, 'Gustavus');
insert into Riders (riderId, ridername) values (95, 'Vicki');
insert into Riders (riderId, ridername) values (96, 'Jordon');
insert into Riders (riderId, ridername) values (97, 'Rina');
insert into Riders (riderId, ridername) values (98, 'Cherianne');
insert into Riders (riderId, ridername) values (99, 'Rosanna');
insert into Riders (riderId, ridername) values (100, 'Gilburt');
insert into Riders (riderId, ridername) values (101, 'Cookie');
insert into Riders (riderId, ridername) values (102, 'Barron');
insert into Riders (riderId, ridername) values (103, 'Eugenius');
insert into Riders (riderId, ridername) values (104, 'Vidovic');
insert into Riders (riderId, ridername) values (105, 'Joan');
insert into Riders (riderId, ridername) values (106, 'Danita');
insert into Riders (riderId, ridername) values (107, 'Barbabas');
insert into Riders (riderId, ridername) values (108, 'Hadley');
insert into Riders (riderId, ridername) values (109, 'Gaven');
insert into Riders (riderId, ridername) values (110, 'Araldo');
insert into Riders (riderId, ridername) values (111, 'Lynn');
insert into Riders (riderId, ridername) values (112, 'Arnoldo');
insert into Riders (riderId, ridername) values (113, 'Ellette');
insert into Riders (riderId, ridername) values (114, 'Hugh');
insert into Riders (riderId, ridername) values (115, 'Colas');
insert into Riders (riderId, ridername) values (116, 'Lucine');
insert into Riders (riderId, ridername) values (117, 'Ann-marie');
insert into Riders (riderId, ridername) values (118, 'Aliza');
insert into Riders (riderId, ridername) values (119, 'Titus');
insert into Riders (riderId, ridername) values (120, 'Reggie');
insert into Riders (riderId, ridername) values (121, 'Nahum');
insert into Riders (riderId, ridername) values (122, 'Rolf');
insert into Riders (riderId, ridername) values (123, 'Kelsey');
insert into Riders (riderId, ridername) values (124, 'Findley');
insert into Riders (riderId, ridername) values (125, 'Fleurette');
insert into Riders (riderId, ridername) values (126, 'Erika');
insert into Riders (riderId, ridername) values (127, 'Pavia');
insert into Riders (riderId, ridername) values (128, 'Marcela');
insert into Riders (riderId, ridername) values (129, 'Dulcinea');
insert into Riders (riderId, ridername) values (130, 'Philis');
insert into Riders (riderId, ridername) values (131, 'Neron');
insert into Riders (riderId, ridername) values (132, 'Jim');
insert into Riders (riderId, ridername) values (133, 'Antonio');
insert into Riders (riderId, ridername) values (134, 'Natasha');
insert into Riders (riderId, ridername) values (135, 'Hildy');
insert into Riders (riderId, ridername) values (136, 'Saul');
insert into Riders (riderId, ridername) values (137, 'Andros');
insert into Riders (riderId, ridername) values (138, 'Pauly');
insert into Riders (riderId, ridername) values (139, 'Regen');
insert into Riders (riderId, ridername) values (140, 'Toby');
insert into Riders (riderId, ridername) values (141, 'Orren');
insert into Riders (riderId, ridername) values (142, 'Pierre');
insert into Riders (riderId, ridername) values (143, 'Grier');
insert into Riders (riderId, ridername) values (144, 'Hillary');
insert into Riders (riderId, ridername) values (145, 'Rhys');
insert into Riders (riderId, ridername) values (146, 'Peg');
insert into Riders (riderId, ridername) values (147, 'Trisha');
insert into Riders (riderId, ridername) values (148, 'Edouard');
insert into Riders (riderId, ridername) values (149, 'Kerr');
insert into Riders (riderId, ridername) values (150, 'Gale');
insert into Riders (riderId, ridername) values (151, 'Feodora');
insert into Riders (riderId, ridername) values (152, 'Manya');
insert into Riders (riderId, ridername) values (153, 'Lowe');
insert into Riders (riderId, ridername) values (154, 'Byrle');
insert into Riders (riderId, ridername) values (155, 'Olympe');
insert into Riders (riderId, ridername) values (156, 'Albert');
insert into Riders (riderId, ridername) values (157, 'Leslie');
insert into Riders (riderId, ridername) values (158, 'Malvina');
insert into Riders (riderId, ridername) values (159, 'Lizette');
insert into Riders (riderId, ridername) values (160, 'Willi');
insert into Riders (riderId, ridername) values (161, 'Mamie');
insert into Riders (riderId, ridername) values (162, 'Salomon');
insert into Riders (riderId, ridername) values (163, 'Dewey');
insert into Riders (riderId, ridername) values (164, 'Janine');
insert into Riders (riderId, ridername) values (165, 'Kin');
insert into Riders (riderId, ridername) values (166, 'Tobie');
insert into Riders (riderId, ridername) values (167, 'Jaye');
insert into Riders (riderId, ridername) values (168, 'Bride');
insert into Riders (riderId, ridername) values (169, 'Toiboid');
insert into Riders (riderId, ridername) values (170, 'Averil');
insert into Riders (riderId, ridername) values (171, 'Carmina');
insert into Riders (riderId, ridername) values (172, 'Sherri');
insert into Riders (riderId, ridername) values (173, 'Beckie');
insert into Riders (riderId, ridername) values (174, 'Hanson');
insert into Riders (riderId, ridername) values (175, 'Christean');
insert into Riders (riderId, ridername) values (176, 'Agathe');
insert into Riders (riderId, ridername) values (177, 'Elisa');
insert into Riders (riderId, ridername) values (178, 'Deloris');
insert into Riders (riderId, ridername) values (179, 'Puff');
insert into Riders (riderId, ridername) values (180, 'Germain');
insert into Riders (riderId, ridername) values (181, 'Frank');
insert into Riders (riderId, ridername) values (182, 'Gunar');
insert into Riders (riderId, ridername) values (183, 'Fanechka');
insert into Riders (riderId, ridername) values (184, 'Cari');
insert into Riders (riderId, ridername) values (185, 'Morten');
insert into Riders (riderId, ridername) values (186, 'Dennet');
insert into Riders (riderId, ridername) values (187, 'Dionisio');
insert into Riders (riderId, ridername) values (188, 'Burr');
insert into Riders (riderId, ridername) values (189, 'Mirabella');
insert into Riders (riderId, ridername) values (190, 'Klarika');
insert into Riders (riderId, ridername) values (191, 'Tiffanie');
insert into Riders (riderId, ridername) values (192, 'Hastie');
insert into Riders (riderId, ridername) values (193, 'Haydon');
insert into Riders (riderId, ridername) values (194, 'Emalia');
insert into Riders (riderId, ridername) values (195, 'Marrilee');
insert into Riders (riderId, ridername) values (196, 'Donnamarie');
insert into Riders (riderId, ridername) values (197, 'Blanch');
insert into Riders (riderId, ridername) values (198, 'Derk');
insert into Riders (riderId, ridername) values (199, 'Olenka');
insert into Riders (riderId, ridername) values (200, 'Julita');
insert into Riders (riderId, ridername) values (201, 'Rosabelle');
insert into Riders (riderId, ridername) values (202, 'Estelle');
insert into Riders (riderId, ridername) values (203, 'Grantley');
insert into Riders (riderId, ridername) values (204, 'Dena');
insert into Riders (riderId, ridername) values (205, 'Lorilee');
insert into Riders (riderId, ridername) values (206, 'Panchito');
insert into Riders (riderId, ridername) values (207, 'Sybyl');
insert into Riders (riderId, ridername) values (208, 'Ogdon');
insert into Riders (riderId, ridername) values (209, 'Paquito');
insert into Riders (riderId, ridername) values (210, 'Kippy');
insert into Riders (riderId, ridername) values (211, 'Margaret');
insert into Riders (riderId, ridername) values (212, 'Georgena');
insert into Riders (riderId, ridername) values (213, 'Amata');
insert into Riders (riderId, ridername) values (214, 'Ebenezer');
insert into Riders (riderId, ridername) values (215, 'Clint');
insert into Riders (riderId, ridername) values (216, 'Colman');
insert into Riders (riderId, ridername) values (217, 'Maggy');
insert into Riders (riderId, ridername) values (218, 'Cyrus');
insert into Riders (riderId, ridername) values (219, 'Marcello');
insert into Riders (riderId, ridername) values (220, 'Lamont');
insert into Riders (riderId, ridername) values (221, 'Kaylyn');
insert into Riders (riderId, ridername) values (222, 'Johan');
insert into Riders (riderId, ridername) values (223, 'Elmore');
insert into Riders (riderId, ridername) values (224, 'Alden');
insert into Riders (riderId, ridername) values (225, 'Billi');
insert into Riders (riderId, ridername) values (226, 'Kris');
insert into Riders (riderId, ridername) values (227, 'Babb');
insert into Riders (riderId, ridername) values (228, 'Rosabella');
insert into Riders (riderId, ridername) values (229, 'Linc');
insert into Riders (riderId, ridername) values (230, 'Rafi');
insert into Riders (riderId, ridername) values (231, 'Patin');
insert into Riders (riderId, ridername) values (232, 'Jessica');
insert into Riders (riderId, ridername) values (233, 'Janith');
insert into Riders (riderId, ridername) values (234, 'Dory');
insert into Riders (riderId, ridername) values (235, 'Conroy');
insert into Riders (riderId, ridername) values (236, 'Oswald');
insert into Riders (riderId, ridername) values (237, 'Vivian');
insert into Riders (riderId, ridername) values (238, 'Kippy');
insert into Riders (riderId, ridername) values (239, 'Dannie');
insert into Riders (riderId, ridername) values (240, 'Haley');
insert into Riders (riderId, ridername) values (241, 'Christoph');
insert into Riders (riderId, ridername) values (242, 'Mavis');
insert into Riders (riderId, ridername) values (243, 'Hoyt');
insert into Riders (riderId, ridername) values (244, 'Malchy');
insert into Riders (riderId, ridername) values (245, 'Layton');
insert into Riders (riderId, ridername) values (246, 'Minna');
insert into Riders (riderId, ridername) values (247, 'Thain');
insert into Riders (riderId, ridername) values (248, 'Francesca');
insert into Riders (riderId, ridername) values (249, 'Shela');
insert into Riders (riderId, ridername) values (250, 'Martino');
insert into Riders (riderId, ridername) values (251, 'Idell');
insert into Riders (riderId, ridername) values (252, 'Mickie');
insert into Riders (riderId, ridername) values (253, 'Carlie');
insert into Riders (riderId, ridername) values (254, 'Fair');
insert into Riders (riderId, ridername) values (255, 'Ernest');
insert into Riders (riderId, ridername) values (256, 'Burg');
insert into Riders (riderId, ridername) values (257, 'Nadiya');
insert into Riders (riderId, ridername) values (258, 'Ninette');
insert into Riders (riderId, ridername) values (259, 'Earl');
insert into Riders (riderId, ridername) values (260, 'Emyle');
insert into Riders (riderId, ridername) values (261, 'Simone');
insert into Riders (riderId, ridername) values (262, 'Damara');
insert into Riders (riderId, ridername) values (263, 'Lenore');
insert into Riders (riderId, ridername) values (264, 'Agnola');
insert into Riders (riderId, ridername) values (265, 'Anabelle');
insert into Riders (riderId, ridername) values (266, 'Elvyn');
insert into Riders (riderId, ridername) values (267, 'Lauralee');
insert into Riders (riderId, ridername) values (268, 'Lucias');
insert into Riders (riderId, ridername) values (269, 'Sonny');
insert into Riders (riderId, ridername) values (270, 'Faulkner');
insert into Riders (riderId, ridername) values (271, 'Margarita');
insert into Riders (riderId, ridername) values (272, 'Hillary');
insert into Riders (riderId, ridername) values (273, 'Natale');
insert into Riders (riderId, ridername) values (274, 'Stafani');
insert into Riders (riderId, ridername) values (275, 'Scotty');
insert into Riders (riderId, ridername) values (276, 'Smitty');
insert into Riders (riderId, ridername) values (277, 'Franz');
insert into Riders (riderId, ridername) values (278, 'Siouxie');
insert into Riders (riderId, ridername) values (279, 'Lem');
insert into Riders (riderId, ridername) values (280, 'Neil');
insert into Riders (riderId, ridername) values (281, 'Jeri');
insert into Riders (riderId, ridername) values (282, 'Eryn');
insert into Riders (riderId, ridername) values (283, 'Henri');
insert into Riders (riderId, ridername) values (284, 'Harlene');
insert into Riders (riderId, ridername) values (285, 'Dunstan');
insert into Riders (riderId, ridername) values (286, 'Robina');
insert into Riders (riderId, ridername) values (287, 'Amii');
insert into Riders (riderId, ridername) values (288, 'Kylie');
insert into Riders (riderId, ridername) values (289, 'Geri');
insert into Riders (riderId, ridername) values (290, 'Diann');
insert into Riders (riderId, ridername) values (291, 'Onida');
insert into Riders (riderId, ridername) values (292, 'Tedman');
insert into Riders (riderId, ridername) values (293, 'Ardys');
insert into Riders (riderId, ridername) values (294, 'Cece');
insert into Riders (riderId, ridername) values (295, 'Ralina');
insert into Riders (riderId, ridername) values (296, 'Lyndsay');
insert into Riders (riderId, ridername) values (297, 'Vito');
insert into Riders (riderId, ridername) values (298, 'Garald');
insert into Riders (riderId, ridername) values (299, 'Olympie');
insert into Riders (riderId, ridername) values (300, 'Fabien');

insert into ShiftDay (ShiftDayId, StartDay, EndDay) values (1,'Monday', 'Friday');
insert into ShiftDay (ShiftDayId, StartDay, EndDay) values (2,'Tuesday', 'Saturday');
insert into ShiftDay (ShiftDayId, StartDay, EndDay) values (3,'Wednesday', 'Sunday');
insert into ShiftDay (ShiftDayId, StartDay, EndDay) values (4,'Thursday', 'Monday');
insert into ShiftDay (ShiftDayId, StartDay, EndDay) values (5,'Friday', 'Tuesday');
insert into ShiftDay (ShiftDayId, StartDay, EndDay) values (6,'Saturday', 'Wednesday');
insert into ShiftDay (ShiftDayId, StartDay, EndDay) values (7,'Sunday', 'Thursday');

insert into ShiftHour (ShiftHourId, FirstHalfStart, FirstHalfEnd, SecondHalfStart, SecondHalfEnd) values (1, 10, 14, 15, 19);
insert into ShiftHour (ShiftHourId, FirstHalfStart, FirstHalfEnd, SecondHalfStart, SecondHalfEnd) values (2, 11, 15, 16, 20);
insert into ShiftHour (ShiftHourId, FirstHalfStart, FirstHalfEnd, SecondHalfStart, SecondHalfEnd) values (3, 12, 16, 17, 21);
insert into ShiftHour (ShiftHourId, FirstHalfStart, FirstHalfEnd, SecondHalfStart, SecondHalfEnd) values (4, 13, 17, 18, 22);


insert into MWS (MWSId) values (1);
insert into MWS (MWSId) values (2);
insert into MWS (MWSId) values (3);
insert into MWS (MWSId) values (4);
insert into MWS (MWSId) values (5);
insert into MWS (MWSId) values (6);
insert into MWS (MWSId) values (7);
insert into MWS (MWSId) values (8);
insert into MWS (MWSId) values (9);
insert into MWS (MWSId) values (10);
insert into MWS (MWSId) values (11);
insert into MWS (MWSId) values (12);
insert into MWS (MWSId) values (13);
insert into MWS (MWSId) values (14);
insert into MWS (MWSId) values (15);


insert into sessions (sessionsid, totalhours, endinterval, startinterval) values (1,1,11,10);
insert into sessions (sessionsid, totalhours, endinterval, startinterval) values (2,1,12,11);
insert into sessions (sessionsid, totalhours, endinterval, startinterval) values (3,1,13,12);
insert into sessions (sessionsid, totalhours, endinterval, startinterval) values (4,1,14,13);
insert into sessions (sessionsid, totalhours, endinterval, startinterval) values (5,1,15,14);
insert into sessions (sessionsid, totalhours, endinterval, startinterval) values (6,1,16,15);
insert into sessions (sessionsid, totalhours, endinterval, startinterval) values (7,1,17,16);
insert into sessions (sessionsid, totalhours, endinterval, startinterval) values (8,1,18,17);
insert into sessions (sessionsid, totalhours, endinterval, startinterval) values (9,1,19,18);
insert into sessions (sessionsid, totalhours, endinterval, startinterval) values (10,1,20,19);
insert into sessions (sessionsid, totalhours, endinterval, startinterval) values (11,1,21,20);
insert into sessions (sessionsid, totalhours, endinterval, startinterval) values (12,1,22,21);
insert into sessions (sessionsid, totalhours, endinterval, startinterval) values (13,2,12,10);
insert into sessions (sessionsid, totalhours, endinterval, startinterval) values (14,2,13,11);
insert into sessions (sessionsid, totalhours, endinterval, startinterval) values (15,2,14,12);
insert into sessions (sessionsid, totalhours, endinterval, startinterval) values (16,2,15,13);
insert into sessions (sessionsid, totalhours, endinterval, startinterval) values (17,2,16,14);
insert into sessions (sessionsid, totalhours, endinterval, startinterval) values (18,2,17,15);
insert into sessions (sessionsid, totalhours, endinterval, startinterval) values (19,2,18,16);
insert into sessions (sessionsid, totalhours, endinterval, startinterval) values (20,2,19,17);
insert into sessions (sessionsid, totalhours, endinterval, startinterval) values (21,2,20,18);
insert into sessions (sessionsid, totalhours, endinterval, startinterval) values (22,2,21,19);
insert into sessions (sessionsid, totalhours, endinterval, startinterval) values (23,2,22,20);

insert into Delivers (did, deliveryfee, customerplaceorder, ridergotorest, rideratrest, riderleftrest, riderdeliverorder, riderid, rating) values (1, 12.29, '2019-09-16 11:31:40', '2019-10-29 04:53:24', '2019-11-03 21:48:48', '2019-07-15 16:51:44', '2019-07-28 09:36:23', 256, 3);
insert into Delivers (did, deliveryfee, customerplaceorder, ridergotorest, rideratrest, riderleftrest, riderdeliverorder, riderid, rating) values (2, 52.66, '2020-02-18 02:52:19', '2019-12-24 08:41:05', '2020-01-31 05:02:22', '2019-05-05 03:34:05', '2019-09-26 12:59:06', 55, 5);
insert into Delivers (did, deliveryfee, customerplaceorder, ridergotorest, rideratrest, riderleftrest, riderdeliverorder, riderid, rating) values (3, 55.86, '2020-02-16 05:54:02', '2020-03-14 09:57:49', '2019-11-10 16:25:56', '2019-06-01 06:58:14', '2019-07-21 04:43:46', 60, 0);
insert into Delivers (did, deliveryfee, customerplaceorder, ridergotorest, rideratrest, riderleftrest, riderdeliverorder, riderid, rating) values (4, 90.58, '2020-03-02 08:16:09', '2019-07-06 11:06:15', '2020-02-28 21:29:08', '2019-10-04 15:13:24', '2020-01-04 16:10:25', 146, 10);
insert into Delivers (did, deliveryfee, customerplaceorder, ridergotorest, rideratrest, riderleftrest, riderdeliverorder, riderid, rating) values (5, 41.09, '2019-10-17 01:29:48', '2019-06-07 13:50:28', '2019-09-28 11:04:36', '2020-01-30 08:33:58', '2020-03-23 14:58:11', 122, 1);
insert into Delivers (did, deliveryfee, customerplaceorder, ridergotorest, rideratrest, riderleftrest, riderdeliverorder, riderid, rating) values (6, 12.91, '2019-07-03 21:48:52', '2019-12-17 22:29:19', '2019-06-21 07:40:38', '2019-05-26 17:56:39', '2019-09-03 15:11:58', 230, 3);
insert into Delivers (did, deliveryfee, customerplaceorder, ridergotorest, rideratrest, riderleftrest, riderdeliverorder, riderid, rating) values (7, 98.05, '2019-04-02 21:23:13', '2019-06-08 06:51:56', '2019-08-03 19:57:30', '2019-11-26 20:04:03', '2019-04-10 11:02:27', 202, 5);
insert into Delivers (did, deliveryfee, customerplaceorder, ridergotorest, rideratrest, riderleftrest, riderdeliverorder, riderid, rating) values (8, 87.9, '2019-05-08 21:55:59', '2020-02-24 06:48:54', '2019-07-31 02:50:28', '2019-09-20 05:30:04', '2020-03-20 17:46:29', 155, 6);
insert into Delivers (did, deliveryfee, customerplaceorder, ridergotorest, rideratrest, riderleftrest, riderdeliverorder, riderid, rating) values (9, 50.24, '2019-12-27 12:06:18', '2019-05-14 22:22:50', '2019-04-05 16:28:03', '2019-07-01 18:26:41', '2019-07-29 01:07:50', 43, 0);
insert into Delivers (did, deliveryfee, customerplaceorder, ridergotorest, rideratrest, riderleftrest, riderdeliverorder, riderid, rating) values (10, 51.2, '2020-03-27 23:46:08', '2019-06-08 11:06:48', '2019-07-05 09:19:01', '2019-09-17 03:55:35', '2019-12-31 22:29:28', 257, 6);
insert into Delivers (did, deliveryfee, customerplaceorder, ridergotorest, rideratrest, riderleftrest, riderdeliverorder, riderid, rating) values (11, 42.96, '2019-08-25 19:55:20', '2019-07-25 15:26:48', '2019-09-12 07:52:30', '2020-01-29 09:59:04', '2019-08-01 05:14:58', 218, 4);
insert into Delivers (did, deliveryfee, customerplaceorder, ridergotorest, rideratrest, riderleftrest, riderdeliverorder, riderid, rating) values (12, 23.5, '2019-08-26 10:35:06', '2019-09-10 14:25:18', '2019-09-21 13:06:22', '2020-03-14 23:03:57', '2019-10-07 07:14:50', 179, 3);
insert into Delivers (did, deliveryfee, customerplaceorder, ridergotorest, rideratrest, riderleftrest, riderdeliverorder, riderid, rating) values (13, 5.53, '2020-03-27 13:37:19', '2020-01-05 16:36:38', '2019-06-22 02:45:51', '2019-08-28 19:21:25', '2020-02-25 00:23:50', 252, 8);
insert into Delivers (did, deliveryfee, customerplaceorder, ridergotorest, rideratrest, riderleftrest, riderdeliverorder, riderid, rating) values (14, 50.24, '2019-10-27 13:00:13', '2019-09-19 13:35:57', '2019-10-20 21:05:24', '2019-09-06 17:54:31', '2019-07-18 13:15:12', 163, 6);
insert into Delivers (did, deliveryfee, customerplaceorder, ridergotorest, rideratrest, riderleftrest, riderdeliverorder, riderid, rating) values (15, 73.97, '2020-02-26 23:11:08', '2020-02-28 09:59:46', '2020-02-02 16:23:28', '2019-06-19 08:32:34', '2019-10-12 14:48:48', 57, 0);
insert into Delivers (did, deliveryfee, customerplaceorder, ridergotorest, rideratrest, riderleftrest, riderdeliverorder, riderid, rating) values (16, 8.01, '2019-12-07 03:53:50', '2020-03-13 16:42:55', '2020-01-17 01:21:36', '2019-04-12 10:03:04', '2019-10-28 15:39:32', 294, 4);
insert into Delivers (did, deliveryfee, customerplaceorder, ridergotorest, rideratrest, riderleftrest, riderdeliverorder, riderid, rating) values (17, 89.03, '2019-08-07 17:04:00', '2019-11-08 17:05:29', '2020-02-24 03:26:14', '2019-07-05 01:54:21', '2019-11-11 08:07:11', 128, 7);
insert into Delivers (did, deliveryfee, customerplaceorder, ridergotorest, rideratrest, riderleftrest, riderdeliverorder, riderid, rating) values (18, 4.22, '2019-12-08 06:35:14', '2019-05-16 02:22:56', '2019-05-15 00:25:05', '2020-02-22 10:40:23', '2019-04-22 04:10:00', 63, 5);
insert into Delivers (did, deliveryfee, customerplaceorder, ridergotorest, rideratrest, riderleftrest, riderdeliverorder, riderid, rating) values (19, 97.56, '2019-06-10 02:52:40', '2019-06-04 17:01:48', '2019-11-11 06:57:59', '2019-06-07 15:02:23', '2019-04-04 13:10:41', 113, 0);
insert into Delivers (did, deliveryfee, customerplaceorder, ridergotorest, rideratrest, riderleftrest, riderdeliverorder, riderid, rating) values (20, 46.22, '2020-03-05 15:25:01', '2019-11-20 04:02:15', '2019-08-28 15:51:25', '2020-01-30 22:27:33', '2019-08-15 22:34:29', 181, 8);
insert into Delivers (did, deliveryfee, customerplaceorder, ridergotorest, rideratrest, riderleftrest, riderdeliverorder, riderid, rating) values (21, 26.59, '2020-03-02 05:41:40', '2019-06-04 07:20:28', '2020-02-23 14:08:34', '2020-03-18 22:16:21', '2020-01-06 06:13:57', 91, 4);
insert into Delivers (did, deliveryfee, customerplaceorder, ridergotorest, rideratrest, riderleftrest, riderdeliverorder, riderid, rating) values (22, 61.68, '2019-09-16 07:42:05', '2019-08-24 16:57:52', '2020-01-26 14:36:47', '2019-07-11 21:59:58', '2019-04-07 03:28:59', 292, 7);
insert into Delivers (did, deliveryfee, customerplaceorder, ridergotorest, rideratrest, riderleftrest, riderdeliverorder, riderid, rating) values (23, 88.62, '2019-06-29 03:17:30', '2019-04-15 09:55:39', '2019-05-21 12:12:17', '2020-03-27 02:56:29', '2019-06-08 17:52:30', 211, 1);
insert into Delivers (did, deliveryfee, customerplaceorder, ridergotorest, rideratrest, riderleftrest, riderdeliverorder, riderid, rating) values (24, 52.21, '2019-11-06 16:53:26', '2019-08-30 03:19:42', '2019-04-03 16:46:24', '2019-05-27 17:01:17', '2019-10-10 15:07:15', 223, 3);
insert into Delivers (did, deliveryfee, customerplaceorder, ridergotorest, rideratrest, riderleftrest, riderdeliverorder, riderid, rating) values (25, 20.94, '2020-03-06 05:28:09', '2019-07-07 03:51:54', '2019-09-18 13:00:39', '2019-09-13 20:06:20', '2019-10-31 18:48:50', 84, 9);
insert into Delivers (did, deliveryfee, customerplaceorder, ridergotorest, rideratrest, riderleftrest, riderdeliverorder, riderid, rating) values (26, 54.11, '2019-07-05 07:52:56', '2019-05-27 06:30:25', '2020-02-28 11:32:31', '2019-09-12 20:04:32', '2019-07-20 17:12:23', 77, 9);
insert into Delivers (did, deliveryfee, customerplaceorder, ridergotorest, rideratrest, riderleftrest, riderdeliverorder, riderid, rating) values (27, 97.57, '2020-02-13 08:35:09', '2020-01-08 14:48:06', '2020-01-12 16:37:46', '2019-08-21 13:25:50', '2019-10-30 01:40:49', 291, 6);
insert into Delivers (did, deliveryfee, customerplaceorder, ridergotorest, rideratrest, riderleftrest, riderdeliverorder, riderid, rating) values (28, 67.48, '2019-10-22 00:36:42', '2019-09-10 02:44:10', '2019-08-19 16:40:18', '2019-08-08 01:36:47', '2020-02-11 17:39:07', 181, 4);
insert into Delivers (did, deliveryfee, customerplaceorder, ridergotorest, rideratrest, riderleftrest, riderdeliverorder, riderid, rating) values (29, 65.12, '2019-07-28 09:14:45', '2019-09-03 22:25:58', '2019-07-13 22:17:01', '2019-12-06 07:44:34', '2019-04-07 00:04:24', 98, 5);
insert into Delivers (did, deliveryfee, customerplaceorder, ridergotorest, rideratrest, riderleftrest, riderdeliverorder, riderid, rating) values (30, 71.9, '2020-03-11 08:53:29', '2020-01-05 00:05:46', '2019-11-25 17:52:08', '2019-10-02 21:11:49', '2019-11-04 07:13:31', 125, 3);
insert into Delivers (did, deliveryfee, customerplaceorder, ridergotorest, rideratrest, riderleftrest, riderdeliverorder, riderid, rating) values (31, 15.71, '2019-08-16 05:40:50', '2019-11-05 22:24:48', '2020-03-06 20:43:27', '2020-02-08 14:12:27', '2020-02-10 20:35:46', 112, 6);
insert into Delivers (did, deliveryfee, customerplaceorder, ridergotorest, rideratrest, riderleftrest, riderdeliverorder, riderid, rating) values (32, 16.54, '2019-04-20 08:02:09', '2020-02-24 05:43:47', '2020-01-11 09:14:59', '2020-03-28 18:36:04', '2019-10-20 08:07:46', 282, 6);
insert into Delivers (did, deliveryfee, customerplaceorder, ridergotorest, rideratrest, riderleftrest, riderdeliverorder, riderid, rating) values (33, 51.13, '2019-04-21 14:45:35', '2020-03-22 04:46:25', '2019-10-06 10:58:36', '2020-03-16 07:47:39', '2019-05-29 23:52:27', 110, 9);
insert into Delivers (did, deliveryfee, customerplaceorder, ridergotorest, rideratrest, riderleftrest, riderdeliverorder, riderid, rating) values (34, 24.27, '2019-04-13 07:16:04', '2020-01-15 14:42:58', '2019-11-01 21:14:00', '2019-06-28 22:53:56', '2020-01-19 17:52:51', 125, 5);
insert into Delivers (did, deliveryfee, customerplaceorder, ridergotorest, rideratrest, riderleftrest, riderdeliverorder, riderid, rating) values (35, 20.91, '2020-01-17 12:55:19', '2019-04-03 19:09:54', '2020-01-24 09:51:55', '2020-03-12 12:21:53', '2019-06-12 19:23:58', 164, 3);
insert into Delivers (did, deliveryfee, customerplaceorder, ridergotorest, rideratrest, riderleftrest, riderdeliverorder, riderid, rating) values (36, 41.24, '2019-05-29 15:50:00', '2019-04-10 01:09:05', '2019-11-06 09:14:37', '2019-04-06 13:39:10', '2019-11-15 12:11:31', 250, 5);
insert into Delivers (did, deliveryfee, customerplaceorder, ridergotorest, rideratrest, riderleftrest, riderdeliverorder, riderid, rating) values (37, 77.55, '2019-08-27 09:23:35', '2019-05-17 23:04:35', '2019-06-27 11:28:31', '2020-03-16 10:36:57', '2019-07-01 00:34:46', 105, 5);
insert into Delivers (did, deliveryfee, customerplaceorder, ridergotorest, rideratrest, riderleftrest, riderdeliverorder, riderid, rating) values (38, 53.31, '2019-04-08 06:53:46', '2019-08-20 08:25:29', '2019-12-18 22:36:27', '2019-04-06 14:43:55', '2019-06-02 20:41:34', 31, 1);
insert into Delivers (did, deliveryfee, customerplaceorder, ridergotorest, rideratrest, riderleftrest, riderdeliverorder, riderid, rating) values (39, 73.95, '2019-08-11 10:35:13', '2020-01-21 04:13:24', '2019-10-19 10:25:51', '2019-08-30 21:01:11', '2019-07-25 17:36:39', 226, 8);
insert into Delivers (did, deliveryfee, customerplaceorder, ridergotorest, rideratrest, riderleftrest, riderdeliverorder, riderid, rating) values (40, 22.21, '2019-05-10 02:33:03', '2019-12-27 02:02:01', '2019-12-06 15:45:14', '2020-01-23 20:41:10', '2019-11-28 12:33:45', 278, 4);
insert into Delivers (did, deliveryfee, customerplaceorder, ridergotorest, rideratrest, riderleftrest, riderdeliverorder, riderid, rating) values (41, 10.4, '2020-03-11 17:49:00', '2020-01-28 17:45:42', '2019-08-04 11:07:32', '2019-04-16 18:14:47', '2019-06-05 07:23:56', 65, 7);
insert into Delivers (did, deliveryfee, customerplaceorder, ridergotorest, rideratrest, riderleftrest, riderdeliverorder, riderid, rating) values (42, 86.58, '2019-10-31 07:57:40', '2019-09-15 22:18:14', '2019-05-18 22:14:34', '2020-01-20 11:17:37', '2020-01-11 20:30:05', 282, 8);
insert into Delivers (did, deliveryfee, customerplaceorder, ridergotorest, rideratrest, riderleftrest, riderdeliverorder, riderid, rating) values (43, 39.77, '2019-07-31 00:17:38', '2020-01-30 18:58:50', '2019-09-04 12:10:31', '2019-08-03 23:03:04', '2019-12-16 18:47:22', 260, 5);
insert into Delivers (did, deliveryfee, customerplaceorder, ridergotorest, rideratrest, riderleftrest, riderdeliverorder, riderid, rating) values (44, 1.45, '2019-04-07 17:44:05', '2019-05-22 15:11:25', '2019-06-17 05:08:27', '2019-06-15 17:51:02', '2019-10-12 11:39:54', 30, 8);
insert into Delivers (did, deliveryfee, customerplaceorder, ridergotorest, rideratrest, riderleftrest, riderdeliverorder, riderid, rating) values (45, 41.83, '2019-07-15 06:50:26', '2020-01-13 17:01:13', '2019-08-03 22:48:26', '2020-03-27 06:47:30', '2019-10-11 16:35:50', 95, 8);
insert into Delivers (did, deliveryfee, customerplaceorder, ridergotorest, rideratrest, riderleftrest, riderdeliverorder, riderid, rating) values (46, 81.53, '2019-11-20 23:20:21', '2019-08-04 05:01:58', '2019-07-15 09:27:21', '2020-01-04 07:56:51', '2020-03-10 04:03:41', 277, 10);
insert into Delivers (did, deliveryfee, customerplaceorder, ridergotorest, rideratrest, riderleftrest, riderdeliverorder, riderid, rating) values (47, 67.24, '2019-04-09 23:54:23', '2020-03-17 11:49:28', '2019-10-15 22:46:50', '2020-03-16 10:08:04', '2019-07-17 05:17:30', 36, 7);
insert into Delivers (did, deliveryfee, customerplaceorder, ridergotorest, rideratrest, riderleftrest, riderdeliverorder, riderid, rating) values (48, 69.78, '2019-11-27 15:28:08', '2020-02-25 10:13:43', '2019-11-05 13:32:33', '2019-04-21 11:53:08', '2020-01-06 17:05:37', 198, 0);
insert into Delivers (did, deliveryfee, customerplaceorder, ridergotorest, rideratrest, riderleftrest, riderdeliverorder, riderid, rating) values (49, 36.28, '2020-03-13 11:58:05', '2019-10-15 18:30:09', '2019-04-11 17:07:54', '2019-07-08 06:08:35', '2019-06-23 01:41:47', 49, 7);
insert into Delivers (did, deliveryfee, customerplaceorder, ridergotorest, rideratrest, riderleftrest, riderdeliverorder, riderid, rating) values (50, 97.76, '2020-03-29 08:58:12', '2020-03-26 04:24:47', '2019-07-13 14:02:26', '2019-08-09 16:12:26', '2019-07-25 06:12:11', 212, 1);
insert into Delivers (did, deliveryfee, customerplaceorder, ridergotorest, rideratrest, riderleftrest, riderdeliverorder, riderid, rating) values (51, 66.58, '2020-03-09 04:11:00', '2019-07-16 08:48:10', '2020-01-23 10:23:50', '2020-03-09 13:29:30', '2019-09-18 01:34:25', 207, 5);
insert into Delivers (did, deliveryfee, customerplaceorder, ridergotorest, rideratrest, riderleftrest, riderdeliverorder, riderid, rating) values (52, 57.19, '2019-04-23 04:36:15', '2020-03-08 08:08:26', '2019-09-27 11:42:57', '2019-12-04 10:01:21', '2020-02-07 14:33:53', 237, 4);
insert into Delivers (did, deliveryfee, customerplaceorder, ridergotorest, rideratrest, riderleftrest, riderdeliverorder, riderid, rating) values (53, 89.55, '2019-06-19 06:34:05', '2019-12-18 22:06:46', '2019-04-23 17:14:58', '2019-05-27 09:02:44', '2020-01-26 03:56:29', 273, 8);
insert into Delivers (did, deliveryfee, customerplaceorder, ridergotorest, rideratrest, riderleftrest, riderdeliverorder, riderid, rating) values (54, 79.11, '2019-09-02 10:01:23', '2019-12-31 07:50:59', '2019-05-07 18:34:52', '2020-02-27 04:38:59', '2020-03-13 09:45:18', 38, 3);
insert into Delivers (did, deliveryfee, customerplaceorder, ridergotorest, rideratrest, riderleftrest, riderdeliverorder, riderid, rating) values (55, 14.04, '2019-05-28 23:47:40', '2019-09-17 16:01:38', '2019-04-15 07:18:56', '2019-08-03 00:00:52', '2019-12-18 15:51:36', 242, 1);
insert into Delivers (did, deliveryfee, customerplaceorder, ridergotorest, rideratrest, riderleftrest, riderdeliverorder, riderid, rating) values (56, 28.83, '2020-02-22 22:36:36', '2019-08-11 07:13:11', '2019-08-14 02:17:09', '2019-06-27 22:26:14', '2020-01-14 20:04:08', 230, 3);
insert into Delivers (did, deliveryfee, customerplaceorder, ridergotorest, rideratrest, riderleftrest, riderdeliverorder, riderid, rating) values (57, 66.51, '2019-10-29 06:21:58', '2019-10-23 20:21:37', '2019-11-11 13:26:10', '2019-11-07 11:44:33', '2019-12-24 12:42:10', 234, 3);
insert into Delivers (did, deliveryfee, customerplaceorder, ridergotorest, rideratrest, riderleftrest, riderdeliverorder, riderid, rating) values (58, 14.58, '2019-10-28 02:35:14', '2020-02-07 02:13:38', '2019-08-02 15:01:32', '2019-11-30 23:22:28', '2020-03-12 01:37:47', 272, 7);
insert into Delivers (did, deliveryfee, customerplaceorder, ridergotorest, rideratrest, riderleftrest, riderdeliverorder, riderid, rating) values (59, 67.45, '2019-11-25 21:51:35', '2020-02-10 05:48:32', '2019-07-19 04:50:45', '2019-08-08 17:21:41', '2019-11-07 02:15:02', 243, 2);
insert into Delivers (did, deliveryfee, customerplaceorder, ridergotorest, rideratrest, riderleftrest, riderdeliverorder, riderid, rating) values (60, 49.65, '2019-09-07 16:25:02', '2019-06-22 14:45:41', '2020-02-12 03:28:36', '2020-01-29 08:40:45', '2019-06-02 13:15:07', 172, 6);
insert into Delivers (did, deliveryfee, customerplaceorder, ridergotorest, rideratrest, riderleftrest, riderdeliverorder, riderid, rating) values (61, 46.18, '2019-05-23 23:30:17', '2019-07-23 10:37:13', '2019-12-10 03:28:15', '2019-04-13 00:33:39', '2019-09-01 11:15:27', 245, 0);
insert into Delivers (did, deliveryfee, customerplaceorder, ridergotorest, rideratrest, riderleftrest, riderdeliverorder, riderid, rating) values (62, 29.11, '2019-06-24 14:42:49', '2019-06-20 10:34:23', '2019-11-26 14:56:19', '2020-03-05 13:15:52', '2020-01-02 06:07:57', 290, 3);
insert into Delivers (did, deliveryfee, customerplaceorder, ridergotorest, rideratrest, riderleftrest, riderdeliverorder, riderid, rating) values (63, 60.7, '2019-08-26 06:00:05', '2019-05-10 10:48:57', '2019-06-26 03:24:32', '2019-12-05 03:44:50', '2020-03-28 21:49:04', 295, 4);
insert into Delivers (did, deliveryfee, customerplaceorder, ridergotorest, rideratrest, riderleftrest, riderdeliverorder, riderid, rating) values (64, 76.52, '2019-12-30 18:46:14', '2020-03-26 18:28:48', '2019-09-19 07:29:07', '2019-07-13 13:06:10', '2020-03-15 17:57:34', 227, 2);
insert into Delivers (did, deliveryfee, customerplaceorder, ridergotorest, rideratrest, riderleftrest, riderdeliverorder, riderid, rating) values (65, 85.46, '2019-09-04 11:59:35', '2019-04-04 21:50:37', '2019-11-13 07:15:48', '2019-04-25 05:29:52', '2019-07-18 08:02:47', 8, 6);
insert into Delivers (did, deliveryfee, customerplaceorder, ridergotorest, rideratrest, riderleftrest, riderdeliverorder, riderid, rating) values (66, 58.47, '2019-07-07 16:15:10', '2019-05-25 20:32:55', '2019-12-18 00:47:19', '2019-07-15 00:39:40', '2020-03-22 08:34:30', 2, 8);
insert into Delivers (did, deliveryfee, customerplaceorder, ridergotorest, rideratrest, riderleftrest, riderdeliverorder, riderid, rating) values (67, 58.63, '2020-01-12 09:28:33', '2019-10-17 13:01:23', '2020-03-08 03:17:31', '2019-07-20 04:10:55', '2019-04-15 23:56:05', 253, 9);
insert into Delivers (did, deliveryfee, customerplaceorder, ridergotorest, rideratrest, riderleftrest, riderdeliverorder, riderid, rating) values (68, 23.45, '2019-12-21 14:15:37', '2019-08-22 14:32:45', '2019-09-26 05:35:51', '2019-10-05 12:01:42', '2020-02-07 08:05:25', 106, 10);
insert into Delivers (did, deliveryfee, customerplaceorder, ridergotorest, rideratrest, riderleftrest, riderdeliverorder, riderid, rating) values (69, 15.91, '2019-06-11 07:14:29', '2019-07-17 08:06:58', '2019-11-04 05:07:44', '2019-12-06 20:20:02', '2019-08-13 17:04:03', 220, 7);
insert into Delivers (did, deliveryfee, customerplaceorder, ridergotorest, rideratrest, riderleftrest, riderdeliverorder, riderid, rating) values (70, 37.54, '2019-12-30 10:07:52', '2019-07-30 05:42:20', '2019-06-19 22:44:23', '2020-01-25 21:47:01', '2019-05-27 05:32:03', 125, 2);
insert into Delivers (did, deliveryfee, customerplaceorder, ridergotorest, rideratrest, riderleftrest, riderdeliverorder, riderid, rating) values (71, 19.65, '2019-10-21 10:22:28', '2020-03-24 17:34:18', '2019-05-25 12:32:11', '2019-11-02 07:11:01', '2019-10-05 12:54:48', 286, 10);
insert into Delivers (did, deliveryfee, customerplaceorder, ridergotorest, rideratrest, riderleftrest, riderdeliverorder, riderid, rating) values (72, 18.98, '2019-07-28 00:47:05', '2019-11-06 03:46:15', '2019-09-24 02:01:02', '2019-08-07 11:15:44', '2019-12-02 15:45:36', 202, 9);
insert into Delivers (did, deliveryfee, customerplaceorder, ridergotorest, rideratrest, riderleftrest, riderdeliverorder, riderid, rating) values (73, 65.79, '2019-12-17 12:04:30', '2019-08-03 07:51:01', '2020-01-04 22:16:14', '2020-03-14 10:14:46', '2020-02-04 23:29:45', 87, 7);
insert into Delivers (did, deliveryfee, customerplaceorder, ridergotorest, rideratrest, riderleftrest, riderdeliverorder, riderid, rating) values (74, 77.46, '2019-08-26 16:37:46', '2020-01-31 23:29:56', '2019-05-30 10:01:50', '2019-11-30 02:21:38', '2019-04-08 16:55:37', 226, 6);
insert into Delivers (did, deliveryfee, customerplaceorder, ridergotorest, rideratrest, riderleftrest, riderdeliverorder, riderid, rating) values (75, 17.59, '2020-02-05 20:55:56', '2020-03-14 02:48:10', '2020-01-22 14:56:47', '2020-03-02 14:25:52', '2019-04-21 03:29:39', 59, 7);
insert into Delivers (did, deliveryfee, customerplaceorder, ridergotorest, rideratrest, riderleftrest, riderdeliverorder, riderid, rating) values (76, 18.38, '2019-07-07 13:11:47', '2020-01-24 06:19:35', '2019-04-21 03:15:18', '2019-09-18 14:53:18', '2020-02-18 08:23:31', 289, 3);
insert into Delivers (did, deliveryfee, customerplaceorder, ridergotorest, rideratrest, riderleftrest, riderdeliverorder, riderid, rating) values (77, 97.96, '2019-12-19 07:22:26', '2019-12-29 07:32:20', '2019-10-10 12:48:44', '2019-05-07 08:50:31', '2019-12-28 23:27:18', 226, 0);
insert into Delivers (did, deliveryfee, customerplaceorder, ridergotorest, rideratrest, riderleftrest, riderdeliverorder, riderid, rating) values (78, 60.75, '2020-03-01 15:33:25', '2020-01-19 03:56:16', '2020-02-21 12:10:56', '2019-11-15 18:58:37', '2019-08-11 03:58:00', 140, 1);
insert into Delivers (did, deliveryfee, customerplaceorder, ridergotorest, rideratrest, riderleftrest, riderdeliverorder, riderid, rating) values (79, 93.87, '2019-12-31 23:32:07', '2020-01-09 01:40:36', '2019-11-25 01:29:23', '2019-04-27 18:09:52', '2019-10-04 10:45:04', 248, 7);
insert into Delivers (did, deliveryfee, customerplaceorder, ridergotorest, rideratrest, riderleftrest, riderdeliverorder, riderid, rating) values (80, 85.3, '2020-03-11 19:45:12', '2019-12-10 19:52:45', '2019-09-24 09:04:44', '2019-05-27 08:24:47', '2020-03-12 14:41:15', 282, 10);
insert into Delivers (did, deliveryfee, customerplaceorder, ridergotorest, rideratrest, riderleftrest, riderdeliverorder, riderid, rating) values (81, 94.72, '2019-11-06 23:00:24', '2020-03-02 06:44:04', '2019-07-06 02:41:55', '2020-01-03 06:37:27', '2019-11-21 08:10:17', 34, 3);
insert into Delivers (did, deliveryfee, customerplaceorder, ridergotorest, rideratrest, riderleftrest, riderdeliverorder, riderid, rating) values (82, 80.34, '2019-09-03 19:14:20', '2019-05-06 01:58:07', '2019-08-27 09:22:02', '2019-10-09 00:49:48', '2019-04-12 08:12:10', 34, 7);
insert into Delivers (did, deliveryfee, customerplaceorder, ridergotorest, rideratrest, riderleftrest, riderdeliverorder, riderid, rating) values (83, 57.61, '2019-09-08 01:53:24', '2019-06-07 07:56:29', '2019-04-30 17:18:32', '2019-06-25 06:43:00', '2020-01-29 07:09:07', 114, 6);
insert into Delivers (did, deliveryfee, customerplaceorder, ridergotorest, rideratrest, riderleftrest, riderdeliverorder, riderid, rating) values (84, 87.91, '2019-04-17 15:38:04', '2019-09-28 10:39:33', '2019-04-17 01:56:49', '2019-08-15 06:18:29', '2020-02-07 01:38:33', 38, 4);
insert into Delivers (did, deliveryfee, customerplaceorder, ridergotorest, rideratrest, riderleftrest, riderdeliverorder, riderid, rating) values (85, 29.16, '2019-05-23 22:42:45', '2019-09-13 21:50:21', '2019-12-24 06:54:45', '2020-01-28 12:19:45', '2019-10-03 16:59:05', 267, 3);
insert into Delivers (did, deliveryfee, customerplaceorder, ridergotorest, rideratrest, riderleftrest, riderdeliverorder, riderid, rating) values (86, 30.8, '2019-06-20 17:23:43', '2019-08-09 08:44:43', '2020-03-29 04:52:55', '2019-05-04 09:07:41', '2019-07-01 16:26:53', 290, 6);
insert into Delivers (did, deliveryfee, customerplaceorder, ridergotorest, rideratrest, riderleftrest, riderdeliverorder, riderid, rating) values (87, 7.53, '2020-02-22 05:25:34', '2019-05-21 03:35:41', '2019-11-10 14:23:56', '2019-05-27 00:32:22', '2019-11-08 05:57:14', 245, 4);
insert into Delivers (did, deliveryfee, customerplaceorder, ridergotorest, rideratrest, riderleftrest, riderdeliverorder, riderid, rating) values (88, 61.77, '2020-02-02 04:26:00', '2019-10-16 14:34:24', '2020-02-10 15:49:50', '2019-08-13 13:40:15', '2020-01-19 00:28:32', 198, 10);
insert into Delivers (did, deliveryfee, customerplaceorder, ridergotorest, rideratrest, riderleftrest, riderdeliverorder, riderid, rating) values (89, 19.81, '2019-10-10 08:41:09', '2019-09-17 11:17:13', '2019-12-09 12:03:04', '2019-07-25 04:21:04', '2020-03-13 12:35:29', 154, 8);
insert into Delivers (did, deliveryfee, customerplaceorder, ridergotorest, rideratrest, riderleftrest, riderdeliverorder, riderid, rating) values (90, 33.59, '2019-11-17 10:17:50', '2019-10-18 23:26:12', '2019-09-30 18:14:21', '2019-09-15 20:37:08', '2019-09-24 00:14:53', 82, 1);
insert into Delivers (did, deliveryfee, customerplaceorder, ridergotorest, rideratrest, riderleftrest, riderdeliverorder, riderid, rating) values (91, 7.73, '2020-01-02 10:10:57', '2019-12-27 21:02:00', '2019-04-08 20:15:58', '2019-09-16 19:36:07', '2019-11-02 12:12:48', 19, 6);
insert into Delivers (did, deliveryfee, customerplaceorder, ridergotorest, rideratrest, riderleftrest, riderdeliverorder, riderid, rating) values (92, 38.82, '2019-11-22 12:51:59', '2019-11-16 07:13:38', '2019-06-04 10:58:23', '2019-07-24 19:36:37', '2019-05-14 12:48:48', 274, 6);
insert into Delivers (did, deliveryfee, customerplaceorder, ridergotorest, rideratrest, riderleftrest, riderdeliverorder, riderid, rating) values (93, 11.53, '2019-07-08 18:22:25', '2019-06-14 10:08:34', '2019-05-03 08:55:15', '2019-05-11 23:23:45', '2020-01-13 16:58:39', 200, 3);
insert into Delivers (did, deliveryfee, customerplaceorder, ridergotorest, rideratrest, riderleftrest, riderdeliverorder, riderid, rating) values (94, 62.2, '2019-08-22 12:57:27', '2020-01-26 22:25:12', '2019-05-13 13:48:56', '2019-07-20 15:30:26', '2019-09-29 12:15:20', 67, 0);
insert into Delivers (did, deliveryfee, customerplaceorder, ridergotorest, rideratrest, riderleftrest, riderdeliverorder, riderid, rating) values (95, 36.83, '2020-02-16 15:08:24', '2019-06-30 17:23:31', '2019-12-27 02:26:49', '2019-05-15 12:24:36', '2020-03-20 19:59:04', 273, 3);
insert into Delivers (did, deliveryfee, customerplaceorder, ridergotorest, rideratrest, riderleftrest, riderdeliverorder, riderid, rating) values (96, 30.26, '2019-12-25 13:24:18', '2020-01-06 14:11:02', '2020-01-14 22:21:35', '2020-01-08 20:13:09', '2019-12-29 11:53:29', 175, 8);
insert into Delivers (did, deliveryfee, customerplaceorder, ridergotorest, rideratrest, riderleftrest, riderdeliverorder, riderid, rating) values (97, 47.56, '2020-03-03 16:46:42', '2019-08-18 18:17:59', '2019-06-15 02:56:27', '2019-08-19 13:53:03', '2019-08-14 07:11:26', 150, 7);
insert into Delivers (did, deliveryfee, customerplaceorder, ridergotorest, rideratrest, riderleftrest, riderdeliverorder, riderid, rating) values (98, 9.02, '2019-04-01 09:42:12', '2019-05-12 17:02:18', '2020-02-08 21:46:13', '2020-02-17 12:46:06', '2019-06-27 17:55:43', 174, 4);
insert into Delivers (did, deliveryfee, customerplaceorder, ridergotorest, rideratrest, riderleftrest, riderdeliverorder, riderid, rating) values (99, 14.27, '2019-12-23 04:44:27', '2019-07-28 16:45:07', '2019-07-30 11:59:03', '2019-08-02 18:44:54', '2019-08-03 07:07:58', 263, 4);
insert into Delivers (did, deliveryfee, customerplaceorder, ridergotorest, rideratrest, riderleftrest, riderdeliverorder, riderid, rating) values (100, 8.17, '2019-11-01 15:57:18', '2019-12-31 08:33:55', '2019-04-28 20:16:56', '2019-11-08 04:30:23', '2019-04-18 04:03:50', 66, 8);

insert into restaurants (rname, promoid, minimalcost) values ('Wells Fargo & Company', 24, 178);
insert into restaurants (rname, promoid, minimalcost) values ('CGI Group, Inc.', 29, 154);
insert into restaurants (rname, promoid, minimalcost) values ('Regulus Therapeutics Inc.', 12, 186);
insert into restaurants (rname, promoid, minimalcost) values ('Tuesday Morning Corp.', 4, 177);
insert into restaurants (rname, promoid, minimalcost) values ('Bed Bath & Beyond Inc.', 6, 112);
insert into restaurants (rname, promoid, minimalcost) values ('Incyte Corporation', 28, 192);
insert into restaurants (rname, promoid, minimalcost) values ('Tuniu Corporation', 25, 173);
insert into restaurants (rname, promoid, minimalcost) values ('Comfort Systems USA, Inc.', 30, 125);
insert into restaurants (rname, promoid, minimalcost) values ('Cumberland Pharmaceuticals Inc.', 12, 156);
insert into restaurants (rname, promoid, minimalcost) values ('Preformed Line Products Company', 26, 152);
insert into restaurants (rname, promoid, minimalcost) values ('Royal Caribbean Cruises Ltd.', 30, 186);
insert into restaurants (rname, promoid, minimalcost) values ('Burcon NutraScience Corp', 12, 185);
insert into restaurants (rname, promoid, minimalcost) values ('MBIA, Inc.', 11, 179);
insert into restaurants (rname, promoid, minimalcost) values ('Adient plc', 5, 123);
insert into restaurants (rname, promoid, minimalcost) values ('California Water  Service Group Holding', 6, 123);
insert into restaurants (rname, promoid, minimalcost) values ('Commerce Bancshares, Inc.', 30, 174);
insert into restaurants (rname, promoid, minimalcost) values ('NextEra Energy, Inc.', 94, 130);
insert into restaurants (rname, promoid, minimalcost) values ('Aradigm Corporation', 6, 140);
insert into restaurants (rname, promoid, minimalcost) values ('Lombard Medical, Inc.', 25, 185);
insert into restaurants (rname, promoid, minimalcost) values ('Callon Petroleum Company', 30, 139);
insert into restaurants (rname, promoid, minimalcost) values ('Novan, Inc.', 19, 127);
insert into restaurants (rname, promoid, minimalcost) values ('Laboratory Corporation of America Holdings', 19, 132);
insert into restaurants (rname, promoid, minimalcost) values ('VictoryShares US Small Cap Volatility Wtd ETF', 15, 194);
insert into restaurants (rname, promoid, minimalcost) values ('Scudder Strategic Municiple Income Trust', 13, 125);
insert into restaurants (rname, promoid, minimalcost) values ('Willamette Valley Vineyards, Inc.', 25, 189);
insert into restaurants (rname, promoid, minimalcost) values ('Bank of America Corporation', 4, 147);
insert into restaurants (rname, promoid, minimalcost) values ('WEC Energy Group, Inc.', 6, 180);
insert into restaurants (rname, promoid, minimalcost) values ('U.S. Global Investors, Inc.', 10, 151);
insert into restaurants (rname, promoid, minimalcost) values ('Comstock Resources, Inc.', 28, 148);
insert into restaurants (rname, promoid, minimalcost) values ('PCM, Inc.', 30, 114);

insert into food_categories (category, category_meaning) values ('category_1', 'American');
insert into food_categories (category, category_meaning) values ('category_2', 'British');
insert into food_categories (category, category_meaning) values ('category_3', 'Caribbean');
insert into food_categories (category, category_meaning) values ('category_4', 'Chinese');
insert into food_categories (category, category_meaning) values ('category_5', 'French');
insert into food_categories (category, category_meaning) values ('category_6', 'Greek');
insert into food_categories (category, category_meaning) values ('category_7', 'Indian');
insert into food_categories (category, category_meaning) values ('category_8', 'Italian');
insert into food_categories (category, category_meaning) values ('category_9', 'Japanese');
insert into food_categories (category, category_meaning) values ('category_10', 'Mexican');

insert into foods (fname, rname, dailylimit, isavailable, category, price) values ('Passion fruit', 'Bank of America Corporation', 14, true, 'category_3', 57.11);
insert into foods (fname, rname, dailylimit, isavailable, category, price) values ('Baked beans', 'Willamette Valley Vineyards, Inc.', 65, false, 'category_2', 49.84);
insert into foods (fname, rname, dailylimit, isavailable, category, price) values ('Macaroni and cheese', 'Wells Fargo & Company', 58, false, 'category_5', 88.2);
insert into foods (fname, rname, dailylimit, isavailable, category, price) values ('Cream', 'CGI Group, Inc.', 66, true, 'category_6', 41.17);
insert into foods (fname, rname, dailylimit, isavailable, category, price) values ('Cloudberry', 'WEC Energy Group, Inc.', 12, false, 'category_6', 41.74);
insert into foods (fname, rname, dailylimit, isavailable, category, price) values ('Egg substitute', 'Wells Fargo & Company', 15, false, 'category_3', 79.06);
insert into foods (fname, rname, dailylimit, isavailable, category, price) values ('Sugar apple', 'WEC Energy Group, Inc.', 40, false, 'category_6', 46.71);
insert into foods (fname, rname, dailylimit, isavailable, category, price) values ('Boysenberry', 'Cumberland Pharmaceuticals Inc.', 37, true, 'category_2', 65.8);
insert into foods (fname, rname, dailylimit, isavailable, category, price) values ('Papaya', 'Preformed Line Products Company', 65, true, 'category_8', 91.76);
insert into foods (fname, rname, dailylimit, isavailable, category, price) values ('Acorn', 'NextEra Energy, Inc.', 59, true, 'category_8', 14.29);
insert into foods (fname, rname, dailylimit, isavailable, category, price) values ('Safflower', 'Novan, Inc.', 97, true, 'category_7', 23.01);
insert into foods (fname, rname, dailylimit, isavailable, category, price) values ('Common wheat', 'Tuesday Morning Corp.', 92, false, 'category_10', 23.63);
insert into foods (fname, rname, dailylimit, isavailable, category, price) values ('Date', 'Regulus Therapeutics Inc.', 95, false, 'category_9', 30.28);
insert into foods (fname, rname, dailylimit, isavailable, category, price) values ('Cocktail', 'Incyte Corporation', 10, false, 'category_7', 26.11);
insert into foods (fname, rname, dailylimit, isavailable, category, price) values ('Peach', 'Comfort Systems USA, Inc.', 74, false, 'category_4', 49.65);
insert into foods (fname, rname, dailylimit, isavailable, category, price) values ('Mallard duck', 'Comstock Resources, Inc.', 50, true, 'category_7', 30.29);
insert into foods (fname, rname, dailylimit, isavailable, category, price) values ('Fruit gum', 'WEC Energy Group, Inc.', 33, false, 'category_10', 95.21);
insert into foods (fname, rname, dailylimit, isavailable, category, price) values ('Spinach', 'Preformed Line Products Company', 48, true, 'category_5', 30.87);
insert into foods (fname, rname, dailylimit, isavailable, category, price) values ('Mountain hare', 'Incyte Corporation', 67, false, 'category_5', 41.24);
insert into foods (fname, rname, dailylimit, isavailable, category, price) values ('Bivalvia (Clam', 'Preformed Line Products Company', 1, true, 'category_6', 33.86);
insert into foods (fname, rname, dailylimit, isavailable, category, price) values ('Eggplant', 'California Water  Service Group Holding', 30, false, 'category_4', 42.16);
insert into foods (fname, rname, dailylimit, isavailable, category, price) values ('Black salsify', 'Aradigm Corporation', 42, false, 'category_3', 10.48);
insert into foods (fname, rname, dailylimit, isavailable, category, price) values ('Durian', 'Burcon NutraScience Corp', 42, true, 'category_2', 10.79);
insert into foods (fname, rname, dailylimit, isavailable, category, price) values ('Sauce', 'Lombard Medical, Inc.', 20, true, 'category_5', 39.02);
insert into foods (fname, rname, dailylimit, isavailable, category, price) values ('Elderberry', 'California Water  Service Group Holding', 3, true, 'category_10', 8.0);
insert into foods (fname, rname, dailylimit, isavailable, category, price) values ('Swordfish', 'California Water  Service Group Holding', 77, false, 'category_7', 2.65);
insert into foods (fname, rname, dailylimit, isavailable, category, price) values ('Kiwi', 'Cumberland Pharmaceuticals Inc.', 97, true, 'category_3', 46.4);
insert into foods (fname, rname, dailylimit, isavailable, category, price) values ('Yogurt', 'Royal Caribbean Cruises Ltd.', 66, true, 'category_1', 4.0);
insert into foods (fname, rname, dailylimit, isavailable, category, price) values ('Potato bread', 'Tuniu Corporation', 88, false, 'category_3', 27.1);
insert into foods (fname, rname, dailylimit, isavailable, category, price) values ('Bean', 'Cumberland Pharmaceuticals Inc.', 68, true, 'category_2', 81.26);
insert into foods (fname, rname, dailylimit, isavailable, category, price) values (' Hake)', 'PCM, Inc.', 46, false, 'category_6', 99.7);
insert into foods (fname, rname, dailylimit, isavailable, category, price) values ('Naranjilla', 'Tuesday Morning Corp.', 33, true, 'category_7', 69.29);
insert into foods (fname, rname, dailylimit, isavailable, category, price) values ('Rosemary', 'Preformed Line Products Company', 53, true, 'category_5', 10.75);
insert into foods (fname, rname, dailylimit, isavailable, category, price) values ('Rowanberry', 'WEC Energy Group, Inc.', 2, true, 'category_7', 67.92);
insert into foods (fname, rname, dailylimit, isavailable, category, price) values ('Coho salmon', 'Callon Petroleum Company', 89, false, 'category_10', 85.3);
insert into foods (fname, rname, dailylimit, isavailable, category, price) values ('Shark', 'Aradigm Corporation', 30, true, 'category_7', 95.84);
insert into foods (fname, rname, dailylimit, isavailable, category, price) values ('Swede', 'Cumberland Pharmaceuticals Inc.', 67, false, 'category_5', 19.33);
insert into foods (fname, rname, dailylimit, isavailable, category, price) values ('Catfish', 'U.S. Global Investors, Inc.', 31, false, 'category_8', 33.42);
insert into foods (fname, rname, dailylimit, isavailable, category, price) values ('Grapefruit/Pummelo hybrid', 'Burcon NutraScience Corp', 21, true, 'category_2', 36.08);
insert into foods (fname, rname, dailylimit, isavailable, category, price) values ('Pepper (C. pubescens)', 'Callon Petroleum Company', 73, true, 'category_4', 16.13);
insert into foods (fname, rname, dailylimit, isavailable, category, price) values ('Milk (Other mammals)', 'PCM, Inc.', 18, true, 'category_3', 89.93);
insert into foods (fname, rname, dailylimit, isavailable, category, price) values ('Agar', 'VictoryShares US Small Cap Volatility Wtd ETF', 94, true, 'category_5', 45.78);
insert into foods (fname, rname, dailylimit, isavailable, category, price) values ('Fig', 'Aradigm Corporation', 96, false, 'category_5', 22.59);
insert into foods (fname, rname, dailylimit, isavailable, category, price) values ('Fats and oils', 'Willamette Valley Vineyards, Inc.', 36, false, 'category_2', 90.59);
insert into foods (fname, rname, dailylimit, isavailable, category, price) values ('Common octopus', 'Aradigm Corporation', 11, false, 'category_10', 76.38);
insert into foods (fname, rname, dailylimit, isavailable, category, price) values ('Molasses', 'NextEra Energy, Inc.', 8, true, 'category_2', 66.74);
insert into foods (fname, rname, dailylimit, isavailable, category, price) values ('Squirrel', 'Royal Caribbean Cruises Ltd.', 92, false, 'category_9', 56.39);
insert into foods (fname, rname, dailylimit, isavailable, category, price) values ('Pacific jack mackerel', 'Cumberland Pharmaceuticals Inc.', 88, false, 'category_8', 21.44);
insert into foods (fname, rname, dailylimit, isavailable, category, price) values ('Soursop', 'Callon Petroleum Company', 56, false, 'category_3', 3.67);
insert into foods (fname, rname, dailylimit, isavailable, category, price) values ('Common verbena', 'Regulus Therapeutics Inc.', 89, false, 'category_4', 45.86);
insert into foods (fname, rname, dailylimit, isavailable, category, price) values ('Nance', 'Callon Petroleum Company', 16, true, 'category_6', 29.88);
insert into foods (fname, rname, dailylimit, isavailable, category, price) values ('Egg roll', 'Burcon NutraScience Corp', 11, true, 'category_4', 96.27);
insert into foods (fname, rname, dailylimit, isavailable, category, price) values ('Nectarine', 'Preformed Line Products Company', 3, false, 'category_2', 11.45);
insert into foods (fname, rname, dailylimit, isavailable, category, price) values ('Acorn', 'Preformed Line Products Company', 80, true, 'category_1', 75.27);
insert into foods (fname, rname, dailylimit, isavailable, category, price) values ('Turnip', 'Commerce Bancshares, Inc.', 27, false, 'category_3', 80.55);
insert into foods (fname, rname, dailylimit, isavailable, category, price) values ('Cream substitute', 'U.S. Global Investors, Inc.', 99, true, 'category_2', 53.97);
insert into foods (fname, rname, dailylimit, isavailable, category, price) values ('Oriental wheat', 'VictoryShares US Small Cap Volatility Wtd ETF', 92, true, 'category_1', 63.43);
insert into foods (fname, rname, dailylimit, isavailable, category, price) values ('Atlantic halibut', 'Burcon NutraScience Corp', 84, true, 'category_10', 76.25);
insert into foods (fname, rname, dailylimit, isavailable, category, price) values ('Taco', 'Cumberland Pharmaceuticals Inc.', 79, false, 'category_1', 37.44);
insert into foods (fname, rname, dailylimit, isavailable, category, price) values ('Meatball', 'Willamette Valley Vineyards, Inc.', 67, true, 'category_9', 20.07);
insert into foods (fname, rname, dailylimit, isavailable, category, price) values ('Abalone', 'VictoryShares US Small Cap Volatility Wtd ETF', 84, false, 'category_1', 34.14);
insert into foods (fname, rname, dailylimit, isavailable, category, price) values ('Other alcoholic beverage', 'U.S. Global Investors, Inc.', 72, true, 'category_2', 63.09);
insert into foods (fname, rname, dailylimit, isavailable, category, price) values ('Baby food', 'Aradigm Corporation', 16, true, 'category_4', 10.68);
insert into foods (fname, rname, dailylimit, isavailable, category, price) values ('Horseradish tree', 'Cumberland Pharmaceuticals Inc.', 44, false, 'category_6', 33.14);
insert into foods (fname, rname, dailylimit, isavailable, category, price) values ('Red algae', 'Laboratory Corporation of America Holdings', 4, true, 'category_1', 96.82);
insert into foods (fname, rname, dailylimit, isavailable, category, price) values ('Daikon radish', 'Adient plc', 79, true, 'category_8', 62.09);
insert into foods (fname, rname, dailylimit, isavailable, category, price) values ('Nachos', 'Tuniu Corporation', 35, true, 'category_6', 43.98);
insert into foods (fname, rname, dailylimit, isavailable, category, price) values ('Norway lobster', 'California Water  Service Group Holding', 21, true, 'category_9', 79.81);
insert into foods (fname, rname, dailylimit, isavailable, category, price) values ('Dumpling', 'NextEra Energy, Inc.', 56, false, 'category_7', 96.01);
insert into foods (fname, rname, dailylimit, isavailable, category, price) values ('Beluga whale', 'Burcon NutraScience Corp', 24, true, 'category_8', 40.53);
insert into foods (fname, rname, dailylimit, isavailable, category, price) values ('Banana', 'Commerce Bancshares, Inc.', 53, false, 'category_10', 1.63);
insert into foods (fname, rname, dailylimit, isavailable, category, price) values ('Liquor', 'Regulus Therapeutics Inc.', 43, false, 'category_6', 32.46);
insert into foods (fname, rname, dailylimit, isavailable, category, price) values ('Butterfat', 'MBIA, Inc.', 28, true, 'category_7', 17.4);
insert into foods (fname, rname, dailylimit, isavailable, category, price) values ('Carob', 'Incyte Corporation', 60, false, 'category_6', 98.4);
insert into foods (fname, rname, dailylimit, isavailable, category, price) values ('Common octopus', 'Lombard Medical, Inc.', 8, true, 'category_9', 6.17);
insert into foods (fname, rname, dailylimit, isavailable, category, price) values ('Buffalo', 'Commerce Bancshares, Inc.', 56, true, 'category_9', 47.71);
insert into foods (fname, rname, dailylimit, isavailable, category, price) values ('Sago palm', 'WEC Energy Group, Inc.', 19, true, 'category_9', 51.16);
insert into foods (fname, rname, dailylimit, isavailable, category, price) values ('Garden tomato (var.)', 'Laboratory Corporation of America Holdings', 35, true, 'category_4', 39.2);
insert into foods (fname, rname, dailylimit, isavailable, category, price) values ('Squirrel', 'Bed Bath & Beyond Inc.', 27, false, 'category_9', 11.95);
insert into foods (fname, rname, dailylimit, isavailable, category, price) values ('Bilberry', 'California Water  Service Group Holding', 54, false, 'category_10', 17.25);
insert into foods (fname, rname, dailylimit, isavailable, category, price) values ('Hickory nut', 'Commerce Bancshares, Inc.', 13, false, 'category_5', 73.44);
insert into foods (fname, rname, dailylimit, isavailable, category, price) values ('Pacific cod', 'WEC Energy Group, Inc.', 74, false, 'category_9', 46.23);
insert into foods (fname, rname, dailylimit, isavailable, category, price) values ('Polar bear', 'Comstock Resources, Inc.', 52, true, 'category_9', 60.87);
insert into foods (fname, rname, dailylimit, isavailable, category, price) values ('Meringue', 'Tuesday Morning Corp.', 51, false, 'category_9', 17.67);
insert into foods (fname, rname, dailylimit, isavailable, category, price) values ('Anise', 'WEC Energy Group, Inc.', 66, false, 'category_4', 91.7);
insert into foods (fname, rname, dailylimit, isavailable, category, price) values ('Adzuki bean', 'Callon Petroleum Company', 52, true, 'category_6', 17.26);
insert into foods (fname, rname, dailylimit, isavailable, category, price) values ('Mentha (Mint)', 'VictoryShares US Small Cap Volatility Wtd ETF', 63, true, 'category_8', 79.68);
insert into foods (fname, rname, dailylimit, isavailable, category, price) values ('Potato puffs', 'CGI Group, Inc.', 78, false, 'category_2', 33.7);
insert into foods (fname, rname, dailylimit, isavailable, category, price) values ('Jute', 'Willamette Valley Vineyards, Inc.', 85, false, 'category_10', 40.93);
insert into foods (fname, rname, dailylimit, isavailable, category, price) values ('Beluga whale', 'Laboratory Corporation of America Holdings', 78, true, 'category_5', 16.16);
insert into foods (fname, rname, dailylimit, isavailable, category, price) values ('Globe artichoke', 'Cumberland Pharmaceuticals Inc.', 79, false, 'category_1', 86.49);
insert into foods (fname, rname, dailylimit, isavailable, category, price) values ('Opium poppy', 'Royal Caribbean Cruises Ltd.', 17, true, 'category_10', 76.91);
insert into foods (fname, rname, dailylimit, isavailable, category, price) values ('Fruit preserve', 'Lombard Medical, Inc.', 19, true, 'category_6', 33.94);
insert into foods (fname, rname, dailylimit, isavailable, category, price) values ('Scallop', 'Lombard Medical, Inc.', 91, false, 'category_9', 46.82);
insert into foods (fname, rname, dailylimit, isavailable, category, price) values ('Red rice', 'Callon Petroleum Company', 30, false, 'category_7', 58.66);
insert into foods (fname, rname, dailylimit, isavailable, category, price) values ('Fenugreek', 'Callon Petroleum Company', 33, true, 'category_5', 84.4);
insert into foods (fname, rname, dailylimit, isavailable, category, price) values ('Natto', 'CGI Group, Inc.', 26, false, 'category_6', 26.57);
insert into foods (fname, rname, dailylimit, isavailable, category, price) values ('Ostrich', 'WEC Energy Group, Inc.', 73, false, 'category_8', 78.11);
insert into foods (fname, rname, dailylimit, isavailable, category, price) values ('Sugar substitute', 'Incyte Corporation', 34, true, 'category_2', 80.57);
insert into foods (fname, rname, dailylimit, isavailable, category, price) values ('Eggs', 'Bed Bath & Beyond Inc.', 53, false, 'category_3', 27.59);





insert into comprises (mwsid, shiftdayid, shifthourid) values (1, 1, 1);
insert into comprises (mwsid, shiftdayid, shifthourid) values (2, 1, 2);
insert into comprises (mwsid, shiftdayid, shifthourid) values (3, 1, 3);
insert into comprises (mwsid, shiftdayid, shifthourid) values (4, 1, 4);
insert into comprises (mwsid, shiftdayid, shifthourid) values (5, 2, 1);
insert into comprises (mwsid, shiftdayid, shifthourid) values (6, 2, 2);
insert into comprises (mwsid, shiftdayid, shifthourid) values (7, 2, 3);
insert into comprises (mwsid, shiftdayid, shifthourid) values (8, 2, 4);
insert into comprises (mwsid, shiftdayid, shifthourid) values (9, 3, 1);
insert into comprises (mwsid, shiftdayid, shifthourid) values (10, 3, 2);
insert into comprises (mwsid, shiftdayid, shifthourid) values (11, 3, 3);
insert into comprises (mwsid, shiftdayid, shifthourid) values (12, 3, 4);
insert into comprises (mwsid, shiftdayid, shifthourid) values (13, 4, 1);
insert into comprises (mwsid, shiftdayid, shifthourid) values (14, 4, 2);
insert into comprises (mwsid, shiftdayid, shifthourid) values (15, 4, 3);



insert into foodlists (flid, cid, riderid, promoid, order_time, restaurant_name, payment_method, total_cost, delivery_location, did) values (1, 15, 46, 99, '2/5/2020', 'Comfort Systems USA, Inc.', 'Credit Card', null, null, 5);
insert into foodlists (flid, cid, riderid, promoid, order_time, restaurant_name, payment_method, total_cost, delivery_location, did) values (2, 78, 99, 48, '4/5/2020', 'Bank of America Corporation', 'Credit Card', null, null, 59);
insert into foodlists (flid, cid, riderid, promoid, order_time, restaurant_name, payment_method, total_cost, delivery_location, did) values (3, 26, 88, 58, '5/5/2020', 'Cumberland Pharmaceuticals Inc.', 'Cash', null, null, 20);
insert into foodlists (flid, cid, riderid, promoid, order_time, restaurant_name, payment_method, total_cost, delivery_location, did) values (4, 10, 43, 74, '5/1/2020', 'Adient plc', 'Cash', null, null, 33);
insert into foodlists (flid, cid, riderid, promoid, order_time, restaurant_name, payment_method, total_cost, delivery_location, did) values (5, 52, 52, 27, '5/5/2020', 'Comfort Systems USA, Inc.', 'Cash', null, null, 44);
insert into foodlists (flid, cid, riderid, promoid, order_time, restaurant_name, payment_method, total_cost, delivery_location, did) values (6, 60, 71, 100, '3/5/2020', 'Bed Bath & Beyond Inc.', 'Cash', null, null, 61);
insert into foodlists (flid, cid, riderid, promoid, order_time, restaurant_name, payment_method, total_cost, delivery_location, did) values (7, 4, 48, 25, '3/5/2020', 'California Water  Service Group Holding', 'Credit Card', null, null, 23);
insert into foodlists (flid, cid, riderid, promoid, order_time, restaurant_name, payment_method, total_cost, delivery_location, did) values (8, 93, 96, 67, '2/5/2020', 'Tuniu Corporation', 'Credit Card', null, null, 14);
insert into foodlists (flid, cid, riderid, promoid, order_time, restaurant_name, payment_method, total_cost, delivery_location, did) values (9, 15, 15, 23, '4/5/2020', 'CGI Group, Inc.', 'Cash', null, null, 17);
insert into foodlists (flid, cid, riderid, promoid, order_time, restaurant_name, payment_method, total_cost, delivery_location, did) values (10, 41, 23, 66, '5/5/2020', 'Lombard Medical, Inc.', 'Cash', null, null, 3);

insert into foodlists (flid, cid, riderid, promoid, order_time, restaurant_name, payment_method, total_cost, delivery_location, did) values (11, 41, 23, 66, '5/1/2020', 'Lombard Medical, Inc.', 'Cash', null, null, 3);
insert into foodlists (flid, cid, riderid, promoid, order_time, restaurant_name, payment_method, total_cost, delivery_location, did) values (12, 41, 23, 1, '5/2/2020', 'Lombard Medical, Inc.', 'Cash', null, null, 3);
insert into foodlists (flid, cid, riderid, promoid, order_time, restaurant_name, payment_method, total_cost, delivery_location, did) values (13, 41, 23, 6, '5/3/2020', 'Lombard Medical, Inc.', 'Cash', null, null, 3);
insert into foodlists (flid, cid, riderid, promoid, order_time, restaurant_name, payment_method, total_cost, delivery_location, did) values (14, 41, 23, 5, '5/4/2020', 'Lombard Medical, Inc.', 'Cash', null, null, 3);
insert into foodlists (flid, cid, riderid, promoid, order_time, restaurant_name, payment_method, total_cost, delivery_location, did) values (15, 41, 23, 3, '5/1/2020', 'Lombard Medical, Inc.', 'Cash', null, null, 3);
insert into foodlists (flid, cid, riderid, promoid, order_time, restaurant_name, payment_method, total_cost, delivery_location, did) values (16, 41, 23, 4, '5/2/2020', 'Lombard Medical, Inc.', 'Cash', null, null, 3);
insert into foodlists (flid, cid, riderid, promoid, order_time, restaurant_name, payment_method, total_cost, delivery_location, did) values (17, 41, 23, 6, '5/3/2020', 'Lombard Medical, Inc.', 'Cash', null, null, 3);
insert into foodlists (flid, cid, riderid, promoid, order_time, restaurant_name, payment_method, total_cost, delivery_location, did) values (18, 41, 23, 11, '5/4/2020', 'Lombard Medical, Inc.', 'Cash', null, null, 3);
insert into foodlists (flid, cid, riderid, promoid, order_time, restaurant_name, payment_method, total_cost, delivery_location, did) values (19, 41, 23, 6, '5/1/2020', 'Lombard Medical, Inc.', 'Cash', null, null, 3);
insert into foodlists (flid, cid, riderid, promoid, order_time, restaurant_name, payment_method, total_cost, delivery_location, did) values (20, 41, 23, 1, '3/5/2020', 'Lombard Medical, Inc.', 'Cash', null, null, 3);

-- insert into foodlists (flid, cid, riderid, promoid, order_time, restaurant_name, payment_method, total_cost, delivery_location, did) values (11, 77, 71, 21, '6/5/2020', 'Adient plc', 'Credit Card', null, null, 15);
-- insert into foodlists (flid, cid, riderid, promoid, order_time, restaurant_name, payment_method, total_cost, delivery_location, did) values (12, 88, 46, 97, '4/5/2020', 'Bank of America Corporation', 'Cash', null, null, 33);
-- insert into foodlists (flid, cid, riderid, promoid, order_time, restaurant_name, payment_method, total_cost, delivery_location, did) values (13, 44, 23, 73, '1/5/2020', 'Commerce Bancshares, Inc.', 'Cash', null, null, 13);
-- insert into foodlists (flid, cid, riderid, promoid, order_time, restaurant_name, payment_method, total_cost, delivery_location, did) values (14, 34, 1, 99, '3/5/2020', 'Preformed Line Products Company', 'Cash', null, null, 7);
-- insert into foodlists (flid, cid, riderid, promoid, order_time, restaurant_name, payment_method, total_cost, delivery_location, did) values (15, 84, 80, 51, '1/5/2020', 'California Water  Service Group Holding', 'Cash', null, null, 82);
-- insert into foodlists (flid, cid, riderid, promoid, order_time, restaurant_name, payment_method, total_cost, delivery_location, did) values (16, 77, 20, 37, '4/5/2020', 'Commerce Bancshares, Inc.', 'Credit Card', null, null, 84);
-- insert into foodlists (flid, cid, riderid, promoid, order_time, restaurant_name, payment_method, total_cost, delivery_location, did) values (17, 96, 82, 40, '3/5/2020', 'Royal Caribbean Cruises Ltd.', 'Cash', null, null, 98);
-- insert into foodlists (flid, cid, riderid, promoid, order_time, restaurant_name, payment_method, total_cost, delivery_location, did) values (18, 50, 40, 27, '6/5/2020', 'Tuesday Morning Corp.', 'Credit Card', null, null, 84);
-- insert into foodlists (flid, cid, riderid, promoid, order_time, restaurant_name, payment_method, total_cost, delivery_location, did) values (19, 31, 23, 21, '6/5/2020', 'Preformed Line Products Company', 'Credit Card', null, null, 43);
-- insert into foodlists (flid, cid, riderid, promoid, order_time, restaurant_name, payment_method, total_cost, delivery_location, did) values (20, 65, 88, 61, '4/5/2020', 'Comfort Systems USA, Inc.', 'Credit Card', null, null, 19);
-- insert into foodlists (flid, cid, riderid, promoid, order_time, restaurant_name, payment_method, total_cost, delivery_location, did) values (21, 10, 53, 33, '1/5/2020', 'Novan, Inc.', 'Cash', null, null, 23);
-- insert into foodlists (flid, cid, riderid, promoid, order_time, restaurant_name, payment_method, total_cost, delivery_location, did) values (22, 97, 2, 20, '5/5/2020', 'Incyte Corporation', 'Credit Card', null, null, 71);
-- insert into foodlists (flid, cid, riderid, promoid, order_time, restaurant_name, payment_method, total_cost, delivery_location, did) values (23, 86, 31, 94, '2/5/2020', 'Scudder Strategic Municiple Income Trust', 'Credit Card', null, null, 55);
-- insert into foodlists (flid, cid, riderid, promoid, order_time, restaurant_name, payment_method, total_cost, delivery_location, did) values (24, 71, 5, 86, '1/5/2020', 'Bank of America Corporation', 'Credit Card', null, null, 9);
-- insert into foodlists (flid, cid, riderid, promoid, order_time, restaurant_name, payment_method, total_cost, delivery_location, did) values (25, 22, 26, 91, '2/5/2020', 'Tuesday Morning Corp.', 'Cash', null, null, 83);
-- insert into foodlists (flid, cid, riderid, promoid, order_time, restaurant_name, payment_method, total_cost, delivery_location, did) values (26, 71, 31, 14, '1/5/2020', 'Laboratory Corporation of America Holdings', 'Credit Card', null, null, 37);
-- insert into foodlists (flid, cid, riderid, promoid, order_time, restaurant_name, payment_method, total_cost, delivery_location, did) values (27, 95, 58, 80, '1/2/2020', 'WEC Energy Group, Inc.', 'Credit Card', null, null, 87);
-- insert into foodlists (flid, cid, riderid, promoid, order_time, restaurant_name, payment_method, total_cost, delivery_location, did) values (28, 4, 19, 36, '4/5/2020', 'Adient plc', 'Cash', null, null, 83);
-- insert into foodlists (flid, cid, riderid, promoid, order_time, restaurant_name, payment_method, total_cost, delivery_location, did) values (29, 28, 1, 48, '1/5/2020', 'Laboratory Corporation of America Holdings', 'Credit Card', null, null, 73);
-- insert into foodlists (flid, cid, riderid, promoid, order_time, restaurant_name, payment_method, total_cost, delivery_location, did) values (30, 18, 59, 72, '4/5/2020', 'Comfort Systems USA, Inc.', 'Credit Card', null, null, 93);
-- insert into foodlists (flid, cid, riderid, promoid, order_time, restaurant_name, payment_method, total_cost, delivery_location, did) values (31, 25, 39, 27, '1/5/2020', 'Burcon NutraScience Corp', 'Credit Card', null, null, 95);
-- insert into foodlists (flid, cid, riderid, promoid, order_time, restaurant_name, payment_method, total_cost, delivery_location, did) values (32, 51, 45, 42, '4/5/2020', 'Scudder Strategic Municiple Income Trust', 'Cash', null, null, 34);
-- insert into foodlists (flid, cid, riderid, promoid, order_time, restaurant_name, payment_method, total_cost, delivery_location, did) values (33, 64, 12, 50, '1/5/2020', 'WEC Energy Group, Inc.', 'Cash', null, null, 35);
-- insert into foodlists (flid, cid, riderid, promoid, order_time, restaurant_name, payment_method, total_cost, delivery_location, did) values (34, 80, 14, 3, '2/3/2020', 'VictoryShares US Small Cap Volatility Wtd ETF', 'Cash', null, null, 37);
-- insert into foodlists (flid, cid, riderid, promoid, order_time, restaurant_name, payment_method, total_cost, delivery_location, did) values (35, 64, 92, 59, '5/5/2020', 'Comfort Systems USA, Inc.', 'Credit Card', null, null, 17);
-- insert into foodlists (flid, cid, riderid, promoid, order_time, restaurant_name, payment_method, total_cost, delivery_location, did) values (36, 51, 61, 78, '3/5/2020', 'Wells Fargo & Company', 'Credit Card', null, null, 44);
-- insert into foodlists (flid, cid, riderid, promoid, order_time, restaurant_name, payment_method, total_cost, delivery_location, did) values (37, 14, 64, 36, '2/2/2020', 'Novan, Inc.', 'Credit Card', null, null, 37);
-- insert into foodlists (flid, cid, riderid, promoid, order_time, restaurant_name, payment_method, total_cost, delivery_location, did) values (38, 59, 56, 52, '1/5/2020', 'Comstock Resources, Inc.', 'Cash', null, null, 44);
-- insert into foodlists (flid, cid, riderid, promoid, order_time, restaurant_name, payment_method, total_cost, delivery_location, did) values (39, 15, 95, 52, '5/3/2020', 'Royal Caribbean Cruises Ltd.', 'Cash', null, null, 77);
-- insert into foodlists (flid, cid, riderid, promoid, order_time, restaurant_name, payment_method, total_cost, delivery_location, did) values (40, 23, 24, 53, '4/5/2020', 'Wells Fargo & Company', 'Credit Card', null, null, 81);
-- insert into foodlists (flid, cid, riderid, promoid, order_time, restaurant_name, payment_method, total_cost, delivery_location, did) values (41, 35, 65, 28, '3/5/2020', 'Bed Bath & Beyond Inc.', 'Credit Card', null, null, 33);
-- insert into foodlists (flid, cid, riderid, promoid, order_time, restaurant_name, payment_method, total_cost, delivery_location, did) values (42, 79, 40, 88, '6/5/2020', 'Aradigm Corporation', 'Cash', null, null, 99);
-- insert into foodlists (flid, cid, riderid, promoid, order_time, restaurant_name, payment_method, total_cost, delivery_location, did) values (43, 45, 100, 29, '3/5/2020', 'Aradigm Corporation', 'Credit Card', null, null, 84);
-- insert into foodlists (flid, cid, riderid, promoid, order_time, restaurant_name, payment_method, total_cost, delivery_location, did) values (44, 56, 72, 92, '5/5/2020', 'Adient plc', 'Credit Card', null, null, 95);
-- insert into foodlists (flid, cid, riderid, promoid, order_time, restaurant_name, payment_method, total_cost, delivery_location, did) values (45, 66, 85, 7, '2/5/2020', 'Tuniu Corporation', 'Cash', null, null, 87);
-- insert into foodlists (flid, cid, riderid, promoid, order_time, restaurant_name, payment_method, total_cost, delivery_location, did) values (46, 1, 13, 76, '3/5/2020', 'Comfort Systems USA, Inc.', 'Credit Card', null, null, 35);
-- insert into foodlists (flid, cid, riderid, promoid, order_time, restaurant_name, payment_method, total_cost, delivery_location, did) values (47, 53, 89, 86, '5/5/2020', 'Cumberland Pharmaceuticals Inc.', 'Credit Card', null, null, 66);
-- insert into foodlists (flid, cid, riderid, promoid, order_time, restaurant_name, payment_method, total_cost, delivery_location, did) values (48, 38, 71, 25, '4/5/2020', 'Adient plc', 'Cash', null, null, 91);
-- insert into foodlists (flid, cid, riderid, promoid, order_time, restaurant_name, payment_method, total_cost, delivery_location, did) values (49, 32, 25, 75, '1/4/2020', 'VictoryShares US Small Cap Volatility Wtd ETF', 'Cash', null, null, 34);
-- insert into foodlists (flid, cid, riderid, promoid, order_time, restaurant_name, payment_method, total_cost, delivery_location, did) values (50, 65, 79, 78, '1/5/2020', 'California Water  Service Group Holding', 'Cash', null, null, 64);
-- insert into foodlists (flid, cid, riderid, promoid, order_time, restaurant_name, payment_method, total_cost, delivery_location, did) values (51, 20, 91, 58, '4/5/2020', 'Adient plc', 'Cash', null, null, 26);
-- insert into foodlists (flid, cid, riderid, promoid, order_time, restaurant_name, payment_method, total_cost, delivery_location, did) values (52, 91, 53, 82, '1/5/2020', 'Laboratory Corporation of America Holdings', 'Cash', null, null, 86);
-- insert into foodlists (flid, cid, riderid, promoid, order_time, restaurant_name, payment_method, total_cost, delivery_location, did) values (53, 88, 72, 39, '2/5/2020', 'Bed Bath & Beyond Inc.', 'Cash', null, null, 50);
-- insert into foodlists (flid, cid, riderid, promoid, order_time, restaurant_name, payment_method, total_cost, delivery_location, did) values (54, 26, 24, 78, '2/5/2020', 'Wells Fargo & Company', 'Cash', null, null, 71);
-- insert into foodlists (flid, cid, riderid, promoid, order_time, restaurant_name, payment_method, total_cost, delivery_location, did) values (55, 18, 56, 18, '5/5/2020', 'Royal Caribbean Cruises Ltd.', 'Cash', null, null, 13);
-- insert into foodlists (flid, cid, riderid, promoid, order_time, restaurant_name, payment_method, total_cost, delivery_location, did) values (56, 11, 75, 10, '2/5/2020', 'Royal Caribbean Cruises Ltd.', 'Credit Card', null, null, 10);
-- insert into foodlists (flid, cid, riderid, promoid, order_time, restaurant_name, payment_method, total_cost, delivery_location, did) values (57, 9, 99, 25, '2/5/2020', 'Callon Petroleum Company', 'Cash', null, null, 32);
-- insert into foodlists (flid, cid, riderid, promoid, order_time, restaurant_name, payment_method, total_cost, delivery_location, did) values (58, 28, 72, 95, '1/5/2020', 'Adient plc', 'Cash', null, null, 7);
-- insert into foodlists (flid, cid, riderid, promoid, order_time, restaurant_name, payment_method, total_cost, delivery_location, did) values (59, 29, 66, 3, '6/5/2020', 'California Water  Service Group Holding', 'Credit Card', null, null, 60);
-- insert into foodlists (flid, cid, riderid, promoid, order_time, restaurant_name, payment_method, total_cost, delivery_location, did) values (60, 49, 34, 98, '1/5/2020', 'Lombard Medical, Inc.', 'Cash', null, null, 55);
-- insert into foodlists (flid, cid, riderid, promoid, order_time, restaurant_name, payment_method, total_cost, delivery_location, did) values (61, 39, 75, 66, '3/5/2020', 'VictoryShares US Small Cap Volatility Wtd ETF', 'Cash', null, null, 88);
-- insert into foodlists (flid, cid, riderid, promoid, order_time, restaurant_name, payment_method, total_cost, delivery_location, did) values (62, 65, 68, 51, '6/5/2020', 'Wells Fargo & Company', 'Cash', null, null, 9);
-- insert into foodlists (flid, cid, riderid, promoid, order_time, restaurant_name, payment_method, total_cost, delivery_location, did) values (63, 91, 22, 60, '2/5/2020', 'Comstock Resources, Inc.', 'Cash', null, null, 14);
-- insert into foodlists (flid, cid, riderid, promoid, order_time, restaurant_name, payment_method, total_cost, delivery_location, did) values (64, 75, 50, 90, '3/5/2020', 'Aradigm Corporation', 'Cash', null, null, 97);
-- insert into foodlists (flid, cid, riderid, promoid, order_time, restaurant_name, payment_method, total_cost, delivery_location, did) values (65, 37, 34, 62, '6/5/2020', 'Willamette Valley Vineyards, Inc.', 'Cash', null, null, 65);
-- insert into foodlists (flid, cid, riderid, promoid, order_time, restaurant_name, payment_method, total_cost, delivery_location, did) values (66, 16, 27, 18, '4/5/2020', 'Tuesday Morning Corp.', 'Cash', null, null, 98);
-- insert into foodlists (flid, cid, riderid, promoid, order_time, restaurant_name, payment_method, total_cost, delivery_location, did) values (67, 12, 88, 78, '6/5/2020', 'Bed Bath & Beyond Inc.', 'Cash', null, null, 47);
-- insert into foodlists (flid, cid, riderid, promoid, order_time, restaurant_name, payment_method, total_cost, delivery_location, did) values (68, 14, 16, 16, '2/5/2020', 'Cumberland Pharmaceuticals Inc.', 'Cash', null, null, 31);
-- insert into foodlists (flid, cid, riderid, promoid, order_time, restaurant_name, payment_method, total_cost, delivery_location, did) values (69, 89, 65, 12, '1/5/2020', 'Wells Fargo & Company', 'Credit Card', null, null, 55);
-- insert into foodlists (flid, cid, riderid, promoid, order_time, restaurant_name, payment_method, total_cost, delivery_location, did) values (70, 96, 78, 89, '6/5/2020', 'VictoryShares US Small Cap Volatility Wtd ETF', 'Credit Card', null, null, 45);
-- insert into foodlists (flid, cid, riderid, promoid, order_time, restaurant_name, payment_method, total_cost, delivery_location, did) values (71, 92, 19, 26, '2/5/2020', 'CGI Group, Inc.', 'Credit Card', null, null, 38);
-- insert into foodlists (flid, cid, riderid, promoid, order_time, restaurant_name, payment_method, total_cost, delivery_location, did) values (72, 21, 74, 33, '6/5/2020', 'U.S. Global Investors, Inc.', 'Credit Card', null, null, 10);
-- insert into foodlists (flid, cid, riderid, promoid, order_time, restaurant_name, payment_method, total_cost, delivery_location, did) values (73, 43, 73, 98, '2/5/2020', 'Comfort Systems USA, Inc.', 'Cash', null, null, 49);
-- insert into foodlists (flid, cid, riderid, promoid, order_time, restaurant_name, payment_method, total_cost, delivery_location, did) values (74, 25, 77, 35, '6/5/2020', 'Aradigm Corporation', 'Cash', null, null, 29);
-- insert into foodlists (flid, cid, riderid, promoid, order_time, restaurant_name, payment_method, total_cost, delivery_location, did) values (75, 86, 54, 34, '1/5/2020', 'Preformed Line Products Company', 'Credit Card', null, null, 44);
-- insert into foodlists (flid, cid, riderid, promoid, order_time, restaurant_name, payment_method, total_cost, delivery_location, did) values (76, 19, 69, 56, '4/5/2020', 'Comfort Systems USA, Inc.', 'Credit Card', null, null, 6);
-- insert into foodlists (flid, cid, riderid, promoid, order_time, restaurant_name, payment_method, total_cost, delivery_location, did) values (77, 32, 45, 52, '1/5/2020', 'Burcon NutraScience Corp', 'Credit Card', null, null, 54);
-- insert into foodlists (flid, cid, riderid, promoid, order_time, restaurant_name, payment_method, total_cost, delivery_location, did) values (78, 100, 62, 16, '2/5/2020', 'Tuesday Morning Corp.', 'Cash', null, null, 94);
-- insert into foodlists (flid, cid, riderid, promoid, order_time, restaurant_name, payment_method, total_cost, delivery_location, did) values (79, 86, 41, 37, '2/5/2020', 'Novan, Inc.', 'Cash', null, null, 79);
-- insert into foodlists (flid, cid, riderid, promoid, order_time, restaurant_name, payment_method, total_cost, delivery_location, did) values (80, 60, 43, 9, '5/5/2020', 'Aradigm Corporation', 'Cash', null, null, 1);
-- insert into foodlists (flid, cid, riderid, promoid, order_time, restaurant_name, payment_method, total_cost, delivery_location, did) values (81, 26, 72, 28, '5/5/2020', 'Laboratory Corporation of America Holdings', 'Cash', null, null, 14);
-- insert into foodlists (flid, cid, riderid, promoid, order_time, restaurant_name, payment_method, total_cost, delivery_location, did) values (82, 73, 91, 2, '5/5/2020', 'Cumberland Pharmaceuticals Inc.', 'Cash', null, null, 92);
-- insert into foodlists (flid, cid, riderid, promoid, order_time, restaurant_name, payment_method, total_cost, delivery_location, did) values (83, 41, 48, 77, '6/5/2020', 'U.S. Global Investors, Inc.', 'Credit Card', null, null, 100);
-- insert into foodlists (flid, cid, riderid, promoid, order_time, restaurant_name, payment_method, total_cost, delivery_location, did) values (84, 2, 35, 45, '4/5/2020', 'PCM, Inc.', 'Credit Card', null, null, 34);
-- insert into foodlists (flid, cid, riderid, promoid, order_time, restaurant_name, payment_method, total_cost, delivery_location, did) values (85, 91, 4, 2, '1/5/2020', 'CGI Group, Inc.', 'Cash', null, null, 73);
-- insert into foodlists (flid, cid, riderid, promoid, order_time, restaurant_name, payment_method, total_cost, delivery_location, did) values (86, 48, 53, 73, '4/5/2020', 'Comstock Resources, Inc.', 'Cash', null, null, 65);
-- insert into foodlists (flid, cid, riderid, promoid, order_time, restaurant_name, payment_method, total_cost, delivery_location, did) values (87, 44, 12, 8, '6/5/2020', 'Tuniu Corporation', 'Credit Card', null, null, 16);
-- insert into foodlists (flid, cid, riderid, promoid, order_time, restaurant_name, payment_method, total_cost, delivery_location, did) values (88, 2, 24, 65, '6/5/2020', 'Tuniu Corporation', 'Credit Card', null, null, 55);
-- insert into foodlists (flid, cid, riderid, promoid, order_time, restaurant_name, payment_method, total_cost, delivery_location, did) values (89, 33, 8, 36, '4/5/2020', 'Wells Fargo & Company', 'Credit Card', null, null, 85);
-- insert into foodlists (flid, cid, riderid, promoid, order_time, restaurant_name, payment_method, total_cost, delivery_location, did) values (90, 39, 77, 31, '2/5/2020', 'Comfort Systems USA, Inc.', 'Credit Card', null, null, 23);
-- insert into foodlists (flid, cid, riderid, promoid, order_time, restaurant_name, payment_method, total_cost, delivery_location, did) values (91, 82, 26, 58, '4/5/2020', 'Comstock Resources, Inc.', 'Cash', null, null, 14);
-- insert into foodlists (flid, cid, riderid, promoid, order_time, restaurant_name, payment_method, total_cost, delivery_location, did) values (92, 38, 19, 5, '1/5/2020', 'Preformed Line Products Company', 'Cash', null, null, 76);
-- insert into foodlists (flid, cid, riderid, promoid, order_time, restaurant_name, payment_method, total_cost, delivery_location, did) values (93, 27, 10, 95, '1/5/2020', 'Aradigm Corporation', 'Credit Card', null, null, 37);
-- insert into foodlists (flid, cid, riderid, promoid, order_time, restaurant_name, payment_method, total_cost, delivery_location, did) values (94, 61, 54, 94, '1/5/2020', 'Laboratory Corporation of America Holdings', 'Cash', null, null, 65);
-- insert into foodlists (flid, cid, riderid, promoid, order_time, restaurant_name, payment_method, total_cost, delivery_location, did) values (95, 11, 23, 87, '5/5/2020', 'Lombard Medical, Inc.', 'Cash', null, null, 3);
-- insert into foodlists (flid, cid, riderid, promoid, order_time, restaurant_name, payment_method, total_cost, delivery_location, did) values (96, 56, 35, 72, '1/5/2020', 'PCM, Inc.', 'Credit Card', null, null, 56);
-- insert into foodlists (flid, cid, riderid, promoid, order_time, restaurant_name, payment_method, total_cost, delivery_location, did) values (97, 9, 16, 34, '5/5/2020', 'Incyte Corporation', 'Credit Card', null, null, 18);
-- insert into foodlists (flid, cid, riderid, promoid, order_time, restaurant_name, payment_method, total_cost, delivery_location, did) values (98, 60, 31, 15, '6/5/2020', 'Scudder Strategic Municiple Income Trust', 'Cash', null, null, 1);
-- insert into foodlists (flid, cid, riderid, promoid, order_time, restaurant_name, payment_method, total_cost, delivery_location, did) values (99, 1, 33, 52, '1/5/2020', 'Adient plc', 'Credit Card', null, null, 37);
-- insert into foodlists (flid, cid, riderid, promoid, order_time, restaurant_name, payment_method, total_cost, delivery_location, did) values (100, 30, 97, 82, '6/5/2020', 'Commerce Bancshares, Inc.', 'Credit Card', null, null, 22);

update foodlists set total_cost = 300  where total_cost is NULL;

insert into Reviews (review, flid) values ('Good', 5);
insert into Reviews (review, flid) values ('Bad', 4);
insert into Reviews (review, flid) values ('Can be improved', 10);
insert into Reviews (review, flid) values ('Bad', 3);
insert into Reviews (review, flid) values ('Maybe more salt', 9);

insert into parttimeriders (riderid, weeklybasesalary) values (1, 572);
insert into parttimeriders (riderid, weeklybasesalary) values (2, 931);
insert into parttimeriders (riderid, weeklybasesalary) values (3, 298);
insert into parttimeriders (riderid, weeklybasesalary) values (4, 563);
insert into parttimeriders (riderid, weeklybasesalary) values (5, 989);
insert into parttimeriders (riderid, weeklybasesalary) values (6, 964);
insert into parttimeriders (riderid, weeklybasesalary) values (7, 257);
insert into parttimeriders (riderid, weeklybasesalary) values (8, 159);
insert into parttimeriders (riderid, weeklybasesalary) values (9, 512);
insert into parttimeriders (riderid, weeklybasesalary) values (10, 947);
insert into parttimeriders (riderid, weeklybasesalary) values (11, 508);
insert into parttimeriders (riderid, weeklybasesalary) values (12, 301);
insert into parttimeriders (riderid, weeklybasesalary) values (13, 356);
insert into parttimeriders (riderid, weeklybasesalary) values (14, 409);
insert into parttimeriders (riderid, weeklybasesalary) values (15, 376);
insert into parttimeriders (riderid, weeklybasesalary) values (16, 322);
insert into parttimeriders (riderid, weeklybasesalary) values (17, 982);
insert into parttimeriders (riderid, weeklybasesalary) values (18, 657);
insert into parttimeriders (riderid, weeklybasesalary) values (19, 565);
insert into parttimeriders (riderid, weeklybasesalary) values (20, 90);
insert into parttimeriders (riderid, weeklybasesalary) values (21, 317);
insert into parttimeriders (riderid, weeklybasesalary) values (22, 901);
insert into parttimeriders (riderid, weeklybasesalary) values (23, 701);
insert into parttimeriders (riderid, weeklybasesalary) values (24, 133);
insert into parttimeriders (riderid, weeklybasesalary) values (25, 580);
insert into parttimeriders (riderid, weeklybasesalary) values (26, 121);
insert into parttimeriders (riderid, weeklybasesalary) values (27, 638);
insert into parttimeriders (riderid, weeklybasesalary) values (28, 783);
insert into parttimeriders (riderid, weeklybasesalary) values (29, 610);
insert into parttimeriders (riderid, weeklybasesalary) values (30, 884);
insert into parttimeriders (riderid, weeklybasesalary) values (31, 929);
insert into parttimeriders (riderid, weeklybasesalary) values (32, 869);
insert into parttimeriders (riderid, weeklybasesalary) values (33, 769);
insert into parttimeriders (riderid, weeklybasesalary) values (34, 201);
insert into parttimeriders (riderid, weeklybasesalary) values (35, 125);
insert into parttimeriders (riderid, weeklybasesalary) values (36, 319);
insert into parttimeriders (riderid, weeklybasesalary) values (37, 305);
insert into parttimeriders (riderid, weeklybasesalary) values (38, 92);
insert into parttimeriders (riderid, weeklybasesalary) values (39, 750);
insert into parttimeriders (riderid, weeklybasesalary) values (40, 284);
insert into parttimeriders (riderid, weeklybasesalary) values (41, 162);
insert into parttimeriders (riderid, weeklybasesalary) values (42, 78);
insert into parttimeriders (riderid, weeklybasesalary) values (43, 304);
insert into parttimeriders (riderid, weeklybasesalary) values (44, 669);
insert into parttimeriders (riderid, weeklybasesalary) values (45, 288);
insert into parttimeriders (riderid, weeklybasesalary) values (46, 95);
insert into parttimeriders (riderid, weeklybasesalary) values (47, 931);
insert into parttimeriders (riderid, weeklybasesalary) values (48, 724);
insert into parttimeriders (riderid, weeklybasesalary) values (49, 74);
insert into parttimeriders (riderid, weeklybasesalary) values (50, 107);

insert into wws (wwsid, dayofweek, riderid) values (1,1,1);
insert into wws (wwsid, dayofweek, riderid) values (2,2,1);
insert into wws (wwsid, dayofweek, riderid) values (3,3,1);
insert into wws (wwsid, dayofweek, riderid) values (4,4,1);
insert into wws (wwsid, dayofweek, riderid) values (5,5,1);
insert into wws (wwsid, dayofweek, riderid) values (6,6,1);
insert into wws (wwsid, dayofweek, riderid) values (7,7,1);
insert into wws (wwsid, dayofweek, riderid) values (8,1,2);
insert into wws (wwsid, dayofweek, riderid) values (9,2,2);
insert into wws (wwsid, dayofweek, riderid) values (10,3,2);
insert into wws (wwsid, dayofweek, riderid) values (11,4,2);
insert into wws (wwsid, dayofweek, riderid) values (12,5,2);
insert into wws (wwsid, dayofweek, riderid) values (13,6,2);
insert into wws (wwsid, dayofweek, riderid) values (14,7,2);
insert into wws (wwsid, dayofweek, riderid) values (15,1,3);
insert into wws (wwsid, dayofweek, riderid) values (16,2,3);
insert into wws (wwsid, dayofweek, riderid) values (17,3,3);
insert into wws (wwsid, dayofweek, riderid) values (18,4,3);
insert into wws (wwsid, dayofweek, riderid) values (19,5,3);
insert into wws (wwsid, dayofweek, riderid) values (20,6,3);
insert into wws (wwsid, dayofweek, riderid) values (21,7,3);
insert into wws (wwsid, dayofweek, riderid) values (22,1,4);
insert into wws (wwsid, dayofweek, riderid) values (23,2,4);
insert into wws (wwsid, dayofweek, riderid) values (24,3,4);
insert into wws (wwsid, dayofweek, riderid) values (25,4,4);
insert into wws (wwsid, dayofweek, riderid) values (26,5,4);
insert into wws (wwsid, dayofweek, riderid) values (27,6,4);
insert into wws (wwsid, dayofweek, riderid) values (28,7,4);
insert into wws (wwsid, dayofweek, riderid) values (29,1,5);
insert into wws (wwsid, dayofweek, riderid) values (30,2,5);
insert into wws (wwsid, dayofweek, riderid) values (31,3,5);
insert into wws (wwsid, dayofweek, riderid) values (32,4,5);
insert into wws (wwsid, dayofweek, riderid) values (33,5,5);
insert into wws (wwsid, dayofweek, riderid) values (34,6,5);
insert into wws (wwsid, dayofweek, riderid) values (35,7,5);
insert into wws (wwsid, dayofweek, riderid) values (36,1,6);
insert into wws (wwsid, dayofweek, riderid) values (37,2,6);
insert into wws (wwsid, dayofweek, riderid) values (38,3,6);
insert into wws (wwsid, dayofweek, riderid) values (39,4,6);
insert into wws (wwsid, dayofweek, riderid) values (40,5,6);
insert into wws (wwsid, dayofweek, riderid) values (41,6,6);
insert into wws (wwsid, dayofweek, riderid) values (42,7,6);
insert into wws (wwsid, dayofweek, riderid) values (43,1,7);
insert into wws (wwsid, dayofweek, riderid) values (44,2,7);
insert into wws (wwsid, dayofweek, riderid) values (45,3,7);
insert into wws (wwsid, dayofweek, riderid) values (46,4,7);
insert into wws (wwsid, dayofweek, riderid) values (47,5,7);
insert into wws (wwsid, dayofweek, riderid) values (48,6,7);
insert into wws (wwsid, dayofweek, riderid) values (49,7,7);
insert into wws (wwsid, dayofweek, riderid) values (50,1,8);
insert into wws (wwsid, dayofweek, riderid) values (51,2,8);
insert into wws (wwsid, dayofweek, riderid) values (52,3,8);
insert into wws (wwsid, dayofweek, riderid) values (53,4,8);
insert into wws (wwsid, dayofweek, riderid) values (54,5,8);
insert into wws (wwsid, dayofweek, riderid) values (55,6,8);
insert into wws (wwsid, dayofweek, riderid) values (56,7,8);
insert into wws (wwsid, dayofweek, riderid) values (57,1,9);
insert into wws (wwsid, dayofweek, riderid) values (58,2,9);
insert into wws (wwsid, dayofweek, riderid) values (59,3,9);
insert into wws (wwsid, dayofweek, riderid) values (60,4,9);
insert into wws (wwsid, dayofweek, riderid) values (61,5,9);
insert into wws (wwsid, dayofweek, riderid) values (62,6,9);
insert into wws (wwsid, dayofweek, riderid) values (63,7,9);
insert into wws (wwsid, dayofweek, riderid) values (64,1,10);
insert into wws (wwsid, dayofweek, riderid) values (65,2,10);
insert into wws (wwsid, dayofweek, riderid) values (66,3,10);
insert into wws (wwsid, dayofweek, riderid) values (67,4,10);
insert into wws (wwsid, dayofweek, riderid) values (68,5,10);
insert into wws (wwsid, dayofweek, riderid) values (69,6,10);
insert into wws (wwsid, dayofweek, riderid) values (70,7,10);
insert into wws (wwsid, dayofweek, riderid) values (71,1,11);
insert into wws (wwsid, dayofweek, riderid) values (72,2,11);
insert into wws (wwsid, dayofweek, riderid) values (73,3,11);
insert into wws (wwsid, dayofweek, riderid) values (74,4,11);
insert into wws (wwsid, dayofweek, riderid) values (75,5,11);
insert into wws (wwsid, dayofweek, riderid) values (76,6,11);
insert into wws (wwsid, dayofweek, riderid) values (77,7,11);
insert into wws (wwsid, dayofweek, riderid) values (78,1,12);
insert into wws (wwsid, dayofweek, riderid) values (79,2,12);
insert into wws (wwsid, dayofweek, riderid) values (80,3,12);
insert into wws (wwsid, dayofweek, riderid) values (81,4,12);
insert into wws (wwsid, dayofweek, riderid) values (82,5,12);
insert into wws (wwsid, dayofweek, riderid) values (83,6,12);
insert into wws (wwsid, dayofweek, riderid) values (84,7,12);
insert into wws (wwsid, dayofweek, riderid) values (85,1,13);
insert into wws (wwsid, dayofweek, riderid) values (86,2,13);
insert into wws (wwsid, dayofweek, riderid) values (87,3,13);
insert into wws (wwsid, dayofweek, riderid) values (88,4,13);
insert into wws (wwsid, dayofweek, riderid) values (89,5,13);
insert into wws (wwsid, dayofweek, riderid) values (90,6,13);
insert into wws (wwsid, dayofweek, riderid) values (91,7,13);
insert into wws (wwsid, dayofweek, riderid) values (92,1,14);
insert into wws (wwsid, dayofweek, riderid) values (93,2,14);
insert into wws (wwsid, dayofweek, riderid) values (94,3,14);
insert into wws (wwsid, dayofweek, riderid) values (95,4,14);
insert into wws (wwsid, dayofweek, riderid) values (96,5,14);
insert into wws (wwsid, dayofweek, riderid) values (97,6,14);
insert into wws (wwsid, dayofweek, riderid) values (98,7,14);
insert into wws (wwsid, dayofweek, riderid) values (99,1,15);
insert into wws (wwsid, dayofweek, riderid) values (100,2,15);
insert into wws (wwsid, dayofweek, riderid) values (101,3,15);
insert into wws (wwsid, dayofweek, riderid) values (102,4,15);
insert into wws (wwsid, dayofweek, riderid) values (103,5,15);
insert into wws (wwsid, dayofweek, riderid) values (104,6,15);
insert into wws (wwsid, dayofweek, riderid) values (105,7,15);
insert into wws (wwsid, dayofweek, riderid) values (106,1,16);
insert into wws (wwsid, dayofweek, riderid) values (107,2,16);
insert into wws (wwsid, dayofweek, riderid) values (108,3,16);
insert into wws (wwsid, dayofweek, riderid) values (109,4,16);
insert into wws (wwsid, dayofweek, riderid) values (110,5,16);
insert into wws (wwsid, dayofweek, riderid) values (111,6,16);
insert into wws (wwsid, dayofweek, riderid) values (112,7,16);
insert into wws (wwsid, dayofweek, riderid) values (113,1,17);
insert into wws (wwsid, dayofweek, riderid) values (114,2,17);
insert into wws (wwsid, dayofweek, riderid) values (115,3,17);
insert into wws (wwsid, dayofweek, riderid) values (116,4,17);
insert into wws (wwsid, dayofweek, riderid) values (117,5,17);
insert into wws (wwsid, dayofweek, riderid) values (118,6,17);
insert into wws (wwsid, dayofweek, riderid) values (119,7,17);
insert into wws (wwsid, dayofweek, riderid) values (120,1,18);
insert into wws (wwsid, dayofweek, riderid) values (121,2,18);
insert into wws (wwsid, dayofweek, riderid) values (122,3,18);
insert into wws (wwsid, dayofweek, riderid) values (123,4,18);
insert into wws (wwsid, dayofweek, riderid) values (124,5,18);
insert into wws (wwsid, dayofweek, riderid) values (125,6,18);
insert into wws (wwsid, dayofweek, riderid) values (126,7,18);
insert into wws (wwsid, dayofweek, riderid) values (127,1,19);
insert into wws (wwsid, dayofweek, riderid) values (128,2,19);
insert into wws (wwsid, dayofweek, riderid) values (129,3,19);
insert into wws (wwsid, dayofweek, riderid) values (130,4,19);
insert into wws (wwsid, dayofweek, riderid) values (131,5,19);
insert into wws (wwsid, dayofweek, riderid) values (132,6,19);
insert into wws (wwsid, dayofweek, riderid) values (133,7,19);
insert into wws (wwsid, dayofweek, riderid) values (134,1,20);
insert into wws (wwsid, dayofweek, riderid) values (135,2,20);
insert into wws (wwsid, dayofweek, riderid) values (136,3,20);
insert into wws (wwsid, dayofweek, riderid) values (137,4,20);
insert into wws (wwsid, dayofweek, riderid) values (138,5,20);
insert into wws (wwsid, dayofweek, riderid) values (139,6,20);
insert into wws (wwsid, dayofweek, riderid) values (140,7,20);
insert into wws (wwsid, dayofweek, riderid) values (141,1,21);
insert into wws (wwsid, dayofweek, riderid) values (142,2,21);
insert into wws (wwsid, dayofweek, riderid) values (143,3,21);
insert into wws (wwsid, dayofweek, riderid) values (144,4,21);
insert into wws (wwsid, dayofweek, riderid) values (145,5,21);
insert into wws (wwsid, dayofweek, riderid) values (146,6,21);
insert into wws (wwsid, dayofweek, riderid) values (147,7,21);
insert into wws (wwsid, dayofweek, riderid) values (148,1,22);
insert into wws (wwsid, dayofweek, riderid) values (149,2,22);
insert into wws (wwsid, dayofweek, riderid) values (150,3,22);
insert into wws (wwsid, dayofweek, riderid) values (151,4,22);
insert into wws (wwsid, dayofweek, riderid) values (152,5,22);
insert into wws (wwsid, dayofweek, riderid) values (153,6,22);
insert into wws (wwsid, dayofweek, riderid) values (154,7,22);
insert into wws (wwsid, dayofweek, riderid) values (155,1,23);
insert into wws (wwsid, dayofweek, riderid) values (156,2,23);
insert into wws (wwsid, dayofweek, riderid) values (157,3,23);
insert into wws (wwsid, dayofweek, riderid) values (158,4,23);
insert into wws (wwsid, dayofweek, riderid) values (159,5,23);
insert into wws (wwsid, dayofweek, riderid) values (160,6,23);
insert into wws (wwsid, dayofweek, riderid) values (161,7,23);
insert into wws (wwsid, dayofweek, riderid) values (162,1,24);
insert into wws (wwsid, dayofweek, riderid) values (163,2,24);
insert into wws (wwsid, dayofweek, riderid) values (164,3,24);
insert into wws (wwsid, dayofweek, riderid) values (165,4,24);
insert into wws (wwsid, dayofweek, riderid) values (166,5,24);
insert into wws (wwsid, dayofweek, riderid) values (167,6,24);
insert into wws (wwsid, dayofweek, riderid) values (168,7,24);
insert into wws (wwsid, dayofweek, riderid) values (169,1,25);
insert into wws (wwsid, dayofweek, riderid) values (170,2,25);
insert into wws (wwsid, dayofweek, riderid) values (171,3,25);
insert into wws (wwsid, dayofweek, riderid) values (172,4,25);
insert into wws (wwsid, dayofweek, riderid) values (173,5,25);
insert into wws (wwsid, dayofweek, riderid) values (174,6,25);
insert into wws (wwsid, dayofweek, riderid) values (175,7,25);
insert into wws (wwsid, dayofweek, riderid) values (176,1,26);
insert into wws (wwsid, dayofweek, riderid) values (177,2,26);
insert into wws (wwsid, dayofweek, riderid) values (178,3,26);
insert into wws (wwsid, dayofweek, riderid) values (179,4,26);
insert into wws (wwsid, dayofweek, riderid) values (180,5,26);
insert into wws (wwsid, dayofweek, riderid) values (181,6,26);
insert into wws (wwsid, dayofweek, riderid) values (182,7,26);
insert into wws (wwsid, dayofweek, riderid) values (183,1,27);
insert into wws (wwsid, dayofweek, riderid) values (184,2,27);
insert into wws (wwsid, dayofweek, riderid) values (185,3,27);
insert into wws (wwsid, dayofweek, riderid) values (186,4,27);
insert into wws (wwsid, dayofweek, riderid) values (187,5,27);
insert into wws (wwsid, dayofweek, riderid) values (188,6,27);
insert into wws (wwsid, dayofweek, riderid) values (189,7,27);
insert into wws (wwsid, dayofweek, riderid) values (190,1,28);
insert into wws (wwsid, dayofweek, riderid) values (191,2,28);
insert into wws (wwsid, dayofweek, riderid) values (192,3,28);
insert into wws (wwsid, dayofweek, riderid) values (193,4,28);
insert into wws (wwsid, dayofweek, riderid) values (194,5,28);
insert into wws (wwsid, dayofweek, riderid) values (195,6,28);
insert into wws (wwsid, dayofweek, riderid) values (196,7,28);
insert into wws (wwsid, dayofweek, riderid) values (197,1,29);
insert into wws (wwsid, dayofweek, riderid) values (198,2,29);
insert into wws (wwsid, dayofweek, riderid) values (199,3,29);
insert into wws (wwsid, dayofweek, riderid) values (200,4,29);
insert into wws (wwsid, dayofweek, riderid) values (201,5,29);
insert into wws (wwsid, dayofweek, riderid) values (202,6,29);
insert into wws (wwsid, dayofweek, riderid) values (203,7,29);
insert into wws (wwsid, dayofweek, riderid) values (204,1,30);
insert into wws (wwsid, dayofweek, riderid) values (205,2,30);
insert into wws (wwsid, dayofweek, riderid) values (206,3,30);
insert into wws (wwsid, dayofweek, riderid) values (207,4,30);
insert into wws (wwsid, dayofweek, riderid) values (208,5,30);
insert into wws (wwsid, dayofweek, riderid) values (209,6,30);
insert into wws (wwsid, dayofweek, riderid) values (210,7,30);
insert into wws (wwsid, dayofweek, riderid) values (211,1,31);
insert into wws (wwsid, dayofweek, riderid) values (212,2,31);
insert into wws (wwsid, dayofweek, riderid) values (213,3,31);
insert into wws (wwsid, dayofweek, riderid) values (214,4,31);
insert into wws (wwsid, dayofweek, riderid) values (215,5,31);
insert into wws (wwsid, dayofweek, riderid) values (216,6,31);
insert into wws (wwsid, dayofweek, riderid) values (217,7,31);
insert into wws (wwsid, dayofweek, riderid) values (218,1,32);
insert into wws (wwsid, dayofweek, riderid) values (219,2,32);
insert into wws (wwsid, dayofweek, riderid) values (220,3,32);
insert into wws (wwsid, dayofweek, riderid) values (221,4,32);
insert into wws (wwsid, dayofweek, riderid) values (222,5,32);
insert into wws (wwsid, dayofweek, riderid) values (223,6,32);
insert into wws (wwsid, dayofweek, riderid) values (224,7,32);
insert into wws (wwsid, dayofweek, riderid) values (225,1,33);
insert into wws (wwsid, dayofweek, riderid) values (226,2,33);
insert into wws (wwsid, dayofweek, riderid) values (227,3,33);
insert into wws (wwsid, dayofweek, riderid) values (228,4,33);
insert into wws (wwsid, dayofweek, riderid) values (229,5,33);
insert into wws (wwsid, dayofweek, riderid) values (230,6,33);
insert into wws (wwsid, dayofweek, riderid) values (231,7,33);
insert into wws (wwsid, dayofweek, riderid) values (232,1,34);
insert into wws (wwsid, dayofweek, riderid) values (233,2,34);
insert into wws (wwsid, dayofweek, riderid) values (234,3,34);
insert into wws (wwsid, dayofweek, riderid) values (235,4,34);
insert into wws (wwsid, dayofweek, riderid) values (236,5,34);
insert into wws (wwsid, dayofweek, riderid) values (237,6,34);
insert into wws (wwsid, dayofweek, riderid) values (238,7,34);
insert into wws (wwsid, dayofweek, riderid) values (239,1,35);
insert into wws (wwsid, dayofweek, riderid) values (240,2,35);
insert into wws (wwsid, dayofweek, riderid) values (241,3,35);
insert into wws (wwsid, dayofweek, riderid) values (242,4,35);
insert into wws (wwsid, dayofweek, riderid) values (243,5,35);
insert into wws (wwsid, dayofweek, riderid) values (244,6,35);
insert into wws (wwsid, dayofweek, riderid) values (245,7,35);
insert into wws (wwsid, dayofweek, riderid) values (246,1,36);
insert into wws (wwsid, dayofweek, riderid) values (247,2,36);
insert into wws (wwsid, dayofweek, riderid) values (248,3,36);
insert into wws (wwsid, dayofweek, riderid) values (249,4,36);
insert into wws (wwsid, dayofweek, riderid) values (250,5,36);
insert into wws (wwsid, dayofweek, riderid) values (251,6,36);
insert into wws (wwsid, dayofweek, riderid) values (252,7,36);
insert into wws (wwsid, dayofweek, riderid) values (253,1,37);
insert into wws (wwsid, dayofweek, riderid) values (254,2,37);
insert into wws (wwsid, dayofweek, riderid) values (255,3,37);
insert into wws (wwsid, dayofweek, riderid) values (256,4,37);
insert into wws (wwsid, dayofweek, riderid) values (257,5,37);
insert into wws (wwsid, dayofweek, riderid) values (258,6,37);
insert into wws (wwsid, dayofweek, riderid) values (259,7,37);
insert into wws (wwsid, dayofweek, riderid) values (260,1,38);
insert into wws (wwsid, dayofweek, riderid) values (261,2,38);
insert into wws (wwsid, dayofweek, riderid) values (262,3,38);
insert into wws (wwsid, dayofweek, riderid) values (263,4,38);
insert into wws (wwsid, dayofweek, riderid) values (264,5,38);
insert into wws (wwsid, dayofweek, riderid) values (265,6,38);
insert into wws (wwsid, dayofweek, riderid) values (266,7,38);
insert into wws (wwsid, dayofweek, riderid) values (267,1,39);
insert into wws (wwsid, dayofweek, riderid) values (268,2,39);
insert into wws (wwsid, dayofweek, riderid) values (269,3,39);
insert into wws (wwsid, dayofweek, riderid) values (270,4,39);
insert into wws (wwsid, dayofweek, riderid) values (271,5,39);
insert into wws (wwsid, dayofweek, riderid) values (272,6,39);
insert into wws (wwsid, dayofweek, riderid) values (273,7,39);
insert into wws (wwsid, dayofweek, riderid) values (274,1,40);
insert into wws (wwsid, dayofweek, riderid) values (275,2,40);
insert into wws (wwsid, dayofweek, riderid) values (276,3,40);
insert into wws (wwsid, dayofweek, riderid) values (277,4,40);
insert into wws (wwsid, dayofweek, riderid) values (278,5,40);
insert into wws (wwsid, dayofweek, riderid) values (279,6,40);
insert into wws (wwsid, dayofweek, riderid) values (280,7,40);
insert into wws (wwsid, dayofweek, riderid) values (281,1,41);
insert into wws (wwsid, dayofweek, riderid) values (282,2,41);
insert into wws (wwsid, dayofweek, riderid) values (283,3,41);
insert into wws (wwsid, dayofweek, riderid) values (284,4,41);
insert into wws (wwsid, dayofweek, riderid) values (285,5,41);
insert into wws (wwsid, dayofweek, riderid) values (286,6,41);
insert into wws (wwsid, dayofweek, riderid) values (287,7,41);
insert into wws (wwsid, dayofweek, riderid) values (288,1,42);
insert into wws (wwsid, dayofweek, riderid) values (289,2,42);
insert into wws (wwsid, dayofweek, riderid) values (290,3,42);
insert into wws (wwsid, dayofweek, riderid) values (291,4,42);
insert into wws (wwsid, dayofweek, riderid) values (292,5,42);
insert into wws (wwsid, dayofweek, riderid) values (293,6,42);
insert into wws (wwsid, dayofweek, riderid) values (294,7,42);
insert into wws (wwsid, dayofweek, riderid) values (295,1,43);
insert into wws (wwsid, dayofweek, riderid) values (296,2,43);
insert into wws (wwsid, dayofweek, riderid) values (297,3,43);
insert into wws (wwsid, dayofweek, riderid) values (298,4,43);
insert into wws (wwsid, dayofweek, riderid) values (299,5,43);
insert into wws (wwsid, dayofweek, riderid) values (300,6,43);
insert into wws (wwsid, dayofweek, riderid) values (301,7,43);
insert into wws (wwsid, dayofweek, riderid) values (302,1,44);
insert into wws (wwsid, dayofweek, riderid) values (303,2,44);
insert into wws (wwsid, dayofweek, riderid) values (304,3,44);
insert into wws (wwsid, dayofweek, riderid) values (305,4,44);
insert into wws (wwsid, dayofweek, riderid) values (306,5,44);
insert into wws (wwsid, dayofweek, riderid) values (307,6,44);
insert into wws (wwsid, dayofweek, riderid) values (308,7,44);
insert into wws (wwsid, dayofweek, riderid) values (309,1,45);
insert into wws (wwsid, dayofweek, riderid) values (310,2,45);
insert into wws (wwsid, dayofweek, riderid) values (311,3,45);
insert into wws (wwsid, dayofweek, riderid) values (312,4,45);
insert into wws (wwsid, dayofweek, riderid) values (313,5,45);
insert into wws (wwsid, dayofweek, riderid) values (314,6,45);
insert into wws (wwsid, dayofweek, riderid) values (315,7,45);
insert into wws (wwsid, dayofweek, riderid) values (316,1,46);
insert into wws (wwsid, dayofweek, riderid) values (317,2,46);
insert into wws (wwsid, dayofweek, riderid) values (318,3,46);
insert into wws (wwsid, dayofweek, riderid) values (319,4,46);
insert into wws (wwsid, dayofweek, riderid) values (320,5,46);
insert into wws (wwsid, dayofweek, riderid) values (321,6,46);
insert into wws (wwsid, dayofweek, riderid) values (322,7,46);
insert into wws (wwsid, dayofweek, riderid) values (323,1,47);
insert into wws (wwsid, dayofweek, riderid) values (324,2,47);
insert into wws (wwsid, dayofweek, riderid) values (325,3,47);
insert into wws (wwsid, dayofweek, riderid) values (326,4,47);
insert into wws (wwsid, dayofweek, riderid) values (327,5,47);
insert into wws (wwsid, dayofweek, riderid) values (328,6,47);
insert into wws (wwsid, dayofweek, riderid) values (329,7,47);
insert into wws (wwsid, dayofweek, riderid) values (330,1,48);
insert into wws (wwsid, dayofweek, riderid) values (331,2,48);
insert into wws (wwsid, dayofweek, riderid) values (332,3,48);
insert into wws (wwsid, dayofweek, riderid) values (333,4,48);
insert into wws (wwsid, dayofweek, riderid) values (334,5,48);
insert into wws (wwsid, dayofweek, riderid) values (335,6,48);
insert into wws (wwsid, dayofweek, riderid) values (336,7,48);
insert into wws (wwsid, dayofweek, riderid) values (337,1,49);
insert into wws (wwsid, dayofweek, riderid) values (338,2,49);
insert into wws (wwsid, dayofweek, riderid) values (339,3,49);
insert into wws (wwsid, dayofweek, riderid) values (340,4,49);
insert into wws (wwsid, dayofweek, riderid) values (341,5,49);
insert into wws (wwsid, dayofweek, riderid) values (342,6,49);
insert into wws (wwsid, dayofweek, riderid) values (343,7,49);
insert into wws (wwsid, dayofweek, riderid) values (344,1,50);
insert into wws (wwsid, dayofweek, riderid) values (345,2,50);
insert into wws (wwsid, dayofweek, riderid) values (346,3,50);
insert into wws (wwsid, dayofweek, riderid) values (347,4,50);
insert into wws (wwsid, dayofweek, riderid) values (348,5,50);
insert into wws (wwsid, dayofweek, riderid) values (349,6,50);
insert into wws (wwsid, dayofweek, riderid) values (350,7,50);


insert into holds (wwsid, sessionsid) values (70, 20);
insert into holds (wwsid, sessionsid) values (233, 4);
insert into holds (wwsid, sessionsid) values (236, 1);
insert into holds (wwsid, sessionsid) values (336, 8);
insert into holds (wwsid, sessionsid) values (253, 20);
insert into holds (wwsid, sessionsid) values (215, 1);
insert into holds (wwsid, sessionsid) values (302, 11);
insert into holds (wwsid, sessionsid) values (349, 5);
insert into holds (wwsid, sessionsid) values (283, 6);
insert into holds (wwsid, sessionsid) values (95, 5);
insert into holds (wwsid, sessionsid) values (223, 21);
insert into holds (wwsid, sessionsid) values (261, 10);
insert into holds (wwsid, sessionsid) values (348, 6);
insert into holds (wwsid, sessionsid) values (312, 5);
insert into holds (wwsid, sessionsid) values (337, 22);
insert into holds (wwsid, sessionsid) values (85, 3);
insert into holds (wwsid, sessionsid) values (73, 2);
insert into holds (wwsid, sessionsid) values (141, 22);
insert into holds (wwsid, sessionsid) values (236, 5);
insert into holds (wwsid, sessionsid) values (57, 22);
insert into holds (wwsid, sessionsid) values (49, 22);
insert into holds (wwsid, sessionsid) values (107, 20);
insert into holds (wwsid, sessionsid) values (33, 10);
insert into holds (wwsid, sessionsid) values (298, 13);
insert into holds (wwsid, sessionsid) values (132, 12);
insert into holds (wwsid, sessionsid) values (303, 4);
insert into holds (wwsid, sessionsid) values (187, 10);
insert into holds (wwsid, sessionsid) values (305, 16);
insert into holds (wwsid, sessionsid) values (147, 17);
insert into holds (wwsid, sessionsid) values (122, 19);
insert into holds (wwsid, sessionsid) values (29, 6);
insert into holds (wwsid, sessionsid) values (173, 1);
insert into holds (wwsid, sessionsid) values (341, 11);
insert into holds (wwsid, sessionsid) values (278, 9);
insert into holds (wwsid, sessionsid) values (71, 3);
insert into holds (wwsid, sessionsid) values (19, 6);
insert into holds (wwsid, sessionsid) values (52, 6);
insert into holds (wwsid, sessionsid) values (72, 14);
insert into holds (wwsid, sessionsid) values (233, 21);
insert into holds (wwsid, sessionsid) values (167, 11);
insert into holds (wwsid, sessionsid) values (163, 9);
insert into holds (wwsid, sessionsid) values (273, 4);
insert into holds (wwsid, sessionsid) values (11, 21);
insert into holds (wwsid, sessionsid) values (159, 15);
insert into holds (wwsid, sessionsid) values (222, 1);
insert into holds (wwsid, sessionsid) values (192, 22);
insert into holds (wwsid, sessionsid) values (65, 9);
insert into holds (wwsid, sessionsid) values (165, 4);
insert into holds (wwsid, sessionsid) values (46, 10);
insert into holds (wwsid, sessionsid) values (287, 10);
insert into holds (wwsid, sessionsid) values (34, 11);
insert into holds (wwsid, sessionsid) values (5, 17);
insert into holds (wwsid, sessionsid) values (229, 18);
insert into holds (wwsid, sessionsid) values (161, 13);
insert into holds (wwsid, sessionsid) values (136, 11);
insert into holds (wwsid, sessionsid) values (14, 5);
insert into holds (wwsid, sessionsid) values (51, 1);
insert into holds (wwsid, sessionsid) values (182, 2);
insert into holds (wwsid, sessionsid) values (318, 20);
insert into holds (wwsid, sessionsid) values (309, 6);
insert into holds (wwsid, sessionsid) values (308, 19);
insert into holds (wwsid, sessionsid) values (310, 19);
insert into holds (wwsid, sessionsid) values (204, 21);
insert into holds (wwsid, sessionsid) values (114, 14);
insert into holds (wwsid, sessionsid) values (315, 3);
insert into holds (wwsid, sessionsid) values (263, 21);
insert into holds (wwsid, sessionsid) values (257, 11);
insert into holds (wwsid, sessionsid) values (226, 15);
insert into holds (wwsid, sessionsid) values (12, 17);
insert into holds (wwsid, sessionsid) values (4, 10);
insert into holds (wwsid, sessionsid) values (146, 9);
insert into holds (wwsid, sessionsid) values (198, 15);
insert into holds (wwsid, sessionsid) values (25, 10);
insert into holds (wwsid, sessionsid) values (263, 13);
insert into holds (wwsid, sessionsid) values (156, 6);
insert into holds (wwsid, sessionsid) values (201, 8);
insert into holds (wwsid, sessionsid) values (119, 22);
insert into holds (wwsid, sessionsid) values (325, 1);
insert into holds (wwsid, sessionsid) values (196, 17);
insert into holds (wwsid, sessionsid) values (54, 22);
insert into holds (wwsid, sessionsid) values (153, 22);
insert into holds (wwsid, sessionsid) values (13, 22);
insert into holds (wwsid, sessionsid) values (158, 14);
insert into holds (wwsid, sessionsid) values (57, 12);
insert into holds (wwsid, sessionsid) values (291, 10);
insert into holds (wwsid, sessionsid) values (165, 8);
insert into holds (wwsid, sessionsid) values (210, 3);
insert into holds (wwsid, sessionsid) values (298, 2);
insert into holds (wwsid, sessionsid) values (175, 12);
insert into holds (wwsid, sessionsid) values (244, 8);
insert into holds (wwsid, sessionsid) values (151, 22);
insert into holds (wwsid, sessionsid) values (183, 11);
insert into holds (wwsid, sessionsid) values (298, 11);
insert into holds (wwsid, sessionsid) values (279, 9);
insert into holds (wwsid, sessionsid) values (265, 11);
insert into holds (wwsid, sessionsid) values (348, 17);
insert into holds (wwsid, sessionsid) values (218, 18);
insert into holds (wwsid, sessionsid) values (321, 18);
insert into holds (wwsid, sessionsid) values (227, 9);
insert into holds (wwsid, sessionsid) values (265, 6);
insert into holds (wwsid, sessionsid) values (325, 9);
insert into holds (wwsid, sessionsid) values (255, 18);
insert into holds (wwsid, sessionsid) values (148, 5);
insert into holds (wwsid, sessionsid) values (109, 3);
insert into holds (wwsid, sessionsid) values (266, 22);
insert into holds (wwsid, sessionsid) values (161, 21);
insert into holds (wwsid, sessionsid) values (205, 12);
insert into holds (wwsid, sessionsid) values (316, 6);
insert into holds (wwsid, sessionsid) values (58, 19);
insert into holds (wwsid, sessionsid) values (272, 3);
insert into holds (wwsid, sessionsid) values (303, 16);
insert into holds (wwsid, sessionsid) values (254, 17);
insert into holds (wwsid, sessionsid) values (90, 13);
insert into holds (wwsid, sessionsid) values (270, 6);
insert into holds (wwsid, sessionsid) values (195, 17);
insert into holds (wwsid, sessionsid) values (253, 14);
insert into holds (wwsid, sessionsid) values (338, 21);
insert into holds (wwsid, sessionsid) values (328, 8);
insert into holds (wwsid, sessionsid) values (172, 22);
insert into holds (wwsid, sessionsid) values (318, 1);
insert into holds (wwsid, sessionsid) values (196, 11);
insert into holds (wwsid, sessionsid) values (217, 12);
insert into holds (wwsid, sessionsid) values (233, 8);
insert into holds (wwsid, sessionsid) values (64, 1);
insert into holds (wwsid, sessionsid) values (341, 21);
insert into holds (wwsid, sessionsid) values (181, 17);
insert into holds (wwsid, sessionsid) values (279, 18);
insert into holds (wwsid, sessionsid) values (260, 9);
insert into holds (wwsid, sessionsid) values (174, 7);
insert into holds (wwsid, sessionsid) values (281, 9);
insert into holds (wwsid, sessionsid) values (62, 14);
insert into holds (wwsid, sessionsid) values (304, 4);
insert into holds (wwsid, sessionsid) values (192, 6);
insert into holds (wwsid, sessionsid) values (223, 14);
insert into holds (wwsid, sessionsid) values (168, 7);
insert into holds (wwsid, sessionsid) values (316, 1);
insert into holds (wwsid, sessionsid) values (14, 16);
insert into holds (wwsid, sessionsid) values (56, 9);
insert into holds (wwsid, sessionsid) values (91, 20);
insert into holds (wwsid, sessionsid) values (153, 12);
insert into holds (wwsid, sessionsid) values (234, 5);
insert into holds (wwsid, sessionsid) values (6, 7);
insert into holds (wwsid, sessionsid) values (315, 15);
insert into holds (wwsid, sessionsid) values (219, 7);
insert into holds (wwsid, sessionsid) values (334, 21);
insert into holds (wwsid, sessionsid) values (300, 21);
insert into holds (wwsid, sessionsid) values (197, 15);
insert into holds (wwsid, sessionsid) values (92, 18);
insert into holds (wwsid, sessionsid) values (96, 19);
insert into holds (wwsid, sessionsid) values (21, 22);
insert into holds (wwsid, sessionsid) values (274, 23);
insert into holds (wwsid, sessionsid) values (183, 7);
insert into holds (wwsid, sessionsid) values (3, 2);
insert into holds (wwsid, sessionsid) values (75, 2);
insert into holds (wwsid, sessionsid) values (276, 23);
insert into holds (wwsid, sessionsid) values (187, 9);
insert into holds (wwsid, sessionsid) values (152, 8);
insert into holds (wwsid, sessionsid) values (76, 23);
insert into holds (wwsid, sessionsid) values (288, 3);
insert into holds (wwsid, sessionsid) values (99, 9);
insert into holds (wwsid, sessionsid) values (343, 10);
insert into holds (wwsid, sessionsid) values (261, 4);
insert into holds (wwsid, sessionsid) values (243, 18);
insert into holds (wwsid, sessionsid) values (255, 16);
insert into holds (wwsid, sessionsid) values (17, 13);
insert into holds (wwsid, sessionsid) values (60, 8);
insert into holds (wwsid, sessionsid) values (230, 8);
insert into holds (wwsid, sessionsid) values (188, 3);
insert into holds (wwsid, sessionsid) values (341, 13);
insert into holds (wwsid, sessionsid) values (218, 5);
insert into holds (wwsid, sessionsid) values (221, 13);
insert into holds (wwsid, sessionsid) values (192, 19);
insert into holds (wwsid, sessionsid) values (262, 4);
insert into holds (wwsid, sessionsid) values (97, 22);
insert into holds (wwsid, sessionsid) values (213, 7);
insert into holds (wwsid, sessionsid) values (291, 22);
insert into holds (wwsid, sessionsid) values (66, 23);
insert into holds (wwsid, sessionsid) values (254, 22);
insert into holds (wwsid, sessionsid) values (57, 10);
insert into holds (wwsid, sessionsid) values (38, 18);
insert into holds (wwsid, sessionsid) values (51, 22);
insert into holds (wwsid, sessionsid) values (301, 2);
insert into holds (wwsid, sessionsid) values (334, 4);
insert into holds (wwsid, sessionsid) values (255, 17);
insert into holds (wwsid, sessionsid) values (219, 4);
insert into holds (wwsid, sessionsid) values (96, 13);
insert into holds (wwsid, sessionsid) values (196, 12);
insert into holds (wwsid, sessionsid) values (49, 4);
insert into holds (wwsid, sessionsid) values (265, 14);
insert into holds (wwsid, sessionsid) values (170, 20);
insert into holds (wwsid, sessionsid) values (265, 19);
insert into holds (wwsid, sessionsid) values (57, 3);
insert into holds (wwsid, sessionsid) values (329, 23);
insert into holds (wwsid, sessionsid) values (196, 8);
insert into holds (wwsid, sessionsid) values (258, 23);
insert into holds (wwsid, sessionsid) values (87, 12);
insert into holds (wwsid, sessionsid) values (300, 15);
insert into holds (wwsid, sessionsid) values (258, 2);
insert into holds (wwsid, sessionsid) values (98, 10);
insert into holds (wwsid, sessionsid) values (168, 3);
insert into holds (wwsid, sessionsid) values (46, 1);
insert into holds (wwsid, sessionsid) values (215, 8);
insert into holds (wwsid, sessionsid) values (88, 4);
insert into holds (wwsid, sessionsid) values (281, 20);
insert into holds (wwsid, sessionsid) values (163, 18);
insert into holds (wwsid, sessionsid) values (32, 19);
insert into holds (wwsid, sessionsid) values (171, 5);
insert into holds (wwsid, sessionsid) values (298, 12);
insert into holds (wwsid, sessionsid) values (91, 5);
insert into holds (wwsid, sessionsid) values (43, 16);
insert into holds (wwsid, sessionsid) values (322, 20);
insert into holds (wwsid, sessionsid) values (125, 23);
insert into holds (wwsid, sessionsid) values (349, 2);
insert into holds (wwsid, sessionsid) values (166, 17);
insert into holds (wwsid, sessionsid) values (24, 1);
insert into holds (wwsid, sessionsid) values (247, 17);
insert into holds (wwsid, sessionsid) values (97, 3);
insert into holds (wwsid, sessionsid) values (331, 19);
insert into holds (wwsid, sessionsid) values (178, 9);
insert into holds (wwsid, sessionsid) values (184, 4);
insert into holds (wwsid, sessionsid) values (147, 3);
insert into holds (wwsid, sessionsid) values (29, 20);
insert into holds (wwsid, sessionsid) values (239, 3);
insert into holds (wwsid, sessionsid) values (226, 5);
insert into holds (wwsid, sessionsid) values (332, 4);
insert into holds (wwsid, sessionsid) values (47, 23);
insert into holds (wwsid, sessionsid) values (104, 13);
insert into holds (wwsid, sessionsid) values (309, 4);
insert into holds (wwsid, sessionsid) values (312, 22);
insert into holds (wwsid, sessionsid) values (246, 18);
insert into holds (wwsid, sessionsid) values (135, 10);
insert into holds (wwsid, sessionsid) values (138, 18);
insert into holds (wwsid, sessionsid) values (296, 9);
insert into holds (wwsid, sessionsid) values (313, 11);
insert into holds (wwsid, sessionsid) values (169, 6);
insert into holds (wwsid, sessionsid) values (332, 22);
insert into holds (wwsid, sessionsid) values (224, 12);
insert into holds (wwsid, sessionsid) values (202, 22);
insert into holds (wwsid, sessionsid) values (327, 12);
insert into holds (wwsid, sessionsid) values (61, 22);
insert into holds (wwsid, sessionsid) values (104, 10);
insert into holds (wwsid, sessionsid) values (143, 16);
insert into holds (wwsid, sessionsid) values (55, 21);
insert into holds (wwsid, sessionsid) values (218, 9);
insert into holds (wwsid, sessionsid) values (285, 19);
insert into holds (wwsid, sessionsid) values (187, 21);
insert into holds (wwsid, sessionsid) values (94, 21);
insert into holds (wwsid, sessionsid) values (272, 4);
insert into holds (wwsid, sessionsid) values (136, 2);
insert into holds (wwsid, sessionsid) values (206, 19);
insert into holds (wwsid, sessionsid) values (34, 18);
insert into holds (wwsid, sessionsid) values (249, 17);
insert into holds (wwsid, sessionsid) values (207, 3);
insert into holds (wwsid, sessionsid) values (347, 11);
insert into holds (wwsid, sessionsid) values (138, 17);
insert into holds (wwsid, sessionsid) values (33, 6);
insert into holds (wwsid, sessionsid) values (180, 10);
insert into holds (wwsid, sessionsid) values (251, 20);
insert into holds (wwsid, sessionsid) values (214, 7);
insert into holds (wwsid, sessionsid) values (336, 5);
insert into holds (wwsid, sessionsid) values (210, 2);
insert into holds (wwsid, sessionsid) values (132, 20);
insert into holds (wwsid, sessionsid) values (290, 8);
insert into holds (wwsid, sessionsid) values (125, 14);
insert into holds (wwsid, sessionsid) values (75, 5);
insert into holds (wwsid, sessionsid) values (272, 7);
insert into holds (wwsid, sessionsid) values (213, 9);
insert into holds (wwsid, sessionsid) values (80, 19);
insert into holds (wwsid, sessionsid) values (153, 23);
insert into holds (wwsid, sessionsid) values (241, 20);
insert into holds (wwsid, sessionsid) values (123, 8);
insert into holds (wwsid, sessionsid) values (139, 1);
insert into holds (wwsid, sessionsid) values (81, 16);
insert into holds (wwsid, sessionsid) values (318, 16);
insert into holds (wwsid, sessionsid) values (258, 10);
insert into holds (wwsid, sessionsid) values (133, 11);
insert into holds (wwsid, sessionsid) values (17, 5);
insert into holds (wwsid, sessionsid) values (163, 22);
insert into holds (wwsid, sessionsid) values (252, 19);
insert into holds (wwsid, sessionsid) values (105, 19);
insert into holds (wwsid, sessionsid) values (116, 12);
insert into holds (wwsid, sessionsid) values (273, 1);
insert into holds (wwsid, sessionsid) values (165, 17);
insert into holds (wwsid, sessionsid) values (23, 15);
insert into holds (wwsid, sessionsid) values (86, 8);
insert into holds (wwsid, sessionsid) values (154, 18);
insert into holds (wwsid, sessionsid) values (126, 1);
insert into holds (wwsid, sessionsid) values (25, 16);
insert into holds (wwsid, sessionsid) values (29, 10);
insert into holds (wwsid, sessionsid) values (76, 15);
insert into holds (wwsid, sessionsid) values (205, 6);
insert into holds (wwsid, sessionsid) values (228, 12);
insert into holds (wwsid, sessionsid) values (222, 2);
insert into holds (wwsid, sessionsid) values (133, 18);
insert into holds (wwsid, sessionsid) values (76, 16);
insert into holds (wwsid, sessionsid) values (194, 13);
insert into holds (wwsid, sessionsid) values (269, 17);
insert into holds (wwsid, sessionsid) values (81, 5);
insert into holds (wwsid, sessionsid) values (173, 13);
insert into holds (wwsid, sessionsid) values (55, 13);
insert into holds (wwsid, sessionsid) values (148, 16);
insert into holds (wwsid, sessionsid) values (327, 7);
insert into holds (wwsid, sessionsid) values (113, 12);
insert into holds (wwsid, sessionsid) values (224, 22);
insert into holds (wwsid, sessionsid) values (254, 18);
insert into holds (wwsid, sessionsid) values (204, 15);
insert into holds (wwsid, sessionsid) values (299, 13);
insert into holds (wwsid, sessionsid) values (295, 17);
insert into holds (wwsid, sessionsid) values (186, 11);
insert into holds (wwsid, sessionsid) values (324, 17);
insert into holds (wwsid, sessionsid) values (169, 17);
insert into holds (wwsid, sessionsid) values (235, 5);
insert into holds (wwsid, sessionsid) values (149, 17);
insert into holds (wwsid, sessionsid) values (90, 21);
insert into holds (wwsid, sessionsid) values (75, 7);
insert into holds (wwsid, sessionsid) values (336, 21);
insert into holds (wwsid, sessionsid) values (103, 21);
insert into holds (wwsid, sessionsid) values (324, 1);
insert into holds (wwsid, sessionsid) values (345, 7);
insert into holds (wwsid, sessionsid) values (323, 17);
insert into holds (wwsid, sessionsid) values (170, 13);
insert into holds (wwsid, sessionsid) values (215, 17);
insert into holds (wwsid, sessionsid) values (5, 18);
insert into holds (wwsid, sessionsid) values (61, 8);
insert into holds (wwsid, sessionsid) values (80, 1);
insert into holds (wwsid, sessionsid) values (112, 18);
insert into holds (wwsid, sessionsid) values (100, 13);
insert into holds (wwsid, sessionsid) values (166, 5);
insert into holds (wwsid, sessionsid) values (162, 19);
insert into holds (wwsid, sessionsid) values (5, 14);
insert into holds (wwsid, sessionsid) values (51, 14);
insert into holds (wwsid, sessionsid) values (299, 1);
insert into holds (wwsid, sessionsid) values (36, 1);
insert into holds (wwsid, sessionsid) values (251, 4);
insert into holds (wwsid, sessionsid) values (266, 2);
insert into holds (wwsid, sessionsid) values (304, 12);
insert into holds (wwsid, sessionsid) values (165, 5);
insert into holds (wwsid, sessionsid) values (206, 5);
insert into holds (wwsid, sessionsid) values (87, 14);
insert into holds (wwsid, sessionsid) values (307, 18);
insert into holds (wwsid, sessionsid) values (185, 6);
insert into holds (wwsid, sessionsid) values (159, 9);
insert into holds (wwsid, sessionsid) values (53, 16);
insert into holds (wwsid, sessionsid) values (289, 11);
insert into holds (wwsid, sessionsid) values (227, 15);
insert into holds (wwsid, sessionsid) values (202, 2);
insert into holds (wwsid, sessionsid) values (294, 13);
insert into holds (wwsid, sessionsid) values (337, 9);
insert into holds (wwsid, sessionsid) values (252, 10);
insert into holds (wwsid, sessionsid) values (250, 2);
insert into holds (wwsid, sessionsid) values (193, 5);
insert into holds (wwsid, sessionsid) values (311, 22);
insert into holds (wwsid, sessionsid) values (20, 1);
insert into holds (wwsid, sessionsid) values (273, 5);
insert into holds (wwsid, sessionsid) values (311, 18);
insert into holds (wwsid, sessionsid) values (26, 4);
insert into holds (wwsid, sessionsid) values (251, 12);
insert into holds (wwsid, sessionsid) values (262, 22);
insert into holds (wwsid, sessionsid) values (309, 20);
insert into holds (wwsid, sessionsid) values (91, 3);
insert into holds (wwsid, sessionsid) values (191, 13);
insert into holds (wwsid, sessionsid) values (26, 8);
insert into holds (wwsid, sessionsid) values (29, 19);
insert into holds (wwsid, sessionsid) values (146, 11);
insert into holds (wwsid, sessionsid) values (25, 11);
insert into holds (wwsid, sessionsid) values (337, 6);
insert into holds (wwsid, sessionsid) values (203, 5);
insert into holds (wwsid, sessionsid) values (267, 1);
insert into holds (wwsid, sessionsid) values (238, 3);
insert into holds (wwsid, sessionsid) values (93, 13);
insert into holds (wwsid, sessionsid) values (157, 23);
insert into holds (wwsid, sessionsid) values (8, 11);
insert into holds (wwsid, sessionsid) values (175, 10);
insert into holds (wwsid, sessionsid) values (207, 17);
insert into holds (wwsid, sessionsid) values (156, 10);
insert into holds (wwsid, sessionsid) values (77, 6);
insert into holds (wwsid, sessionsid) values (288, 22);
insert into holds (wwsid, sessionsid) values (148, 2);
insert into holds (wwsid, sessionsid) values (148, 13);
insert into holds (wwsid, sessionsid) values (312, 11);
insert into holds (wwsid, sessionsid) values (291, 12);
insert into holds (wwsid, sessionsid) values (37, 4);
insert into holds (wwsid, sessionsid) values (310, 21);
insert into holds (wwsid, sessionsid) values (45, 6);
insert into holds (wwsid, sessionsid) values (162, 12);
insert into holds (wwsid, sessionsid) values (40, 17);
insert into holds (wwsid, sessionsid) values (29, 15);
insert into holds (wwsid, sessionsid) values (156, 3);
insert into holds (wwsid, sessionsid) values (218, 11);
insert into holds (wwsid, sessionsid) values (9, 21);
insert into holds (wwsid, sessionsid) values (51, 7);
insert into holds (wwsid, sessionsid) values (64, 15);
insert into holds (wwsid, sessionsid) values (255, 2);
insert into holds (wwsid, sessionsid) values (31, 18);
insert into holds (wwsid, sessionsid) values (55, 14);
insert into holds (wwsid, sessionsid) values (305, 10);
insert into holds (wwsid, sessionsid) values (17, 4);
insert into holds (wwsid, sessionsid) values (245, 23);
insert into holds (wwsid, sessionsid) values (3, 9);
insert into holds (wwsid, sessionsid) values (111, 15);
insert into holds (wwsid, sessionsid) values (191, 16);
insert into holds (wwsid, sessionsid) values (242, 21);
insert into holds (wwsid, sessionsid) values (343, 15);
insert into holds (wwsid, sessionsid) values (30, 7);
insert into holds (wwsid, sessionsid) values (125, 6);
insert into holds (wwsid, sessionsid) values (302, 1);
insert into holds (wwsid, sessionsid) values (344, 13);
insert into holds (wwsid, sessionsid) values (260, 7);
insert into holds (wwsid, sessionsid) values (117, 21);
insert into holds (wwsid, sessionsid) values (172, 13);
insert into holds (wwsid, sessionsid) values (190, 13);
insert into holds (wwsid, sessionsid) values (9, 7);
insert into holds (wwsid, sessionsid) values (53, 19);
insert into holds (wwsid, sessionsid) values (276, 22);
insert into holds (wwsid, sessionsid) values (268, 12);
insert into holds (wwsid, sessionsid) values (315, 11);
insert into holds (wwsid, sessionsid) values (340, 5);
insert into holds (wwsid, sessionsid) values (127, 5);
insert into holds (wwsid, sessionsid) values (125, 15);
insert into holds (wwsid, sessionsid) values (151, 17);
insert into holds (wwsid, sessionsid) values (120, 20);
insert into holds (wwsid, sessionsid) values (256, 8);
insert into holds (wwsid, sessionsid) values (43, 18);
insert into holds (wwsid, sessionsid) values (32, 15);
insert into holds (wwsid, sessionsid) values (300, 18);
insert into holds (wwsid, sessionsid) values (256, 19);
insert into holds (wwsid, sessionsid) values (268, 22);
insert into holds (wwsid, sessionsid) values (202, 5);
insert into holds (wwsid, sessionsid) values (170, 5);
insert into holds (wwsid, sessionsid) values (296, 11);
insert into holds (wwsid, sessionsid) values (318, 8);
insert into holds (wwsid, sessionsid) values (331, 16);
insert into holds (wwsid, sessionsid) values (26, 19);
insert into holds (wwsid, sessionsid) values (24, 18);
insert into holds (wwsid, sessionsid) values (298, 17);
insert into holds (wwsid, sessionsid) values (300, 7);
insert into holds (wwsid, sessionsid) values (52, 5);
insert into holds (wwsid, sessionsid) values (118, 21);
insert into holds (wwsid, sessionsid) values (32, 18);
insert into holds (wwsid, sessionsid) values (9, 9);
insert into holds (wwsid, sessionsid) values (59, 16);
insert into holds (wwsid, sessionsid) values (57, 21);
insert into holds (wwsid, sessionsid) values (203, 13);
insert into holds (wwsid, sessionsid) values (273, 15);
insert into holds (wwsid, sessionsid) values (85, 20);
insert into holds (wwsid, sessionsid) values (254, 1);
insert into holds (wwsid, sessionsid) values (307, 5);
insert into holds (wwsid, sessionsid) values (340, 13);
insert into holds (wwsid, sessionsid) values (141, 3);
insert into holds (wwsid, sessionsid) values (95, 17);
insert into holds (wwsid, sessionsid) values (71, 15);
insert into holds (wwsid, sessionsid) values (152, 15);
insert into holds (wwsid, sessionsid) values (220, 9);
insert into holds (wwsid, sessionsid) values (207, 14);
insert into holds (wwsid, sessionsid) values (160, 22);
insert into holds (wwsid, sessionsid) values (159, 13);
insert into holds (wwsid, sessionsid) values (24, 14);
insert into holds (wwsid, sessionsid) values (171, 15);
insert into holds (wwsid, sessionsid) values (307, 9);
insert into holds (wwsid, sessionsid) values (147, 12);
insert into holds (wwsid, sessionsid) values (163, 10);
insert into holds (wwsid, sessionsid) values (240, 11);
insert into holds (wwsid, sessionsid) values (349, 4);
insert into holds (wwsid, sessionsid) values (33, 13);
insert into holds (wwsid, sessionsid) values (226, 6);
insert into holds (wwsid, sessionsid) values (21, 21);
insert into holds (wwsid, sessionsid) values (150, 9);
insert into holds (wwsid, sessionsid) values (341, 6);
insert into holds (wwsid, sessionsid) values (15, 2);
insert into holds (wwsid, sessionsid) values (8, 10);
insert into holds (wwsid, sessionsid) values (149, 10);
insert into holds (wwsid, sessionsid) values (189, 9);
insert into holds (wwsid, sessionsid) values (149, 11);
insert into holds (wwsid, sessionsid) values (259, 12);
insert into holds (wwsid, sessionsid) values (279, 22);
insert into holds (wwsid, sessionsid) values (276, 16);
insert into holds (wwsid, sessionsid) values (143, 15);
insert into holds (wwsid, sessionsid) values (178, 22);
insert into holds (wwsid, sessionsid) values (90, 5);
insert into holds (wwsid, sessionsid) values (63, 8);
insert into holds (wwsid, sessionsid) values (189, 14);
insert into holds (wwsid, sessionsid) values (228, 16);
insert into holds (wwsid, sessionsid) values (283, 16);
insert into holds (wwsid, sessionsid) values (52, 23);
insert into holds (wwsid, sessionsid) values (28, 2);
insert into holds (wwsid, sessionsid) values (118, 11);
insert into holds (wwsid, sessionsid) values (342, 6);
insert into holds (wwsid, sessionsid) values (117, 23);
insert into holds (wwsid, sessionsid) values (270, 8);
insert into holds (wwsid, sessionsid) values (328, 20);
insert into holds (wwsid, sessionsid) values (194, 17);
insert into holds (wwsid, sessionsid) values (288, 4);
insert into holds (wwsid, sessionsid) values (12, 3);
insert into holds (wwsid, sessionsid) values (104, 16);
insert into holds (wwsid, sessionsid) values (316, 22);
insert into holds (wwsid, sessionsid) values (287, 22);
insert into holds (wwsid, sessionsid) values (312, 4);
insert into holds (wwsid, sessionsid) values (90, 14);
insert into holds (wwsid, sessionsid) values (176, 6);
insert into holds (wwsid, sessionsid) values (250, 17);
insert into holds (wwsid, sessionsid) values (36, 17);
insert into holds (wwsid, sessionsid) values (37, 20);
insert into holds (wwsid, sessionsid) values (64, 17);
insert into holds (wwsid, sessionsid) values (65, 20);
insert into holds (wwsid, sessionsid) values (78, 17);
insert into holds (wwsid, sessionsid) values (79, 20);
insert into holds (wwsid, sessionsid) values (106, 17);
insert into holds (wwsid, sessionsid) values (108, 20);
insert into holds (wwsid, sessionsid) values (134, 17);
insert into holds (wwsid, sessionsid) values (134, 19);
insert into holds (wwsid, sessionsid) values (176, 19);
insert into holds (wwsid, sessionsid) values (176, 14);
insert into holds (wwsid, sessionsid) values (211, 19);
insert into holds (wwsid, sessionsid) values (211, 15);
insert into holds (wwsid, sessionsid) values (232, 15);
insert into holds (wwsid, sessionsid) values (232, 16);
insert into holds (wwsid, sessionsid) values (127, 16);
insert into holds (wwsid, sessionsid) values (127, 17);



insert into FullTimeRiders (riderid, mwsid, monthlybasesalary) values (51, 13, 415);
insert into FullTimeRiders (riderid, mwsid, monthlybasesalary) values (52, 1, 324);
insert into FullTimeRiders (riderid, mwsid, monthlybasesalary) values (53, 5, 730);
insert into FullTimeRiders (riderid, mwsid, monthlybasesalary) values (54, 2, 395);
insert into FullTimeRiders (riderid, mwsid, monthlybasesalary) values (55, 13, 337);
insert into FullTimeRiders (riderid, mwsid, monthlybasesalary) values (56, 4, 779);
insert into FullTimeRiders (riderid, mwsid, monthlybasesalary) values (57, 11, 704);
insert into FullTimeRiders (riderid, mwsid, monthlybasesalary) values (58, 1, 499);
insert into FullTimeRiders (riderid, mwsid, monthlybasesalary) values (59, 14, 171);
insert into FullTimeRiders (riderid, mwsid, monthlybasesalary) values (60, 1, 609);
insert into FullTimeRiders (riderid, mwsid, monthlybasesalary) values (61, 1, 11);
insert into FullTimeRiders (riderid, mwsid, monthlybasesalary) values (62, 14, 270);
insert into FullTimeRiders (riderid, mwsid, monthlybasesalary) values (63, 13, 885);
insert into FullTimeRiders (riderid, mwsid, monthlybasesalary) values (64, 5, 239);
insert into FullTimeRiders (riderid, mwsid, monthlybasesalary) values (65, 1, 99);
insert into FullTimeRiders (riderid, mwsid, monthlybasesalary) values (66, 9, 842);
insert into FullTimeRiders (riderid, mwsid, monthlybasesalary) values (67, 13, 242);
insert into FullTimeRiders (riderid, mwsid, monthlybasesalary) values (68, 6, 617);
insert into FullTimeRiders (riderid, mwsid, monthlybasesalary) values (69, 7, 178);
insert into FullTimeRiders (riderid, mwsid, monthlybasesalary) values (70, 15, 189);
insert into FullTimeRiders (riderid, mwsid, monthlybasesalary) values (71, 2, 411);
insert into FullTimeRiders (riderid, mwsid, monthlybasesalary) values (72, 13, 382);
insert into FullTimeRiders (riderid, mwsid, monthlybasesalary) values (73, 6, 946);
insert into FullTimeRiders (riderid, mwsid, monthlybasesalary) values (74, 14, 534);
insert into FullTimeRiders (riderid, mwsid, monthlybasesalary) values (75, 7, 918);
insert into FullTimeRiders (riderid, mwsid, monthlybasesalary) values (76, 13, 620);
insert into FullTimeRiders (riderid, mwsid, monthlybasesalary) values (77, 15, 625);
insert into FullTimeRiders (riderid, mwsid, monthlybasesalary) values (78, 10, 971);
insert into FullTimeRiders (riderid, mwsid, monthlybasesalary) values (79, 7, 204);
insert into FullTimeRiders (riderid, mwsid, monthlybasesalary) values (80, 4, 45);
insert into FullTimeRiders (riderid, mwsid, monthlybasesalary) values (81, 7, 128);
insert into FullTimeRiders (riderid, mwsid, monthlybasesalary) values (82, 11, 512);
insert into FullTimeRiders (riderid, mwsid, monthlybasesalary) values (83, 10, 478);
insert into FullTimeRiders (riderid, mwsid, monthlybasesalary) values (84, 11, 390);
insert into FullTimeRiders (riderid, mwsid, monthlybasesalary) values (85, 10, 317);
insert into FullTimeRiders (riderid, mwsid, monthlybasesalary) values (86, 11, 473);
insert into FullTimeRiders (riderid, mwsid, monthlybasesalary) values (87, 14, 397);
insert into FullTimeRiders (riderid, mwsid, monthlybasesalary) values (88, 5, 61);
insert into FullTimeRiders (riderid, mwsid, monthlybasesalary) values (89, 14, 955);
insert into FullTimeRiders (riderid, mwsid, monthlybasesalary) values (90, 2, 708);
insert into FullTimeRiders (riderid, mwsid, monthlybasesalary) values (91, 1, 469);
insert into FullTimeRiders (riderid, mwsid, monthlybasesalary) values (92, 14, 692);
insert into FullTimeRiders (riderid, mwsid, monthlybasesalary) values (93, 6, 161);
insert into FullTimeRiders (riderid, mwsid, monthlybasesalary) values (94, 5, 970);
insert into FullTimeRiders (riderid, mwsid, monthlybasesalary) values (95, 15, 741);
insert into FullTimeRiders (riderid, mwsid, monthlybasesalary) values (96, 3, 884);
insert into FullTimeRiders (riderid, mwsid, monthlybasesalary) values (97, 12, 585);
insert into FullTimeRiders (riderid, mwsid, monthlybasesalary) values (98, 2, 163);
insert into FullTimeRiders (riderid, mwsid, monthlybasesalary) values (99, 6, 473);
insert into FullTimeRiders (riderid, mwsid, monthlybasesalary) values (100, 9, 4);
insert into FullTimeRiders (riderid, mwsid, monthlybasesalary) values (101, 2, 390);
insert into FullTimeRiders (riderid, mwsid, monthlybasesalary) values (102, 14, 569);
insert into FullTimeRiders (riderid, mwsid, monthlybasesalary) values (103, 8, 247);
insert into FullTimeRiders (riderid, mwsid, monthlybasesalary) values (104, 10, 737);
insert into FullTimeRiders (riderid, mwsid, monthlybasesalary) values (105, 9, 722);
insert into FullTimeRiders (riderid, mwsid, monthlybasesalary) values (106, 13, 732);
insert into FullTimeRiders (riderid, mwsid, monthlybasesalary) values (107, 3, 182);
insert into FullTimeRiders (riderid, mwsid, monthlybasesalary) values (108, 12, 858);
insert into FullTimeRiders (riderid, mwsid, monthlybasesalary) values (109, 4, 81);
insert into FullTimeRiders (riderid, mwsid, monthlybasesalary) values (110, 8, 553);
insert into FullTimeRiders (riderid, mwsid, monthlybasesalary) values (111, 15, 649);
insert into FullTimeRiders (riderid, mwsid, monthlybasesalary) values (112, 2, 220);
insert into FullTimeRiders (riderid, mwsid, monthlybasesalary) values (113, 8, 220);
insert into FullTimeRiders (riderid, mwsid, monthlybasesalary) values (114, 2, 543);
insert into FullTimeRiders (riderid, mwsid, monthlybasesalary) values (115, 6, 190);
insert into FullTimeRiders (riderid, mwsid, monthlybasesalary) values (116, 4, 645);
insert into FullTimeRiders (riderid, mwsid, monthlybasesalary) values (117, 9, 975);
insert into FullTimeRiders (riderid, mwsid, monthlybasesalary) values (118, 8, 785);
insert into FullTimeRiders (riderid, mwsid, monthlybasesalary) values (119, 5, 542);
insert into FullTimeRiders (riderid, mwsid, monthlybasesalary) values (120, 10, 452);
insert into FullTimeRiders (riderid, mwsid, monthlybasesalary) values (121, 11, 802);
insert into FullTimeRiders (riderid, mwsid, monthlybasesalary) values (122, 5, 44);
insert into FullTimeRiders (riderid, mwsid, monthlybasesalary) values (123, 10, 829);
insert into FullTimeRiders (riderid, mwsid, monthlybasesalary) values (124, 10, 778);
insert into FullTimeRiders (riderid, mwsid, monthlybasesalary) values (125, 10, 805);
insert into FullTimeRiders (riderid, mwsid, monthlybasesalary) values (126, 8, 762);
insert into FullTimeRiders (riderid, mwsid, monthlybasesalary) values (127, 10, 164);
insert into FullTimeRiders (riderid, mwsid, monthlybasesalary) values (128, 6, 264);
insert into FullTimeRiders (riderid, mwsid, monthlybasesalary) values (129, 4, 27);
insert into FullTimeRiders (riderid, mwsid, monthlybasesalary) values (130, 2, 851);
insert into FullTimeRiders (riderid, mwsid, monthlybasesalary) values (131, 4, 318);
insert into FullTimeRiders (riderid, mwsid, monthlybasesalary) values (132, 4, 713);
insert into FullTimeRiders (riderid, mwsid, monthlybasesalary) values (133, 15, 454);
insert into FullTimeRiders (riderid, mwsid, monthlybasesalary) values (134, 10, 912);
insert into FullTimeRiders (riderid, mwsid, monthlybasesalary) values (135, 11, 716);
insert into FullTimeRiders (riderid, mwsid, monthlybasesalary) values (136, 1, 604);
insert into FullTimeRiders (riderid, mwsid, monthlybasesalary) values (137, 1, 92);
insert into FullTimeRiders (riderid, mwsid, monthlybasesalary) values (138, 10, 142);
insert into FullTimeRiders (riderid, mwsid, monthlybasesalary) values (139, 4, 942);
insert into FullTimeRiders (riderid, mwsid, monthlybasesalary) values (140, 4, 31);
insert into FullTimeRiders (riderid, mwsid, monthlybasesalary) values (141, 4, 826);
insert into FullTimeRiders (riderid, mwsid, monthlybasesalary) values (142, 1, 887);
insert into FullTimeRiders (riderid, mwsid, monthlybasesalary) values (143, 6, 388);
insert into FullTimeRiders (riderid, mwsid, monthlybasesalary) values (144, 2, 992);
insert into FullTimeRiders (riderid, mwsid, monthlybasesalary) values (145, 13, 270);
insert into FullTimeRiders (riderid, mwsid, monthlybasesalary) values (146, 13, 636);
insert into FullTimeRiders (riderid, mwsid, monthlybasesalary) values (147, 9, 966);
insert into FullTimeRiders (riderid, mwsid, monthlybasesalary) values (148, 1, 337);
insert into FullTimeRiders (riderid, mwsid, monthlybasesalary) values (149, 11, 267);
insert into FullTimeRiders (riderid, mwsid, monthlybasesalary) values (150, 2, 932);
insert into FullTimeRiders (riderid, mwsid, monthlybasesalary) values (151, 6, 985);
insert into FullTimeRiders (riderid, mwsid, monthlybasesalary) values (152, 13, 86);
insert into FullTimeRiders (riderid, mwsid, monthlybasesalary) values (153, 14, 547);
insert into FullTimeRiders (riderid, mwsid, monthlybasesalary) values (154, 9, 858);
insert into FullTimeRiders (riderid, mwsid, monthlybasesalary) values (155, 12, 855);
insert into FullTimeRiders (riderid, mwsid, monthlybasesalary) values (156, 10, 55);
insert into FullTimeRiders (riderid, mwsid, monthlybasesalary) values (157, 8, 764);
insert into FullTimeRiders (riderid, mwsid, monthlybasesalary) values (158, 4, 946);
insert into FullTimeRiders (riderid, mwsid, monthlybasesalary) values (159, 5, 56);
insert into FullTimeRiders (riderid, mwsid, monthlybasesalary) values (160, 1, 877);
insert into FullTimeRiders (riderid, mwsid, monthlybasesalary) values (161, 9, 538);
insert into FullTimeRiders (riderid, mwsid, monthlybasesalary) values (162, 6, 698);
insert into FullTimeRiders (riderid, mwsid, monthlybasesalary) values (163, 9, 981);
insert into FullTimeRiders (riderid, mwsid, monthlybasesalary) values (164, 4, 448);
insert into FullTimeRiders (riderid, mwsid, monthlybasesalary) values (165, 9, 822);
insert into FullTimeRiders (riderid, mwsid, monthlybasesalary) values (166, 6, 217);
insert into FullTimeRiders (riderid, mwsid, monthlybasesalary) values (167, 11, 418);
insert into FullTimeRiders (riderid, mwsid, monthlybasesalary) values (168, 13, 255);
insert into FullTimeRiders (riderid, mwsid, monthlybasesalary) values (169, 3, 650);
insert into FullTimeRiders (riderid, mwsid, monthlybasesalary) values (170, 7, 760);
insert into FullTimeRiders (riderid, mwsid, monthlybasesalary) values (171, 12, 972);
insert into FullTimeRiders (riderid, mwsid, monthlybasesalary) values (172, 8, 578);
insert into FullTimeRiders (riderid, mwsid, monthlybasesalary) values (173, 15, 534);
insert into FullTimeRiders (riderid, mwsid, monthlybasesalary) values (174, 11, 906);
insert into FullTimeRiders (riderid, mwsid, monthlybasesalary) values (175, 14, 263);
insert into FullTimeRiders (riderid, mwsid, monthlybasesalary) values (176, 5, 173);
insert into FullTimeRiders (riderid, mwsid, monthlybasesalary) values (177, 6, 161);
insert into FullTimeRiders (riderid, mwsid, monthlybasesalary) values (178, 3, 558);
insert into FullTimeRiders (riderid, mwsid, monthlybasesalary) values (179, 12, 381);
insert into FullTimeRiders (riderid, mwsid, monthlybasesalary) values (180, 11, 728);
insert into FullTimeRiders (riderid, mwsid, monthlybasesalary) values (181, 1, 705);
insert into FullTimeRiders (riderid, mwsid, monthlybasesalary) values (182, 2, 548);
insert into FullTimeRiders (riderid, mwsid, monthlybasesalary) values (183, 7, 965);
insert into FullTimeRiders (riderid, mwsid, monthlybasesalary) values (184, 10, 383);
insert into FullTimeRiders (riderid, mwsid, monthlybasesalary) values (185, 1, 243);
insert into FullTimeRiders (riderid, mwsid, monthlybasesalary) values (186, 12, 853);
insert into FullTimeRiders (riderid, mwsid, monthlybasesalary) values (187, 8, 396);
insert into FullTimeRiders (riderid, mwsid, monthlybasesalary) values (188, 11, 69);
insert into FullTimeRiders (riderid, mwsid, monthlybasesalary) values (189, 5, 739);
insert into FullTimeRiders (riderid, mwsid, monthlybasesalary) values (190, 4, 738);
insert into FullTimeRiders (riderid, mwsid, monthlybasesalary) values (191, 2, 328);
insert into FullTimeRiders (riderid, mwsid, monthlybasesalary) values (192, 14, 413);
insert into FullTimeRiders (riderid, mwsid, monthlybasesalary) values (193, 11, 112);
insert into FullTimeRiders (riderid, mwsid, monthlybasesalary) values (194, 11, 159);
insert into FullTimeRiders (riderid, mwsid, monthlybasesalary) values (195, 10, 783);
insert into FullTimeRiders (riderid, mwsid, monthlybasesalary) values (196, 3, 694);
insert into FullTimeRiders (riderid, mwsid, monthlybasesalary) values (197, 8, 358);
insert into FullTimeRiders (riderid, mwsid, monthlybasesalary) values (198, 6, 203);
insert into FullTimeRiders (riderid, mwsid, monthlybasesalary) values (199, 6, 613);
insert into FullTimeRiders (riderid, mwsid, monthlybasesalary) values (200, 5, 739);
insert into FullTimeRiders (riderid, mwsid, monthlybasesalary) values (201, 3, 667);
insert into FullTimeRiders (riderid, mwsid, monthlybasesalary) values (202, 1, 582);
insert into FullTimeRiders (riderid, mwsid, monthlybasesalary) values (203, 3, 735);
insert into FullTimeRiders (riderid, mwsid, monthlybasesalary) values (204, 10, 671);
insert into FullTimeRiders (riderid, mwsid, monthlybasesalary) values (205, 2, 91);
insert into FullTimeRiders (riderid, mwsid, monthlybasesalary) values (206, 15, 390);
insert into FullTimeRiders (riderid, mwsid, monthlybasesalary) values (207, 1, 753);
insert into FullTimeRiders (riderid, mwsid, monthlybasesalary) values (208, 11, 550);
insert into FullTimeRiders (riderid, mwsid, monthlybasesalary) values (209, 6, 163);
insert into FullTimeRiders (riderid, mwsid, monthlybasesalary) values (210, 4, 912);
insert into FullTimeRiders (riderid, mwsid, monthlybasesalary) values (211, 6, 26);
insert into FullTimeRiders (riderid, mwsid, monthlybasesalary) values (212, 9, 935);
insert into FullTimeRiders (riderid, mwsid, monthlybasesalary) values (213, 15, 338);
insert into FullTimeRiders (riderid, mwsid, monthlybasesalary) values (214, 5, 33);
insert into FullTimeRiders (riderid, mwsid, monthlybasesalary) values (215, 4, 189);
insert into FullTimeRiders (riderid, mwsid, monthlybasesalary) values (216, 10, 590);
insert into FullTimeRiders (riderid, mwsid, monthlybasesalary) values (217, 2, 640);
insert into FullTimeRiders (riderid, mwsid, monthlybasesalary) values (218, 15, 178);
insert into FullTimeRiders (riderid, mwsid, monthlybasesalary) values (219, 12, 399);
insert into FullTimeRiders (riderid, mwsid, monthlybasesalary) values (220, 4, 410);
insert into FullTimeRiders (riderid, mwsid, monthlybasesalary) values (221, 4, 283);
insert into FullTimeRiders (riderid, mwsid, monthlybasesalary) values (222, 4, 173);
insert into FullTimeRiders (riderid, mwsid, monthlybasesalary) values (223, 11, 303);
insert into FullTimeRiders (riderid, mwsid, monthlybasesalary) values (224, 4, 713);
insert into FullTimeRiders (riderid, mwsid, monthlybasesalary) values (225, 15, 7);
insert into FullTimeRiders (riderid, mwsid, monthlybasesalary) values (226, 7, 677);
insert into FullTimeRiders (riderid, mwsid, monthlybasesalary) values (227, 15, 363);
insert into FullTimeRiders (riderid, mwsid, monthlybasesalary) values (228, 13, 932);
insert into FullTimeRiders (riderid, mwsid, monthlybasesalary) values (229, 5, 654);
insert into FullTimeRiders (riderid, mwsid, monthlybasesalary) values (230, 5, 231);
insert into FullTimeRiders (riderid, mwsid, monthlybasesalary) values (231, 3, 460);
insert into FullTimeRiders (riderid, mwsid, monthlybasesalary) values (232, 12, 37);
insert into FullTimeRiders (riderid, mwsid, monthlybasesalary) values (233, 10, 534);
insert into FullTimeRiders (riderid, mwsid, monthlybasesalary) values (234, 12, 912);
insert into FullTimeRiders (riderid, mwsid, monthlybasesalary) values (235, 15, 4);
insert into FullTimeRiders (riderid, mwsid, monthlybasesalary) values (236, 13, 819);
insert into FullTimeRiders (riderid, mwsid, monthlybasesalary) values (237, 11, 706);
insert into FullTimeRiders (riderid, mwsid, monthlybasesalary) values (238, 8, 608);
insert into FullTimeRiders (riderid, mwsid, monthlybasesalary) values (239, 6, 242);
insert into FullTimeRiders (riderid, mwsid, monthlybasesalary) values (240, 10, 278);
insert into FullTimeRiders (riderid, mwsid, monthlybasesalary) values (241, 3, 235);
insert into FullTimeRiders (riderid, mwsid, monthlybasesalary) values (242, 2, 466);
insert into FullTimeRiders (riderid, mwsid, monthlybasesalary) values (243, 6, 518);
insert into FullTimeRiders (riderid, mwsid, monthlybasesalary) values (244, 9, 690);
insert into FullTimeRiders (riderid, mwsid, monthlybasesalary) values (245, 9, 182);
insert into FullTimeRiders (riderid, mwsid, monthlybasesalary) values (246, 14, 940);
insert into FullTimeRiders (riderid, mwsid, monthlybasesalary) values (247, 9, 700);
insert into FullTimeRiders (riderid, mwsid, monthlybasesalary) values (248, 2, 688);
insert into FullTimeRiders (riderid, mwsid, monthlybasesalary) values (249, 10, 216);
insert into FullTimeRiders (riderid, mwsid, monthlybasesalary) values (250, 11, 3);
insert into FullTimeRiders (riderid, mwsid, monthlybasesalary) values (251, 1, 467);
insert into FullTimeRiders (riderid, mwsid, monthlybasesalary) values (252, 1, 810);
insert into FullTimeRiders (riderid, mwsid, monthlybasesalary) values (253, 12, 687);
insert into FullTimeRiders (riderid, mwsid, monthlybasesalary) values (254, 14, 160);
insert into FullTimeRiders (riderid, mwsid, monthlybasesalary) values (255, 15, 51);
insert into FullTimeRiders (riderid, mwsid, monthlybasesalary) values (256, 15, 790);
insert into FullTimeRiders (riderid, mwsid, monthlybasesalary) values (257, 2, 300);
insert into FullTimeRiders (riderid, mwsid, monthlybasesalary) values (258, 13, 169);
insert into FullTimeRiders (riderid, mwsid, monthlybasesalary) values (259, 7, 588);
insert into FullTimeRiders (riderid, mwsid, monthlybasesalary) values (260, 3, 864);
insert into FullTimeRiders (riderid, mwsid, monthlybasesalary) values (261, 12, 798);
insert into FullTimeRiders (riderid, mwsid, monthlybasesalary) values (262, 12, 494);
insert into FullTimeRiders (riderid, mwsid, monthlybasesalary) values (263, 9, 224);
insert into FullTimeRiders (riderid, mwsid, monthlybasesalary) values (264, 4, 610);
insert into FullTimeRiders (riderid, mwsid, monthlybasesalary) values (265, 3, 440);
insert into FullTimeRiders (riderid, mwsid, monthlybasesalary) values (266, 15, 447);
insert into FullTimeRiders (riderid, mwsid, monthlybasesalary) values (267, 7, 705);
insert into FullTimeRiders (riderid, mwsid, monthlybasesalary) values (268, 3, 279);
insert into FullTimeRiders (riderid, mwsid, monthlybasesalary) values (269, 12, 931);
insert into FullTimeRiders (riderid, mwsid, monthlybasesalary) values (270, 2, 25);
insert into FullTimeRiders (riderid, mwsid, monthlybasesalary) values (271, 2, 94);
insert into FullTimeRiders (riderid, mwsid, monthlybasesalary) values (272, 12, 607);
insert into FullTimeRiders (riderid, mwsid, monthlybasesalary) values (273, 9, 296);
insert into FullTimeRiders (riderid, mwsid, monthlybasesalary) values (274, 9, 440);
insert into FullTimeRiders (riderid, mwsid, monthlybasesalary) values (275, 2, 26);
insert into FullTimeRiders (riderid, mwsid, monthlybasesalary) values (276, 4, 139);
insert into FullTimeRiders (riderid, mwsid, monthlybasesalary) values (277, 13, 897);
insert into FullTimeRiders (riderid, mwsid, monthlybasesalary) values (278, 6, 743);
insert into FullTimeRiders (riderid, mwsid, monthlybasesalary) values (279, 4, 91);
insert into FullTimeRiders (riderid, mwsid, monthlybasesalary) values (280, 6, 5);
insert into FullTimeRiders (riderid, mwsid, monthlybasesalary) values (281, 8, 997);
insert into FullTimeRiders (riderid, mwsid, monthlybasesalary) values (282, 11, 639);
insert into FullTimeRiders (riderid, mwsid, monthlybasesalary) values (283, 5, 338);
insert into FullTimeRiders (riderid, mwsid, monthlybasesalary) values (284, 7, 19);
insert into FullTimeRiders (riderid, mwsid, monthlybasesalary) values (285, 13, 17);
insert into FullTimeRiders (riderid, mwsid, monthlybasesalary) values (286, 8, 652);
insert into FullTimeRiders (riderid, mwsid, monthlybasesalary) values (287, 9, 229);
insert into FullTimeRiders (riderid, mwsid, monthlybasesalary) values (288, 6, 576);
insert into FullTimeRiders (riderid, mwsid, monthlybasesalary) values (289, 8, 642);
insert into FullTimeRiders (riderid, mwsid, monthlybasesalary) values (290, 4, 326);
insert into FullTimeRiders (riderid, mwsid, monthlybasesalary) values (291, 5, 865);
insert into FullTimeRiders (riderid, mwsid, monthlybasesalary) values (292, 9, 129);
insert into FullTimeRiders (riderid, mwsid, monthlybasesalary) values (293, 7, 129);
insert into FullTimeRiders (riderid, mwsid, monthlybasesalary) values (294, 14, 672);
insert into FullTimeRiders (riderid, mwsid, monthlybasesalary) values (295, 11, 607);
insert into FullTimeRiders (riderid, mwsid, monthlybasesalary) values (296, 10, 621);
insert into FullTimeRiders (riderid, mwsid, monthlybasesalary) values (297, 6, 35);
insert into FullTimeRiders (riderid, mwsid, monthlybasesalary) values (298, 10, 670);
insert into FullTimeRiders (riderid, mwsid, monthlybasesalary) values (299, 1, 987);
insert into FullTimeRiders (riderid, mwsid, monthlybasesalary) values (300, 8, 238);

insert into deliverpromotions (pid, descriptionpromo, discount, startdate, enddate, did) values (1, 'Orn, Ortiz and Jacobs', 21.11, '2020-03-06 23:22:42', '2019-07-01 17:11:50', 60);
insert into deliverpromotions (pid, descriptionpromo, discount, startdate, enddate, did) values (2, 'Schulist-Will', 38.74, '2020-03-26 09:13:14', '2019-06-26 15:14:35', 65);
insert into deliverpromotions (pid, descriptionpromo, discount, startdate, enddate, did) values (3, 'Hegmann, Murazik and Connelly', 47.93, '2019-09-11 23:49:10', '2019-05-06 16:33:27', 13);
insert into deliverpromotions (pid, descriptionpromo, discount, startdate, enddate, did) values (4, 'Anderson-Senger', 13.32, '2019-05-08 22:41:35', '2019-05-14 12:50:53', 56);
insert into deliverpromotions (pid, descriptionpromo, discount, startdate, enddate, did) values (5, 'Langworth LLC', 46.68, '2019-04-29 17:57:41', '2020-03-15 04:54:07', 69);
insert into deliverpromotions (pid, descriptionpromo, discount, startdate, enddate, did) values (6, 'Gulgowski, Towne and Homenick', 30.58, '2019-06-17 16:52:01', '2019-09-22 01:04:51', 75);
insert into deliverpromotions (pid, descriptionpromo, discount, startdate, enddate, did) values (7, 'Hane, Reichel and Miller', 42.25, '2020-03-13 09:19:53', '2020-03-11 23:16:42', 89);
insert into deliverpromotions (pid, descriptionpromo, discount, startdate, enddate, did) values (8, 'Prohaska and Sons', 27.39, '2020-03-01 17:08:26', '2019-06-10 06:53:02', 86);
insert into deliverpromotions (pid, descriptionpromo, discount, startdate, enddate, did) values (9, 'Pacocha-Friesen', 25.28, '2019-12-17 00:50:07', '2020-01-04 20:31:04', 9);
insert into deliverpromotions (pid, descriptionpromo, discount, startdate, enddate, did) values (10, 'Boyer and Sons', 1.17, '2019-08-18 07:11:09', '2019-08-01 10:52:08', 80);
insert into deliverpromotions (pid, descriptionpromo, discount, startdate, enddate, did) values (11, 'Von-Murray', 38.44, '2019-08-21 09:47:25', '2019-08-29 03:13:12', 93);
insert into deliverpromotions (pid, descriptionpromo, discount, startdate, enddate, did) values (12, 'Wiegand, Paucek and Bogisich', 48.29, '2020-02-17 10:32:58', '2020-01-22 04:21:45', 21);
insert into deliverpromotions (pid, descriptionpromo, discount, startdate, enddate, did) values (13, 'Kling-Runolfsdottir', 11.09, '2019-05-09 00:01:04', '2019-12-31 12:24:33', 8);
insert into deliverpromotions (pid, descriptionpromo, discount, startdate, enddate, did) values (14, 'Bartoletti-Stokes', 20.12, '2019-12-25 16:01:40', '2020-01-14 10:24:10', 80);
insert into deliverpromotions (pid, descriptionpromo, discount, startdate, enddate, did) values (15, 'Lindgren-Hegmann', 24.42, '2019-05-01 03:43:44', '2019-11-30 00:19:02', 43);
insert into deliverpromotions (pid, descriptionpromo, discount, startdate, enddate, did) values (16, 'Klein-Torphy', 23.87, '2019-05-28 09:47:18', '2019-10-24 11:06:37', 49);
insert into deliverpromotions (pid, descriptionpromo, discount, startdate, enddate, did) values (17, 'Murazik and Sons', 25.93, '2019-08-25 17:51:11', '2019-12-29 18:29:41', 90);
insert into deliverpromotions (pid, descriptionpromo, discount, startdate, enddate, did) values (18, 'Ondricka Group', 6.92, '2019-04-17 11:35:19', '2020-03-25 19:52:31', 15);
insert into deliverpromotions (pid, descriptionpromo, discount, startdate, enddate, did) values (19, 'Swaniawski Inc', 18.37, '2020-02-09 11:16:54', '2019-03-31 16:28:37', 76);
insert into deliverpromotions (pid, descriptionpromo, discount, startdate, enddate, did) values (20, 'Zemlak LLC', 41.62, '2019-07-17 15:14:18', '2019-05-11 14:40:31', 71);
insert into deliverpromotions (pid, descriptionpromo, discount, startdate, enddate, did) values (21, 'Wuckert Group', 19.26, '2020-01-30 17:38:21', '2020-01-29 06:01:16', 25);
insert into deliverpromotions (pid, descriptionpromo, discount, startdate, enddate, did) values (22, 'Schuster, Corwin and Spinka', 17.66, '2019-09-22 12:17:15', '2019-04-07 22:10:27', 92);
insert into deliverpromotions (pid, descriptionpromo, discount, startdate, enddate, did) values (23, 'Dach, Altenwerth and Nitzsche', 10.74, '2019-03-31 13:51:00', '2019-05-18 02:17:36', 8);
insert into deliverpromotions (pid, descriptionpromo, discount, startdate, enddate, did) values (24, 'Luettgen-Walter', 27.7, '2019-06-01 02:33:57', '2019-11-02 14:57:55', 83);
insert into deliverpromotions (pid, descriptionpromo, discount, startdate, enddate, did) values (25, 'Klein, Gleichner and Stokes', 31.53, '2019-06-04 02:02:26', '2019-12-16 19:46:45', 60);
insert into deliverpromotions (pid, descriptionpromo, discount, startdate, enddate, did) values (26, 'O''Reilly, Armstrong and Abernathy', 26.18, '2019-08-03 18:56:47', '2019-05-01 21:34:08', 28);
insert into deliverpromotions (pid, descriptionpromo, discount, startdate, enddate, did) values (27, 'Hackett-Doyle', 26.26, '2019-10-21 22:24:23', '2019-04-04 03:13:09', 7);
insert into deliverpromotions (pid, descriptionpromo, discount, startdate, enddate, did) values (28, 'Stiedemann and Sons', 10.76, '2019-05-03 07:55:30', '2020-01-05 06:15:38', 27);
insert into deliverpromotions (pid, descriptionpromo, discount, startdate, enddate, did) values (29, 'Grimes LLC', 47.02, '2020-03-29 17:04:56', '2019-07-12 22:47:20', 66);
insert into deliverpromotions (pid, descriptionpromo, discount, startdate, enddate, did) values (30, 'Little-Purdy', 1.15, '2019-11-24 19:04:13', '2020-01-17 04:12:58', 13);
insert into deliverpromotions (pid, descriptionpromo, discount, startdate, enddate, did) values (31, 'Schulist-Feest', 46.88, '2019-08-17 23:20:36', '2019-07-07 19:45:20', 35);
insert into deliverpromotions (pid, descriptionpromo, discount, startdate, enddate, did) values (32, 'Rempel Inc', 23.36, '2020-01-09 20:57:42', '2019-12-24 10:01:05', 76);
insert into deliverpromotions (pid, descriptionpromo, discount, startdate, enddate, did) values (33, 'Kreiger-Mann', 32.82, '2020-02-12 01:10:06', '2020-02-20 11:59:49', 65);
insert into deliverpromotions (pid, descriptionpromo, discount, startdate, enddate, did) values (34, 'Smitham Inc', 13.9, '2020-03-02 14:10:57', '2020-01-13 14:39:38', 52);
insert into deliverpromotions (pid, descriptionpromo, discount, startdate, enddate, did) values (35, 'Powlowski-Schaden', 27.44, '2019-06-04 10:39:47', '2019-09-04 19:54:22', 30);
insert into deliverpromotions (pid, descriptionpromo, discount, startdate, enddate, did) values (36, 'Keeling-Brown', 23.54, '2019-12-26 10:35:44', '2019-07-14 21:34:55', 16);
insert into deliverpromotions (pid, descriptionpromo, discount, startdate, enddate, did) values (37, 'Lind Group', 43.75, '2019-12-10 08:19:27', '2020-02-22 21:47:54', 5);
insert into deliverpromotions (pid, descriptionpromo, discount, startdate, enddate, did) values (38, 'McDermott LLC', 37.04, '2019-05-19 20:34:58', '2019-07-15 11:32:45', 62);
insert into deliverpromotions (pid, descriptionpromo, discount, startdate, enddate, did) values (39, 'Klocko, Lueilwitz and West', 38.46, '2020-02-13 10:27:36', '2019-08-14 12:03:23', 55);
insert into deliverpromotions (pid, descriptionpromo, discount, startdate, enddate, did) values (40, 'Medhurst Group', 14.07, '2019-07-12 08:35:08', '2019-05-01 00:57:40', 80);
insert into deliverpromotions (pid, descriptionpromo, discount, startdate, enddate, did) values (41, 'Schiller Group', 20.89, '2020-01-03 12:10:11', '2019-04-07 18:56:37', 40);
insert into deliverpromotions (pid, descriptionpromo, discount, startdate, enddate, did) values (42, 'Graham-Crist', 3.67, '2019-08-21 02:26:15', '2019-09-15 07:58:24', 94);
insert into deliverpromotions (pid, descriptionpromo, discount, startdate, enddate, did) values (43, 'Gusikowski, Hills and Keeling', 39.31, '2019-07-25 06:56:50', '2020-01-31 14:08:23', 48);
insert into deliverpromotions (pid, descriptionpromo, discount, startdate, enddate, did) values (44, 'Marvin, Lowe and Bogisich', 30.26, '2019-07-20 09:32:33', '2020-03-14 08:00:54', 50);
insert into deliverpromotions (pid, descriptionpromo, discount, startdate, enddate, did) values (45, 'Abernathy and Sons', 19.31, '2019-06-26 21:28:16', '2020-02-17 07:38:08', 72);
insert into deliverpromotions (pid, descriptionpromo, discount, startdate, enddate, did) values (46, 'Kutch, Waelchi and Strosin', 49.02, '2020-02-20 13:11:28', '2020-02-17 23:15:58', 43);
insert into deliverpromotions (pid, descriptionpromo, discount, startdate, enddate, did) values (47, 'Sporer and Sons', 11.45, '2020-03-01 16:59:25', '2019-07-07 07:53:16', 51);
insert into deliverpromotions (pid, descriptionpromo, discount, startdate, enddate, did) values (48, 'Farrell-Gislason', 12.5, '2019-05-04 21:50:58', '2019-10-29 11:11:17', 48);
insert into deliverpromotions (pid, descriptionpromo, discount, startdate, enddate, did) values (49, 'Shields-Von', 16.82, '2019-10-25 13:00:42', '2019-12-16 16:46:30', 39);
insert into deliverpromotions (pid, descriptionpromo, discount, startdate, enddate, did) values (50, 'Mante and Sons', 43.53, '2020-02-10 08:52:21', '2019-12-18 05:15:36', 65);
insert into deliverpromotions (pid, descriptionpromo, discount, startdate, enddate, did) values (51, 'Bins-Toy', 21.3, '2019-08-14 16:50:04', '2019-06-01 09:07:20', 63);
insert into deliverpromotions (pid, descriptionpromo, discount, startdate, enddate, did) values (52, 'Prohaska, Labadie and Crona', 48.75, '2020-03-23 09:42:14', '2019-04-02 17:51:11', 77);
insert into deliverpromotions (pid, descriptionpromo, discount, startdate, enddate, did) values (53, 'Kuhlman Group', 27.31, '2019-09-21 16:49:33', '2019-07-24 05:10:58', 12);
insert into deliverpromotions (pid, descriptionpromo, discount, startdate, enddate, did) values (54, 'McDermott, Reichert and Kunze', 36.36, '2019-09-19 19:49:46', '2019-04-02 02:17:21', 13);
insert into deliverpromotions (pid, descriptionpromo, discount, startdate, enddate, did) values (55, 'Durgan-Parisian', 35.34, '2019-05-26 09:06:27', '2020-02-29 00:59:29', 3);
insert into deliverpromotions (pid, descriptionpromo, discount, startdate, enddate, did) values (56, 'Robel-Will', 19.01, '2020-02-24 23:31:09', '2019-10-20 07:11:56', 89);
insert into deliverpromotions (pid, descriptionpromo, discount, startdate, enddate, did) values (57, 'Kling Inc', 32.32, '2019-09-07 01:54:46', '2019-06-09 01:37:11', 45);
insert into deliverpromotions (pid, descriptionpromo, discount, startdate, enddate, did) values (58, 'Orn-Treutel', 31.12, '2020-03-19 22:46:06', '2019-08-26 08:12:44', 80);
insert into deliverpromotions (pid, descriptionpromo, discount, startdate, enddate, did) values (59, 'Reichert and Sons', 41.41, '2019-06-11 05:21:59', '2019-05-07 11:34:00', 37);
insert into deliverpromotions (pid, descriptionpromo, discount, startdate, enddate, did) values (60, 'Jaskolski-Schiller', 30.58, '2019-05-09 02:43:47', '2019-04-13 16:29:51', 85);
insert into deliverpromotions (pid, descriptionpromo, discount, startdate, enddate, did) values (61, 'Hauck, Stracke and Hudson', 17.55, '2019-09-20 01:19:45', '2019-10-18 16:27:03', 50);
insert into deliverpromotions (pid, descriptionpromo, discount, startdate, enddate, did) values (62, 'Carroll-Grant', 36.05, '2019-12-29 12:32:55', '2019-10-20 06:51:00', 87);
insert into deliverpromotions (pid, descriptionpromo, discount, startdate, enddate, did) values (63, 'Osinski Inc', 48.89, '2019-07-27 17:50:15', '2019-06-13 21:49:54', 19);
insert into deliverpromotions (pid, descriptionpromo, discount, startdate, enddate, did) values (64, 'Abbott, Rippin and Kunde', 20.75, '2019-12-29 06:39:58', '2020-03-30 14:39:34', 24);
insert into deliverpromotions (pid, descriptionpromo, discount, startdate, enddate, did) values (65, 'Hudson, Miller and Davis', 29.43, '2019-04-17 13:18:54', '2019-06-27 11:38:33', 15);
insert into deliverpromotions (pid, descriptionpromo, discount, startdate, enddate, did) values (66, 'Wisoky, Nader and Wilderman', 46.38, '2019-06-08 16:56:37', '2019-12-19 07:55:13', 14);
insert into deliverpromotions (pid, descriptionpromo, discount, startdate, enddate, did) values (67, 'Collins LLC', 4.64, '2019-06-21 11:32:02', '2019-11-05 15:52:02', 78);
insert into deliverpromotions (pid, descriptionpromo, discount, startdate, enddate, did) values (68, 'Tillman and Sons', 11.16, '2019-08-10 00:24:53', '2019-08-28 15:44:14', 94);
insert into deliverpromotions (pid, descriptionpromo, discount, startdate, enddate, did) values (69, 'Rowe, McGlynn and Torp', 14.22, '2020-03-29 09:54:25', '2019-11-26 12:53:08', 62);
insert into deliverpromotions (pid, descriptionpromo, discount, startdate, enddate, did) values (70, 'Kshlerin-Douglas', 22.77, '2020-02-18 00:45:12', '2019-10-12 19:48:14', 76);
insert into deliverpromotions (pid, descriptionpromo, discount, startdate, enddate, did) values (71, 'Okuneva-Feil', 13.48, '2019-10-22 16:20:36', '2019-05-12 07:44:09', 54);
insert into deliverpromotions (pid, descriptionpromo, discount, startdate, enddate, did) values (72, 'Gaylord and Sons', 48.63, '2019-10-23 01:14:40', '2020-02-03 11:11:49', 65);
insert into deliverpromotions (pid, descriptionpromo, discount, startdate, enddate, did) values (73, 'Mayer-Schaden', 21.07, '2019-05-12 08:16:08', '2019-08-10 21:17:07', 67);
insert into deliverpromotions (pid, descriptionpromo, discount, startdate, enddate, did) values (74, 'Jacobs LLC', 33.75, '2019-11-02 03:50:37', '2019-05-23 21:36:18', 69);
insert into deliverpromotions (pid, descriptionpromo, discount, startdate, enddate, did) values (75, 'Bernier-Block', 29.65, '2019-08-11 19:07:38', '2019-05-01 13:17:45', 53);
insert into deliverpromotions (pid, descriptionpromo, discount, startdate, enddate, did) values (76, 'Homenick, Brown and Luettgen', 31.23, '2019-09-25 04:25:06', '2019-12-14 10:31:59', 73);
insert into deliverpromotions (pid, descriptionpromo, discount, startdate, enddate, did) values (77, 'Doyle and Sons', 45.65, '2019-10-23 01:52:25', '2019-05-11 12:21:37', 81);
insert into deliverpromotions (pid, descriptionpromo, discount, startdate, enddate, did) values (78, 'Heller-Herzog', 38.55, '2019-04-27 13:35:55', '2019-05-10 07:05:08', 72);
insert into deliverpromotions (pid, descriptionpromo, discount, startdate, enddate, did) values (79, 'Gleason Inc', 25.69, '2019-09-05 18:28:02', '2019-04-04 08:33:14', 87);
insert into deliverpromotions (pid, descriptionpromo, discount, startdate, enddate, did) values (80, 'Runte Inc', 11.14, '2020-02-11 12:42:24', '2019-09-05 06:35:46', 80);
insert into deliverpromotions (pid, descriptionpromo, discount, startdate, enddate, did) values (81, 'Ortiz, Doyle and Schulist', 44.4, '2019-10-13 15:23:54', '2019-10-18 16:27:11', 40);
insert into deliverpromotions (pid, descriptionpromo, discount, startdate, enddate, did) values (82, 'Mueller-Bauch', 44.88, '2019-07-01 23:45:11', '2019-06-21 12:37:48', 74);
insert into deliverpromotions (pid, descriptionpromo, discount, startdate, enddate, did) values (83, 'Smith and Sons', 1.76, '2019-06-08 12:07:20', '2019-10-02 10:52:44', 95);
insert into deliverpromotions (pid, descriptionpromo, discount, startdate, enddate, did) values (84, 'Mitchell, Wiza and Schinner', 13.23, '2019-05-02 05:02:22', '2019-11-18 09:28:48', 15);
insert into deliverpromotions (pid, descriptionpromo, discount, startdate, enddate, did) values (85, 'Bosco, Wyman and Hane', 16.06, '2020-01-19 11:45:48', '2020-01-16 19:13:08', 68);
insert into deliverpromotions (pid, descriptionpromo, discount, startdate, enddate, did) values (86, 'Lueilwitz LLC', 21.95, '2020-01-26 22:04:04', '2019-05-22 04:22:27', 68);
insert into deliverpromotions (pid, descriptionpromo, discount, startdate, enddate, did) values (87, 'Stamm-Fahey', 20.86, '2019-12-15 22:06:32', '2020-03-23 01:23:02', 13);
insert into deliverpromotions (pid, descriptionpromo, discount, startdate, enddate, did) values (88, 'Mayer-Jacobs', 46.95, '2020-01-02 01:46:47', '2019-05-04 05:51:21', 88);
insert into deliverpromotions (pid, descriptionpromo, discount, startdate, enddate, did) values (89, 'Wyman-Durgan', 2.52, '2019-11-13 18:56:30', '2019-07-06 17:09:37', 47);
insert into deliverpromotions (pid, descriptionpromo, discount, startdate, enddate, did) values (90, 'Becker-Wolff', 31.03, '2019-04-19 06:59:19', '2020-03-18 12:45:31', 27);
insert into deliverpromotions (pid, descriptionpromo, discount, startdate, enddate, did) values (91, 'O''Keefe, Keebler and Johnson', 34.08, '2019-12-04 13:31:07', '2019-07-28 19:55:31', 68);
insert into deliverpromotions (pid, descriptionpromo, discount, startdate, enddate, did) values (92, 'Trantow, Eichmann and Hilpert', 15.02, '2019-07-11 10:04:37', '2019-09-18 13:58:31', 90);
insert into deliverpromotions (pid, descriptionpromo, discount, startdate, enddate, did) values (93, 'Dietrich Group', 4.53, '2019-10-13 14:51:11', '2019-05-02 16:24:13', 4);
insert into deliverpromotions (pid, descriptionpromo, discount, startdate, enddate, did) values (94, 'King-Ryan', 11.42, '2019-11-03 13:07:59', '2020-02-20 00:47:18', 45);
insert into deliverpromotions (pid, descriptionpromo, discount, startdate, enddate, did) values (95, 'Grimes, Batz and Koss', 45.42, '2019-11-24 06:50:37', '2020-03-22 03:04:19', 31);
insert into deliverpromotions (pid, descriptionpromo, discount, startdate, enddate, did) values (96, 'Conn, Beier and Hansen', 19.2, '2019-06-05 19:35:28', '2019-05-26 08:33:41', 2);
insert into deliverpromotions (pid, descriptionpromo, discount, startdate, enddate, did) values (97, 'Weber LLC', 16.51, '2019-08-22 07:56:08', '2019-12-07 18:33:28', 19);
insert into deliverpromotions (pid, descriptionpromo, discount, startdate, enddate, did) values (98, 'Funk Group', 13.28, '2019-07-11 07:52:55', '2020-01-01 04:25:36', 26);
insert into deliverpromotions (pid, descriptionpromo, discount, startdate, enddate, did) values (99, 'Grady LLC', 13.48, '2019-04-03 07:07:58', '2019-05-24 18:44:27', 61);
insert into deliverpromotions (pid, descriptionpromo, discount, startdate, enddate, did) values (100, 'Buckridge, Williamson and Huel', 49.95, '2019-09-04 13:51:37', '2020-03-10 22:49:43', 64);


insert into consists (coid, flid, fname, rname) values (1, 1, 'Peach', 'Comfort Systems USA, Inc.');
insert into consists (coid, flid, fname, rname) values (15, 1, 'Peach', 'Comfort Systems USA, Inc.');
insert into consists (coid, flid, fname, rname) values (16, 1, 'Peach', 'Comfort Systems USA, Inc.');
insert into consists (coid, flid, fname, rname) values (17, 1, 'Peach', 'Comfort Systems USA, Inc.');
insert into consists (coid, flid, fname, rname) values (18, 1, 'Peach', 'Comfort Systems USA, Inc.');
insert into consists (coid, flid, fname, rname) values (19, 1, 'Peach', 'Comfort Systems USA, Inc.');
insert into consists (coid, flid, fname, rname) values (20, 1, 'Peach', 'Comfort Systems USA, Inc.');
insert into consists (coid, flid, fname, rname) values (2, 2, 'Passion fruit', 'Bank of America Corporation');
insert into consists (coid, flid, fname, rname) values (21, 2, 'Passion fruit', 'Bank of America Corporation');
insert into consists (coid, flid, fname, rname) values (22, 2, 'Passion fruit', 'Bank of America Corporation');
insert into consists (coid, flid, fname, rname) values (3, 3, 'Boysenberry', 'Cumberland Pharmaceuticals Inc.');
insert into consists (coid, flid, fname, rname) values (23, 3, 'Kiwi', 'Cumberland Pharmaceuticals Inc.');
insert into consists (coid, flid, fname, rname) values (24, 3, 'Bean', 'Cumberland Pharmaceuticals Inc.');
insert into consists (coid, flid, fname, rname) values (25, 3, 'Swede', 'Cumberland Pharmaceuticals Inc.');
insert into consists (coid, flid, fname, rname) values (27, 3, 'Swede', 'Cumberland Pharmaceuticals Inc.');
insert into consists (coid, flid, fname, rname) values (26, 3, 'Pacific jack mackerel', 'Cumberland Pharmaceuticals Inc.');
insert into consists (coid, flid, fname, rname) values (28, 3, 'Pacific jack mackerel', 'Cumberland Pharmaceuticals Inc.');
insert into consists (coid, flid, fname, rname) values (29, 3, 'Pacific jack mackerel', 'Cumberland Pharmaceuticals Inc.');
insert into consists (coid, flid, fname, rname) values (4, 4, 'Daikon radish', 'Adient plc');
insert into consists (coid, flid, fname, rname) values (30, 4, 'Daikon radish', 'Adient plc');
insert into consists (coid, flid, fname, rname) values (31, 4, 'Daikon radish', 'Adient plc');
insert into consists (coid, flid, fname, rname) values (5, 5, 'Peach', 'Comfort Systems USA, Inc.');
insert into consists (coid, flid, fname, rname) values (6, 6, 'Squirrel', 'Bed Bath & Beyond Inc.');
insert into consists (coid, flid, fname, rname) values (32, 6, 'Eggs', 'Bed Bath & Beyond Inc.');
insert into consists (coid, flid, fname, rname) values (33, 6, 'Eggs', 'Bed Bath & Beyond Inc.');
insert into consists (coid, flid, fname, rname) values (34, 6, 'Eggs', 'Bed Bath & Beyond Inc.');
insert into consists (coid, flid, fname, rname) values (35, 6, 'Eggs', 'Bed Bath & Beyond Inc.');
insert into consists (coid, flid, fname, rname) values (7, 7, 'Bilberry', 'California Water  Service Group Holding');
insert into consists (coid, flid, fname, rname) values (36, 7, 'Eggplant', 'California Water  Service Group Holding');
insert into consists (coid, flid, fname, rname) values (37, 7, 'Eggplant', 'California Water  Service Group Holding');
insert into consists (coid, flid, fname, rname) values (38, 7, 'Eggplant', 'California Water  Service Group Holding');
insert into consists (coid, flid, fname, rname) values (39, 7, 'Elderberry', 'California Water  Service Group Holding');
insert into consists (coid, flid, fname, rname) values (40, 7, 'Elderberry', 'California Water  Service Group Holding');
insert into consists (coid, flid, fname, rname) values (41, 7, 'Elderberry', 'California Water  Service Group Holding');
insert into consists (coid, flid, fname, rname) values (42, 7, 'Elderberry', 'California Water  Service Group Holding');
insert into consists (coid, flid, fname, rname) values (8, 8, 'Potato bread', 'Tuniu Corporation');
insert into consists (coid, flid, fname, rname) values (43, 8, 'Potato bread', 'Tuniu Corporation');
insert into consists (coid, flid, fname, rname) values (9, 9, 'Natto', 'CGI Group, Inc.');
insert into consists (coid, flid, fname, rname) values (44, 9, 'Natto', 'CGI Group, Inc.');
insert into consists (coid, flid, fname, rname) values (10, 10, 'Scallop', 'Lombard Medical, Inc.');
insert into consists (coid, flid, fname, rname) values (11, 10, 'Scallop', 'Lombard Medical, Inc.');
insert into consists (coid, flid, fname, rname) values (12, 10, 'Scallop', 'Lombard Medical, Inc.');
insert into consists (coid, flid, fname, rname) values (13, 10, 'Scallop', 'Lombard Medical, Inc.');
insert into consists (coid, flid, fname, rname) values (14, 10, 'Common octopus', 'Lombard Medical, Inc.');
insert into consists (coid, flid, fname, rname) values (45, 10, 'Common octopus', 'Lombard Medical, Inc.');
insert into consists (coid, flid, fname, rname) values (46, 10, 'Common octopus', 'Lombard Medical, Inc.');
insert into consists (coid, flid, fname, rname) values (47, 10, 'Sauce', 'Lombard Medical, Inc.');
insert into consists (coid, flid, fname, rname) values (48, 10, 'Sauce', 'Lombard Medical, Inc.');
insert into consists (coid, flid, fname, rname) values (49, 10, 'Fruit preserve', 'Lombard Medical, Inc.');
insert into consists (coid, flid, fname, rname) values (50, 10, 'Fruit preserve', 'Lombard Medical, Inc.');

insert into consists (coid, flid, fname, rname) values (51, 11, 'Sauce', 'Lombard Medical, Inc.');
insert into consists (coid, flid, fname, rname) values (52, 12, 'Sauce', 'Lombard Medical, Inc.');
insert into consists (coid, flid, fname, rname) values (53, 13, 'Fruit preserve', 'Lombard Medical, Inc.');
insert into consists (coid, flid, fname, rname) values (54, 14, 'Fruit preserve', 'Lombard Medical, Inc.');
insert into consists (coid, flid, fname, rname) values (55, 15, 'Common octopus', 'Lombard Medical, Inc.');
insert into consists (coid, flid, fname, rname) values (56, 16, 'Common octopus', 'Lombard Medical, Inc.');
insert into consists (coid, flid, fname, rname) values (57, 17, 'Common octopus', 'Lombard Medical, Inc.');
insert into consists (coid, flid, fname, rname) values (58, 18, 'Common octopus', 'Lombard Medical, Inc.');
insert into consists (coid, flid, fname, rname) values (59, 19, 'Scallop', 'Lombard Medical, Inc.');
insert into consists (coid, flid, fname, rname) values (60, 20, 'Scallop', 'Lombard Medical, Inc.');

insert into customerLogin (Username, Password, cid) values ('ee', 'ee', 1);
insert into customerLogin (Username, Password, cid) values ('hmcairt1', '1g8XThby1oku', 2);
insert into customerLogin (Username, Password, cid) values ('dchess2', 'nF6LMxPN', 3);
insert into customerLogin (Username, Password, cid) values ('mskittrell3', 'qxIBPJUvyLT1', 4);
insert into customerLogin (Username, Password, cid) values ('rchurchley4', '6YQ7enya8', 5);
insert into customerLogin (Username, Password, cid) values ('bfrodsham5', 'JT2bOQsraG', 6);
insert into customerLogin (Username, Password, cid) values ('lchiese6', 'hQYpPofi', 7);
insert into customerLogin (Username, Password, cid) values ('dwooffinden7', 'bh9FrwUURBX', 8);
insert into customerLogin (Username, Password, cid) values ('lsnarr8', 'rdaRUWl', 9);
insert into customerLogin (Username, Password, cid) values ('ncaplan9', '9eXiF2c', 10);
insert into customerLogin (Username, Password, cid) values ('tfoulshama', 'geUsPMc', 11);
insert into customerLogin (Username, Password, cid) values ('kshevlanb', 'EpBif9w4', 12);
insert into customerLogin (Username, Password, cid) values ('ghazeldenec', 'S1mDwpHMiY', 13);
insert into customerLogin (Username, Password, cid) values ('praveaud', 'zWTrEGAix', 14);
insert into customerLogin (Username, Password, cid) values ('kredmonde', 'jNQxrbSf', 15);
insert into customerLogin (Username, Password, cid) values ('hbelchamf', '1GzTXpLsj', 16);
insert into customerLogin (Username, Password, cid) values ('gpresswellg', 'QSx8N68Hx', 17);
insert into customerLogin (Username, Password, cid) values ('aseabourneh', 'GkSERg9T', 18);
insert into customerLogin (Username, Password, cid) values ('sflecknoi', 'hXmy0p', 19);
insert into customerLogin (Username, Password, cid) values ('gtrosdallj', '311KlkadPzhC', 20);
insert into customerLogin (Username, Password, cid) values ('sshepherdk', '0WrhQt', 21);
insert into customerLogin (Username, Password, cid) values ('bpilkintonl', 'MZeXD1', 22);
insert into customerLogin (Username, Password, cid) values ('cedgcombem', 'fmDstFkV9qaa', 23);
insert into customerLogin (Username, Password, cid) values ('eweeklandn', 'ErU0LUrNw', 24);
insert into customerLogin (Username, Password, cid) values ('pgirauldo', 'la6pjC7', 25);
insert into customerLogin (Username, Password, cid) values ('cschachp', '6lGAPm', 26);
insert into customerLogin (Username, Password, cid) values ('karnisonq', 'IjXTKZxHW5', 27);
insert into customerLogin (Username, Password, cid) values ('greastr', 'sK4cdp', 28);
insert into customerLogin (Username, Password, cid) values ('cscardifeilds', '3DEVel', 29);
insert into customerLogin (Username, Password, cid) values ('scasserleyt', 'JWBmArij3', 30);
insert into customerLogin (Username, Password, cid) values ('rmayouu', 'NSuvBzd0M', 31);
insert into customerLogin (Username, Password, cid) values ('mcrustv', 'F1P6vVa0', 32);
insert into customerLogin (Username, Password, cid) values ('kjenkisonw', '3pEdPh', 33);
insert into customerLogin (Username, Password, cid) values ('meastwellx', 'Hru3655GgG', 34);
insert into customerLogin (Username, Password, cid) values ('iellsey', '8FIu88tV', 35);
insert into customerLogin (Username, Password, cid) values ('cosbidstonz', '6F4BqLiM28W', 36);
insert into customerLogin (Username, Password, cid) values ('lmcgenis10', 'hpYdKSsL', 37);
insert into customerLogin (Username, Password, cid) values ('htraves11', 'viDYdtgYk', 38);
insert into customerLogin (Username, Password, cid) values ('tclaasen12', 'mjjPb0k0lmo', 39);
insert into customerLogin (Username, Password, cid) values ('tdowner13', '1iiPUClR', 40);
insert into customerLogin (Username, Password, cid) values ('ltremblett14', 'jH5j5I8lcPh', 41);
insert into customerLogin (Username, Password, cid) values ('jlaughton15', 'Qhc0QgWP7hml', 42);
insert into customerLogin (Username, Password, cid) values ('tcestard16', 'jcrlH9ov2R', 43);
insert into customerLogin (Username, Password, cid) values ('dpardy17', 'Spo5w1cHccoJ', 44);
insert into customerLogin (Username, Password, cid) values ('cchattock18', 'c6X7rPilr5', 45);
insert into customerLogin (Username, Password, cid) values ('kshiers19', 'nKFToA', 46);
insert into customerLogin (Username, Password, cid) values ('sragat1a', 'OywjMn0', 47);
insert into customerLogin (Username, Password, cid) values ('mmarcam1b', 'EV7bmBpWM', 48);
insert into customerLogin (Username, Password, cid) values ('ecund1c', 'X3QFvnNcLA', 49);
insert into customerLogin (Username, Password, cid) values ('tstamps1d', 'vODW8J', 50);
insert into customerLogin (Username, Password, cid) values ('skettoe1e', 'zimZb0I7E', 51);
insert into customerLogin (Username, Password, cid) values ('mgilchrest1f', 'b1X2hY', 52);
insert into customerLogin (Username, Password, cid) values ('ttraviss1g', 'YEHniB6p3', 53);
insert into customerLogin (Username, Password, cid) values ('glufkin1h', 'eFYpT1B', 54);
insert into customerLogin (Username, Password, cid) values ('sbrugemann1i', 'wlJp0qh', 55);
insert into customerLogin (Username, Password, cid) values ('noflynn1j', 'DM49A7z9xP', 56);
insert into customerLogin (Username, Password, cid) values ('creynalds1k', 'lMSEiIpK', 57);
insert into customerLogin (Username, Password, cid) values ('dsurphliss1l', 'dnDEQpN', 58);
insert into customerLogin (Username, Password, cid) values ('eslora1m', 'y6kuujRL6', 59);
insert into customerLogin (Username, Password, cid) values ('mkinsman1n', 'IXnduEFF', 60);
insert into customerLogin (Username, Password, cid) values ('mrudeforth1o', 'BgUQlPH5VtY', 61);
insert into customerLogin (Username, Password, cid) values ('obirden1p', 'EXte2W5N0', 62);
insert into customerLogin (Username, Password, cid) values ('fmountlow1q', 'syA9kgBZi9r', 63);
insert into customerLogin (Username, Password, cid) values ('mvinden1r', '0U7pkS', 64);
insert into customerLogin (Username, Password, cid) values ('aszimoni1s', 'dhN3tlf', 65);
insert into customerLogin (Username, Password, cid) values ('lzecchinii1t', '46Yo6FQ83lGm', 66);
insert into customerLogin (Username, Password, cid) values ('rleishman1u', 'PQR18cKP', 67);
insert into customerLogin (Username, Password, cid) values ('dkayley1v', 'EvZxjZYJGZw', 68);
insert into customerLogin (Username, Password, cid) values ('dpethrick1w', 'vsei1g', 69);
insert into customerLogin (Username, Password, cid) values ('rstolberger1x', 'zgXxa2odJh', 70);
insert into customerLogin (Username, Password, cid) values ('tdenford1y', '9LiT0E', 71);
insert into customerLogin (Username, Password, cid) values ('llongina1z', 'dBsgFzh5', 72);
insert into customerLogin (Username, Password, cid) values ('rfancy20', 'ndrQiyBgeR', 73);
insert into customerLogin (Username, Password, cid) values ('dlongland21', 'E5IjiAX2N9bL', 74);
insert into customerLogin (Username, Password, cid) values ('uventham22', 'IVnZ3qXeJD', 75);
insert into customerLogin (Username, Password, cid) values ('afrayne23', 'pDzUEX1Js', 76);
insert into customerLogin (Username, Password, cid) values ('dgorrick24', 'vZ32bUH', 77);
insert into customerLogin (Username, Password, cid) values ('kkeppe25', 'KnmD4zAqhl', 78);
insert into customerLogin (Username, Password, cid) values ('jrobilliard26', 'jhm0Ah', 79);
insert into customerLogin (Username, Password, cid) values ('chegerty27', '5UpeVA668v', 80);
insert into customerLogin (Username, Password, cid) values ('svasey28', '0vlWHMXf', 81);
insert into customerLogin (Username, Password, cid) values ('eslora29', 'LzAhcj', 82);
insert into customerLogin (Username, Password, cid) values ('afant2a', 'tBQo9n6ySHk', 83);
insert into customerLogin (Username, Password, cid) values ('jbriscoe2b', 'lDmdsCTGyP', 84);
insert into customerLogin (Username, Password, cid) values ('ahartzog2c', 'EhxYarpALsk', 85);
insert into customerLogin (Username, Password, cid) values ('kdemoge2d', 'VvfnSm8', 86);
insert into customerLogin (Username, Password, cid) values ('kconville2e', 'g222Ynktccxw', 87);
insert into customerLogin (Username, Password, cid) values ('csmurthwaite2f', 'ZnZSRGZQ', 88);
insert into customerLogin (Username, Password, cid) values ('gburgoine2g', 'otT7D1c1IQx', 89);
insert into customerLogin (Username, Password, cid) values ('mclifford2h', 'FtTgkomydyfC', 90);
insert into customerLogin (Username, Password, cid) values ('fpendleberry2i', 'aErOyS', 91);
insert into customerLogin (Username, Password, cid) values ('edelacour2j', 'rKSWSxuRIh', 92);
insert into customerLogin (Username, Password, cid) values ('bliston2k', 'tS00Gn3YMt', 93);
insert into customerLogin (Username, Password, cid) values ('msiviter2l', 'MBc61uq', 94);
insert into customerLogin (Username, Password, cid) values ('myouthed2m', 'Fcia2d98JMlg', 95);
insert into customerLogin (Username, Password, cid) values ('rshinton2n', 'v8x4KgGjM54', 96);
insert into customerLogin (Username, Password, cid) values ('sgammade2o', '2vFuEEKxF', 97);
insert into customerLogin (Username, Password, cid) values ('dleinthall2p', 'LjPsC4VQo', 98);
insert into customerLogin (Username, Password, cid) values ('bbinch2q', 'sxxAjpSKKGm', 99);
insert into customerLogin (Username, Password, cid) values ('ehasel2r', 'lBGgucOWDgN3', 100);
insert into customerLogin (Username, Password, cid) values ('xmably2s', 'kvwjAqqY', 101);
insert into customerLogin (Username, Password, cid) values ('wgolding2t', '3zxGOO', 102);
insert into customerLogin (Username, Password, cid) values ('jdenyagin2u', 'aKlAlSJ', 103);
insert into customerLogin (Username, Password, cid) values ('sgadesby2v', '7RdTiEmq', 104);
insert into customerLogin (Username, Password, cid) values ('tmalster2w', 'faDn7e6bXLyV', 105);
insert into customerLogin (Username, Password, cid) values ('rpresdee2x', 'OGDfjx5CqB8O', 106);
insert into customerLogin (Username, Password, cid) values ('lgohn2y', 'TtwqEn0SB4w', 107);
insert into customerLogin (Username, Password, cid) values ('vgifkins2z', 'RvNYEOji8qe', 108);
insert into customerLogin (Username, Password, cid) values ('hpatkin30', 'SkohaA', 109);
insert into customerLogin (Username, Password, cid) values ('lsymonds31', 'BiX8rwcI3wer', 110);
insert into customerLogin (Username, Password, cid) values ('dmontgomery32', 'WS00smZf1Ae', 111);
insert into customerLogin (Username, Password, cid) values ('wmcmylor33', 'HgRkT4I', 112);
insert into customerLogin (Username, Password, cid) values ('nbrenston34', 'kKJzFvN7tuG9', 113);
insert into customerLogin (Username, Password, cid) values ('moconnolly35', 'GL7nuX', 114);
insert into customerLogin (Username, Password, cid) values ('yvahl36', 'PlU6uDloP3vE', 115);
insert into customerLogin (Username, Password, cid) values ('mfriatt37', 'gIzNSovZTi', 116);
insert into customerLogin (Username, Password, cid) values ('cbosnell38', 'NZMClkI', 117);
insert into customerLogin (Username, Password, cid) values ('akwiek39', 'b2HYzZ7zuG1y', 118);
insert into customerLogin (Username, Password, cid) values ('jlangman3a', 'jfvNvd6Y', 119);
insert into customerLogin (Username, Password, cid) values ('dleask3b', 'rqVlZfnGejc', 120);
insert into customerLogin (Username, Password, cid) values ('ekrolik3c', 'TXnqpk0wCKqS', 121);
insert into customerLogin (Username, Password, cid) values ('jivanenko3d', 'U7bjESwGpSQq', 122);
insert into customerLogin (Username, Password, cid) values ('mwhitesel3e', 'Z0YaOPl', 123);
insert into customerLogin (Username, Password, cid) values ('cvalentetti3f', 'A47LRmKbv8', 124);
insert into customerLogin (Username, Password, cid) values ('lmarval3g', 'vVdZaNIG8HH', 125);
insert into customerLogin (Username, Password, cid) values ('dmcquarrie3h', 'gM92Wq1Pxb', 126);
insert into customerLogin (Username, Password, cid) values ('phoodless3i', 'T7mqjkYmq3', 127);
insert into customerLogin (Username, Password, cid) values ('adelaspee3j', 'JfGDqQSsXhGE', 128);
insert into customerLogin (Username, Password, cid) values ('omoakes3k', 'v2v9EfzuSc', 129);
insert into customerLogin (Username, Password, cid) values ('gdoyley3l', 'mHcTwDp84', 130);
insert into customerLogin (Username, Password, cid) values ('kbranton3m', 'kPppo06QfHVn', 131);
insert into customerLogin (Username, Password, cid) values ('fdacke3n', '6f3GgqCBdn0', 132);
insert into customerLogin (Username, Password, cid) values ('jskrine3o', '3ykIurfWsKF', 133);
insert into customerLogin (Username, Password, cid) values ('bhebble3p', 'JMMQqj', 134);
insert into customerLogin (Username, Password, cid) values ('gtedman3q', 'bUhjwLqgr', 135);
insert into customerLogin (Username, Password, cid) values ('byurukhin3r', 'QGd5Zfej', 136);
insert into customerLogin (Username, Password, cid) values ('dhinsche3s', 'hS5l0v', 137);
insert into customerLogin (Username, Password, cid) values ('bemeline3t', 'nZuQKbqhFLi', 138);
insert into customerLogin (Username, Password, cid) values ('hredgrove3u', 'pHOGI4zK', 139);
insert into customerLogin (Username, Password, cid) values ('fjuniper3v', 'dBzuIrrM', 140);
insert into customerLogin (Username, Password, cid) values ('mpache3w', '7AujOzcFxiQ', 141);
insert into customerLogin (Username, Password, cid) values ('mlaughton3x', 'dxGT679', 142);
insert into customerLogin (Username, Password, cid) values ('eklimaszewski3y', 'wzcDNCdxt', 143);
insert into customerLogin (Username, Password, cid) values ('dlamie3z', 'CIgxI0', 144);
insert into customerLogin (Username, Password, cid) values ('bleyband40', 'C377Sp', 145);
insert into customerLogin (Username, Password, cid) values ('sgurge41', 'vn3lXe', 146);
insert into customerLogin (Username, Password, cid) values ('apelzer42', 'Z5fuuO0', 147);
insert into customerLogin (Username, Password, cid) values ('bgeldeard43', 'rI9a8cjRbyV', 148);
insert into customerLogin (Username, Password, cid) values ('wcotes44', '0WoDxwyIkoRd', 149);
insert into customerLogin (Username, Password, cid) values ('tlabadini45', '54tzc9vpv', 150);
insert into customerLogin (Username, Password, cid) values ('clyttle46', 'q9ktH437RmJn', 151);
insert into customerLogin (Username, Password, cid) values ('sottey47', 'yM2VEeD', 152);
insert into customerLogin (Username, Password, cid) values ('chaimes48', 's5H0q6DGe7u', 153);
insert into customerLogin (Username, Password, cid) values ('jhuws49', 'qz56MW', 154);
insert into customerLogin (Username, Password, cid) values ('ajulyan4a', 'n5vx36wvY', 155);
insert into customerLogin (Username, Password, cid) values ('talbasini4b', 'ql15ecr70', 156);
insert into customerLogin (Username, Password, cid) values ('qaccum4c', 'gm7cR4L', 157);
insert into customerLogin (Username, Password, cid) values ('mlockhurst4d', 'MbSDXqf', 158);
insert into customerLogin (Username, Password, cid) values ('ilarmor4e', 'MjBK3nT1TYK', 159);
insert into customerLogin (Username, Password, cid) values ('cpaske4f', 'vjXJI5sw4T', 160);
insert into customerLogin (Username, Password, cid) values ('elunt4g', '1wKlsf9hJZ', 161);
insert into customerLogin (Username, Password, cid) values ('gtregensoe4h', 'wo2Ssu', 162);
insert into customerLogin (Username, Password, cid) values ('lflanagan4i', 'pqVWlbWk8', 163);
insert into customerLogin (Username, Password, cid) values ('rlothean4j', 'YtagmGJsFRA', 164);
insert into customerLogin (Username, Password, cid) values ('gdeelay4k', 'FCCiKIQ9JS', 165);
insert into customerLogin (Username, Password, cid) values ('badney4l', 'Wv6ILZx', 166);
insert into customerLogin (Username, Password, cid) values ('vmacellar4m', 'a8P5uxi', 167);
insert into customerLogin (Username, Password, cid) values ('bdurbyn4n', 'HJgai6XIHx', 168);
insert into customerLogin (Username, Password, cid) values ('drichings4o', 'X5A3Rt', 169);
insert into customerLogin (Username, Password, cid) values ('dstott4p', 'A88ISbKb7wG', 170);
insert into customerLogin (Username, Password, cid) values ('ovasilyonok4q', '1ns1cmCM', 171);
insert into customerLogin (Username, Password, cid) values ('atreasaden4r', 'lxP8cY', 172);
insert into customerLogin (Username, Password, cid) values ('credgate4s', 'XjqCrx2or', 173);
insert into customerLogin (Username, Password, cid) values ('cballinghall4t', 'aJMRV966b', 174);
insert into customerLogin (Username, Password, cid) values ('ddriver4u', '4FmJRwdTu', 175);
insert into customerLogin (Username, Password, cid) values ('rspellesy4v', 'icgU7n', 176);
insert into customerLogin (Username, Password, cid) values ('jeastby4w', '4zEtYwaQJ', 177);
insert into customerLogin (Username, Password, cid) values ('rpahler4x', 'BRKAwrK9', 178);
insert into customerLogin (Username, Password, cid) values ('scuncarr4y', 'Tc5VDeT4KZG', 179);
insert into customerLogin (Username, Password, cid) values ('gsagrott4z', 'jUUmYIC1xU6Y', 180);
insert into customerLogin (Username, Password, cid) values ('elasselle50', 'jnbAaS', 181);
insert into customerLogin (Username, Password, cid) values ('whobson51', 'D2E8usv5I', 182);
insert into customerLogin (Username, Password, cid) values ('drofe52', 'qdKT2ph', 183);
insert into customerLogin (Username, Password, cid) values ('cjina53', 'PrizKu', 184);
insert into customerLogin (Username, Password, cid) values ('pabberley54', 'jjPZCHSu6', 185);
insert into customerLogin (Username, Password, cid) values ('dlawles55', 'Y3qT8gjPYIc', 186);
insert into customerLogin (Username, Password, cid) values ('snorris56', '7cZOZPK6', 187);
insert into customerLogin (Username, Password, cid) values ('dreely57', 'tvADYboEF', 188);
insert into customerLogin (Username, Password, cid) values ('acovington58', 'OIr8ZHOFwq', 189);
insert into customerLogin (Username, Password, cid) values ('trunciman59', 'YzKHdB', 190);
insert into customerLogin (Username, Password, cid) values ('bpaolone5a', 'V0HtqrNJej', 191);
insert into customerLogin (Username, Password, cid) values ('sconant5b', 'd00frMXsa', 192);
insert into customerLogin (Username, Password, cid) values ('emeriton5c', '1AgmAU', 193);
insert into customerLogin (Username, Password, cid) values ('theinrici5d', 'zRLM5Mr', 194);
insert into customerLogin (Username, Password, cid) values ('gmardy5e', 'ZkJ3F0', 195);
insert into customerLogin (Username, Password, cid) values ('vauthers5f', 'zAso6kO7', 196);
insert into customerLogin (Username, Password, cid) values ('cgherardi5g', 'HY9tHa', 197);
insert into customerLogin (Username, Password, cid) values ('atuxwell5h', 'MxoW5M1WwdAV', 198);
insert into customerLogin (Username, Password, cid) values ('rvidean5i', 'NcJhtUa8uwkP', 199);
insert into customerLogin (Username, Password, cid) values ('gbremmell5j', 'VF1FoeG', 200);
insert into customerLogin (Username, Password, cid) values ('slaidler5k', 'mTL7okc', 201);
insert into customerLogin (Username, Password, cid) values ('bluckman5l', 'L8GIDWLLl2', 202);
insert into customerLogin (Username, Password, cid) values ('mevill5m', '19H3tBAdH', 203);
insert into customerLogin (Username, Password, cid) values ('maubery5n', 'IJNX6S4pLYcI', 204);
insert into customerLogin (Username, Password, cid) values ('wkeelinge5o', 'mL5v5j3YV5gU', 205);
insert into customerLogin (Username, Password, cid) values ('bralls5p', 'FFMLR5tXdS', 206);
insert into customerLogin (Username, Password, cid) values ('dallot5q', 'kaRHsTdQb', 207);
insert into customerLogin (Username, Password, cid) values ('cpassion5r', 'D0xOYf', 208);
insert into customerLogin (Username, Password, cid) values ('hdessent5s', 'IueOgiRiO', 209);
insert into customerLogin (Username, Password, cid) values ('cholehouse5t', 'kRULQh9Tl3', 210);
insert into customerLogin (Username, Password, cid) values ('nwernham5u', 'RdVFZUuKrSd', 211);
insert into customerLogin (Username, Password, cid) values ('pbruinsma5v', 'AOka0KOqZ', 212);
insert into customerLogin (Username, Password, cid) values ('sflasby5w', '9j3QzRC', 213);
insert into customerLogin (Username, Password, cid) values ('ebrydell5x', 'RYGFlmLutQs', 214);
insert into customerLogin (Username, Password, cid) values ('tbarrick5y', 'jYTBRQ', 215);
insert into customerLogin (Username, Password, cid) values ('pberringer5z', 'xFNCoR1B1TIu', 216);
insert into customerLogin (Username, Password, cid) values ('mmcrill60', 'lEM9wx0a', 217);
insert into customerLogin (Username, Password, cid) values ('dschubbert61', 'Hn0EQ9', 218);
insert into customerLogin (Username, Password, cid) values ('dcuesta62', 'ZWvoon', 219);
insert into customerLogin (Username, Password, cid) values ('ddaenen63', 'fSPWV6', 220);
insert into customerLogin (Username, Password, cid) values ('abulfoy64', 'EEooH7WF7', 221);
insert into customerLogin (Username, Password, cid) values ('sbasindale65', 'tYFIzjYA4', 222);
insert into customerLogin (Username, Password, cid) values ('cyurov66', 'AlVYx9XJHn', 223);
insert into customerLogin (Username, Password, cid) values ('lbeacock67', '93RU9KRQvJ4S', 224);
insert into customerLogin (Username, Password, cid) values ('nheselwood68', 'ZU9cd4sYe', 225);
insert into customerLogin (Username, Password, cid) values ('ealenikov69', '6WsVCN', 226);
insert into customerLogin (Username, Password, cid) values ('mroobottom6a', 'p5gu8DlSD', 227);
insert into customerLogin (Username, Password, cid) values ('apenelli6b', 'LN1FSsdKahV', 228);
insert into customerLogin (Username, Password, cid) values ('ddragonette6c', 'HWp6Mv', 229);
insert into customerLogin (Username, Password, cid) values ('mgooderham6d', 'mXdBVcEIsz', 230);
insert into customerLogin (Username, Password, cid) values ('fguage6e', 'ilEZWFnLRKWF', 231);
insert into customerLogin (Username, Password, cid) values ('kmaylam6f', '4SMPcp', 232);
insert into customerLogin (Username, Password, cid) values ('jchritchlow6g', 'lhNoOsJQAT', 233);
insert into customerLogin (Username, Password, cid) values ('fcutsforth6h', 'HY73YJuUJ', 234);
insert into customerLogin (Username, Password, cid) values ('fbrosoli6i', 'UPwMfWOW3', 235);
insert into customerLogin (Username, Password, cid) values ('alimb6j', 'EHcLf34X7', 236);
insert into customerLogin (Username, Password, cid) values ('blatus6k', 'eghLZ455pp', 237);
insert into customerLogin (Username, Password, cid) values ('ablankett6l', 'kKesX3zocWJ', 238);
insert into customerLogin (Username, Password, cid) values ('thannay6m', 'xQu4d4', 239);
insert into customerLogin (Username, Password, cid) values ('ekivelhan6n', 'NCn7F2e', 240);
insert into customerLogin (Username, Password, cid) values ('prestieaux6o', 'Ns8FEZPI', 241);
insert into customerLogin (Username, Password, cid) values ('acriag6p', 'CPbfWTQH', 242);
insert into customerLogin (Username, Password, cid) values ('pvreede6q', 'xQiBAkU8x', 243);
insert into customerLogin (Username, Password, cid) values ('fingledow6r', 'QuoGHJFp7Rh', 244);
insert into customerLogin (Username, Password, cid) values ('hmarkovich6s', 'L9qDi6a', 245);
insert into customerLogin (Username, Password, cid) values ('nbaptiste6t', 'wUdBG8DWasl', 246);
insert into customerLogin (Username, Password, cid) values ('gfazan6u', 'ZvmNbQoDf', 247);
insert into customerLogin (Username, Password, cid) values ('wsharplin6v', 'TvMmEaY9z8H5', 248);
insert into customerLogin (Username, Password, cid) values ('hkluss6w', '3LnCRLG0b', 249);
insert into customerLogin (Username, Password, cid) values ('imulvihill6x', 'iYUvSjOYq', 250);
insert into customerLogin (Username, Password, cid) values ('vgittis6y', 'IdGH4L48Fu7s', 251);
insert into customerLogin (Username, Password, cid) values ('jlicari6z', 'mDQHCwkF', 252);
insert into customerLogin (Username, Password, cid) values ('hloughney70', 'GRwr9Rr', 253);
insert into customerLogin (Username, Password, cid) values ('cmannion71', 'rDEQWgsd3WPD', 254);
insert into customerLogin (Username, Password, cid) values ('kkillbey72', 'ycCfGb', 255);
insert into customerLogin (Username, Password, cid) values ('kdealtry73', 'k0n5wk', 256);
insert into customerLogin (Username, Password, cid) values ('mhenke74', 'M9HdlT27', 257);
insert into customerLogin (Username, Password, cid) values ('wrogans75', 'uBipYnwck', 258);
insert into customerLogin (Username, Password, cid) values ('golynn76', 'YwfJLy6VCsxy', 259);
insert into customerLogin (Username, Password, cid) values ('lbeakes77', 'J9cSS850fi4', 260);
insert into customerLogin (Username, Password, cid) values ('lslatter78', 'KbASFvish', 261);
insert into customerLogin (Username, Password, cid) values ('lcollings79', '9mzCeJ', 262);
insert into customerLogin (Username, Password, cid) values ('tspellecy7a', 'TGze2PVe', 263);
insert into customerLogin (Username, Password, cid) values ('hbosley7b', 'i6X4mP', 264);
insert into customerLogin (Username, Password, cid) values ('mpurchase7c', 'g8kGkZGH', 265);
insert into customerLogin (Username, Password, cid) values ('tfeckey7d', 'u5MldqtxkTX7', 266);
insert into customerLogin (Username, Password, cid) values ('dcristol7e', 'HdMHKyE', 267);
insert into customerLogin (Username, Password, cid) values ('rcardenas7f', 'vAnPmg5jf8', 268);
insert into customerLogin (Username, Password, cid) values ('socahsedy7g', 'sPvsA7rPvPsS', 269);
insert into customerLogin (Username, Password, cid) values ('mkingsnoad7h', '3sAhYiR9ZX5', 270);
insert into customerLogin (Username, Password, cid) values ('sarmor7i', 'nXgjN1NhyAAL', 271);
insert into customerLogin (Username, Password, cid) values ('sborge7j', 'ynKLzBEC', 272);
insert into customerLogin (Username, Password, cid) values ('frobinet7k', 'OJiUyA', 273);
insert into customerLogin (Username, Password, cid) values ('ravis7l', 'BEE4k2VjI8', 274);
insert into customerLogin (Username, Password, cid) values ('skinnie7m', 'sMTQkNjvI', 275);
insert into customerLogin (Username, Password, cid) values ('mheiner7n', 'jkpk8qSPB2s', 276);
insert into customerLogin (Username, Password, cid) values ('okelloch7o', 'TwIX727J9', 277);
insert into customerLogin (Username, Password, cid) values ('mvigneron7p', 'nbla4rCh2eO', 278);
insert into customerLogin (Username, Password, cid) values ('ospurdon7q', 'Qw1Go9dOB', 279);
insert into customerLogin (Username, Password, cid) values ('lesby7r', 'EVyPEYR', 280);
insert into customerLogin (Username, Password, cid) values ('nbrittain7s', 'tRdKm9uHtRPa', 281);
insert into customerLogin (Username, Password, cid) values ('ajordon7t', 'VNDz847zIP3', 282);
insert into customerLogin (Username, Password, cid) values ('dbosnell7u', 'C9Me4cRpI1e4', 283);
insert into customerLogin (Username, Password, cid) values ('nfiddyment7v', 'eFp0xKh', 284);
insert into customerLogin (Username, Password, cid) values ('rtomaszkiewicz7w', 'PONUlD', 285);
insert into customerLogin (Username, Password, cid) values ('gdeakins7x', 'FPvFAhLCgd', 286);
insert into customerLogin (Username, Password, cid) values ('tmenier7y', '8Balwg6', 287);
insert into customerLogin (Username, Password, cid) values ('bfoote7z', '3n39HHt0', 288);
insert into customerLogin (Username, Password, cid) values ('wjoel80', 'K9XE5AX', 289);
insert into customerLogin (Username, Password, cid) values ('rschukraft81', 'ox726VJ', 290);
insert into customerLogin (Username, Password, cid) values ('drodnight82', 'ulmmdE1P', 291);
insert into customerLogin (Username, Password, cid) values ('lpiller83', 'LqHVeWi', 292);
insert into customerLogin (Username, Password, cid) values ('jwreford84', 'NmEYGLdh', 293);
insert into customerLogin (Username, Password, cid) values ('jjansson85', 'hnb5GWUEH', 294);
insert into customerLogin (Username, Password, cid) values ('hbasketfield86', 'vd9X7i', 295);
insert into customerLogin (Username, Password, cid) values ('cblazdell87', 'lzfiJwOoKSI', 296);
insert into customerLogin (Username, Password, cid) values ('hhirsch88', '2jKKWaOXGB6', 297);
insert into customerLogin (Username, Password, cid) values ('dlent89', 'yfevGF1fbIT6', 298);
insert into customerLogin (Username, Password, cid) values ('ljerrems8a', 'neWdpft7', 299);
insert into customerLogin (Username, Password, cid) values ('dburland8b', '909ngyTdzkn', 300);
insert into customerLogin (Username, Password, cid) values ('mderr8c', 'y4gWlKlqz9', 301);
insert into customerLogin (Username, Password, cid) values ('adaniell8d', '1UN1FaiPM', 302);
insert into customerLogin (Username, Password, cid) values ('bphonix8e', 'RAW9bRBrM', 303);
insert into customerLogin (Username, Password, cid) values ('fdefilippi8f', 'BeHIVWNAc4', 304);
insert into customerLogin (Username, Password, cid) values ('anoorwood8g', 'YW3vUND30', 305);
insert into customerLogin (Username, Password, cid) values ('fassel8h', 'GcBjSUvgEO', 306);
insert into customerLogin (Username, Password, cid) values ('hburkwood8i', 'C7YDYMnQQhme', 307);
insert into customerLogin (Username, Password, cid) values ('gsummerson8j', 'rUfsV8k', 308);
insert into customerLogin (Username, Password, cid) values ('sbilsland8k', 'DZG73y', 309);
insert into customerLogin (Username, Password, cid) values ('cdavidi8l', 'nNqWvBcZ', 310);
insert into customerLogin (Username, Password, cid) values ('gpunch8m', 'y3VUtadkS56', 311);
insert into customerLogin (Username, Password, cid) values ('gspileman8n', 'ONbxfIEDfQ', 312);
insert into customerLogin (Username, Password, cid) values ('egossipin8o', 'R3OaZyKHdP', 313);
insert into customerLogin (Username, Password, cid) values ('hweems8p', 'i8sumNxKNf85', 314);
insert into customerLogin (Username, Password, cid) values ('gglencross8q', 'bMenIA', 315);
insert into customerLogin (Username, Password, cid) values ('uedwinson8r', 'hX580Zpt', 316);
insert into customerLogin (Username, Password, cid) values ('eavarne8s', 'HRzIlqBmfybE', 317);
insert into customerLogin (Username, Password, cid) values ('cblaschke8t', 'ZF9wPzU', 318);
insert into customerLogin (Username, Password, cid) values ('mstacey8u', '9vGMnt4BNoG1', 319);
insert into customerLogin (Username, Password, cid) values ('lwinkell8v', 'KWVZghytY7', 320);
insert into customerLogin (Username, Password, cid) values ('abanes8w', 'v0M9j7i', 321);
insert into customerLogin (Username, Password, cid) values ('mpetras8x', 'ZX6NOwmh0', 322);
insert into customerLogin (Username, Password, cid) values ('adooley8y', 'vxfJZH', 323);
insert into customerLogin (Username, Password, cid) values ('rgodar8z', 'CL3FRdI', 324);
insert into customerLogin (Username, Password, cid) values ('bkittles90', 'lqXqox', 325);
insert into customerLogin (Username, Password, cid) values ('wrheaume91', 'gMMWtbLGI', 326);
insert into customerLogin (Username, Password, cid) values ('avaughton92', 'JwUhkP5', 327);
insert into customerLogin (Username, Password, cid) values ('rcarlile93', 'Plk8aQ', 328);
insert into customerLogin (Username, Password, cid) values ('bwillford94', '6zcTGoR', 329);
insert into customerLogin (Username, Password, cid) values ('mbridal95', 'cYhJCn4a', 330);
insert into customerLogin (Username, Password, cid) values ('jlanchbury96', 'hZC9Fa', 331);
insert into customerLogin (Username, Password, cid) values ('kvandijk97', 'ERIRvERyQv', 332);
insert into customerLogin (Username, Password, cid) values ('oduly98', 'a0RPdjkNJgNx', 333);
insert into customerLogin (Username, Password, cid) values ('cotoole99', 'DqwGD45', 334);
insert into customerLogin (Username, Password, cid) values ('cpykerman9a', '4VGWXxC', 335);
insert into customerLogin (Username, Password, cid) values ('lgimblett9b', 'ph9xq5d1N', 336);
insert into customerLogin (Username, Password, cid) values ('dbaumaier9c', '2ezaANSe8', 337);
insert into customerLogin (Username, Password, cid) values ('ptuffrey9d', 'N4gqZWcRd', 338);
insert into customerLogin (Username, Password, cid) values ('rmatveyev9e', 'LINcbl', 339);
insert into customerLogin (Username, Password, cid) values ('mdesbrow9f', '5uEwXB8irz', 340);
insert into customerLogin (Username, Password, cid) values ('fprout9g', 'mNzrNQBrBn0', 341);
insert into customerLogin (Username, Password, cid) values ('ldivina9h', 'TxBbMr7W', 342);
insert into customerLogin (Username, Password, cid) values ('kbamborough9i', 'BRDxc2r', 343);
insert into customerLogin (Username, Password, cid) values ('lciccerale9j', 'dczHAAokxR', 344);
insert into customerLogin (Username, Password, cid) values ('candri9k', 'BISQ2dplnXSk', 345);
insert into customerLogin (Username, Password, cid) values ('lpadefield9l', 'LWY4EtQsEuHv', 346);
insert into customerLogin (Username, Password, cid) values ('nwintersgill9m', 'UcghSqI', 347);
insert into customerLogin (Username, Password, cid) values ('npesticcio9n', 'f9K0Vz8', 348);
insert into customerLogin (Username, Password, cid) values ('adackombe9o', 'QTo5ucWT', 349);
insert into customerLogin (Username, Password, cid) values ('tsends9p', '23bT0rt', 350);
insert into customerLogin (Username, Password, cid) values ('mmanger9q', 'PfJePAS', 351);
insert into customerLogin (Username, Password, cid) values ('hmosley9r', 'SeXsc7hy', 352);
insert into customerLogin (Username, Password, cid) values ('ssills9s', 'jErkqmWxSON8', 353);
insert into customerLogin (Username, Password, cid) values ('thail9t', '9eXFMln7A', 354);
insert into customerLogin (Username, Password, cid) values ('kbasketfield9u', 'hLLKvulV', 355);
insert into customerLogin (Username, Password, cid) values ('crobertson9v', 'v22NM6nUdrvX', 356);
insert into customerLogin (Username, Password, cid) values ('glaidlow9w', 'iMGsNT92HWL8', 357);
insert into customerLogin (Username, Password, cid) values ('nmaymand9x', 'Y8K1fwbvbJ', 358);
insert into customerLogin (Username, Password, cid) values ('sbaldi9y', 'wnJNRDcENVr', 359);
insert into customerLogin (Username, Password, cid) values ('jmaggillandreis9z', 'oH0jaj', 360);
insert into customerLogin (Username, Password, cid) values ('jlangricka0', 'eniumcPz', 361);
insert into customerLogin (Username, Password, cid) values ('dsimmancea1', 'h0MksJud', 362);
insert into customerLogin (Username, Password, cid) values ('mleala2', 'pdOXm8d2QOl', 363);
insert into customerLogin (Username, Password, cid) values ('pchastona3', '5nWMzGAAE5vo', 364);
insert into customerLogin (Username, Password, cid) values ('jsheabera4', '5H7sQT1R09', 365);
insert into customerLogin (Username, Password, cid) values ('bnurcombea5', 'xWoJptQ9vGTz', 366);
insert into customerLogin (Username, Password, cid) values ('cduinbletona6', '6UStz7pLnK', 367);
insert into customerLogin (Username, Password, cid) values ('sremnanta7', 'RLTVr9L9', 368);
insert into customerLogin (Username, Password, cid) values ('ftrewa8', '8mGgpTGB6Icx', 369);
insert into customerLogin (Username, Password, cid) values ('lwaitlanda9', 'HH420GWBi', 370);
insert into customerLogin (Username, Password, cid) values ('acoalesaa', 'erfsxEf', 371);
insert into customerLogin (Username, Password, cid) values ('weykelhofab', 'irQMsu', 372);
insert into customerLogin (Username, Password, cid) values ('cexpositoac', 'fNynd7LDZf', 373);
insert into customerLogin (Username, Password, cid) values ('ttitead', 'S2XbhLw', 374);
insert into customerLogin (Username, Password, cid) values ('gsurphlissae', 'TNtABE', 375);
insert into customerLogin (Username, Password, cid) values ('cloverockaf', '4KHkr1FdO4T', 376);
insert into customerLogin (Username, Password, cid) values ('dlenthallag', '5396IjYA7s', 377);
insert into customerLogin (Username, Password, cid) values ('pmehmetah', 'bkD144F6iK', 378);
insert into customerLogin (Username, Password, cid) values ('opaulinoai', '9aS7GKIv5', 379);
insert into customerLogin (Username, Password, cid) values ('tebunoluwaaj', 'iGKlkOb', 380);
insert into customerLogin (Username, Password, cid) values ('fkleinhautak', '3NyALmlIhG', 381);
insert into customerLogin (Username, Password, cid) values ('dpigdenal', '8x4QTJsur', 382);
insert into customerLogin (Username, Password, cid) values ('fhaldinam', 'wQ3zGeGXrzy', 383);
insert into customerLogin (Username, Password, cid) values ('switcombean', 'SyIrSvl4I', 384);
insert into customerLogin (Username, Password, cid) values ('ocurryao', 'FPvNSdt0jeP', 385);
insert into customerLogin (Username, Password, cid) values ('wlongap', 'IAW7R5cpG8cy', 386);
insert into customerLogin (Username, Password, cid) values ('vleedsaq', 'YOFMjujUQ0TL', 387);
insert into customerLogin (Username, Password, cid) values ('jpietzkerar', '1d8W3bp8qh7Q', 388);
insert into customerLogin (Username, Password, cid) values ('sseckomas', 'vNFjnp0', 389);
insert into customerLogin (Username, Password, cid) values ('zkettemanat', 'Xhh7qHcIsU9', 390);
insert into customerLogin (Username, Password, cid) values ('wensorau', 'KKYvzvJPw', 391);
insert into customerLogin (Username, Password, cid) values ('btillotav', '6WrQ7GW35DUw', 392);
insert into customerLogin (Username, Password, cid) values ('rdawberyaw', 'PKi62IB3F', 393);
insert into customerLogin (Username, Password, cid) values ('lsparshottax', 'YsYIagxVOX4', 394);
insert into customerLogin (Username, Password, cid) values ('sjoanay', 'QSZP87zuQ', 395);
insert into customerLogin (Username, Password, cid) values ('erumboldaz', 'P1UcLVUZ', 396);
insert into customerLogin (Username, Password, cid) values ('jlefeverb0', '5xScRqWL3P', 397);
insert into customerLogin (Username, Password, cid) values ('aguilloub1', 'atgCPdaA', 398);
insert into customerLogin (Username, Password, cid) values ('jjedrzejkiewiczb2', 'fzQGNOUvjXu', 399);
insert into customerLogin (Username, Password, cid) values ('bmatthewb3', 'YXHlCqLL', 400);
insert into customerLogin (Username, Password, cid) values ('jmattimoeb4', '6ZpTOM', 401);
insert into customerLogin (Username, Password, cid) values ('hbleslib5', '2HrBHj1CP', 402);
insert into customerLogin (Username, Password, cid) values ('afiddlerb6', 'La6Um8', 403);
insert into customerLogin (Username, Password, cid) values ('vmckimb7', 'rc9JiP0TmDI', 404);
insert into customerLogin (Username, Password, cid) values ('dlillgardb8', 'bi0y8UKmufEk', 405);
insert into customerLogin (Username, Password, cid) values ('shullinb9', 'b6javp7ntp', 406);
insert into customerLogin (Username, Password, cid) values ('gwinmanba', 'jLfXY50EIT0', 407);
insert into customerLogin (Username, Password, cid) values ('mscothornbb', 't5NYDTWtox5', 408);
insert into customerLogin (Username, Password, cid) values ('btrenholmbc', 'ua3NkvKxUIt', 409);
insert into customerLogin (Username, Password, cid) values ('ekrishtopaittisbd', 'XdX7Zi2', 410);
insert into customerLogin (Username, Password, cid) values ('abrazerbe', 'MVtKbnFNd3G', 411);
insert into customerLogin (Username, Password, cid) values ('amcdermidbf', '8jh1u1j', 412);
insert into customerLogin (Username, Password, cid) values ('tthatcherbg', 'UprV5WYbWTj', 413);
insert into customerLogin (Username, Password, cid) values ('tbrysonbh', 'gjxBeK', 414);
insert into customerLogin (Username, Password, cid) values ('crotgebi', 'IOSJJFMb', 415);
insert into customerLogin (Username, Password, cid) values ('aloomisbj', '5TFasi3dV', 416);
insert into customerLogin (Username, Password, cid) values ('cwilsonebk', 'KUIX5l5', 417);
insert into customerLogin (Username, Password, cid) values ('abartrapbl', '9x372IN4', 418);
insert into customerLogin (Username, Password, cid) values ('rmacronaldbm', 'eDtHuCuui', 419);
insert into customerLogin (Username, Password, cid) values ('dmoxombn', 'fvMmzzfE', 420);
insert into customerLogin (Username, Password, cid) values ('abastistinibo', '8P7DyC', 421);
insert into customerLogin (Username, Password, cid) values ('tcomerfordbp', 'PPUpkaMtJduI', 422);
insert into customerLogin (Username, Password, cid) values ('ccregganbq', 'z8MeaoqF0o', 423);
insert into customerLogin (Username, Password, cid) values ('vshillabearebr', 'UKVkVW', 424);
insert into customerLogin (Username, Password, cid) values ('fwooddissebs', 'thA5I3', 425);
insert into customerLogin (Username, Password, cid) values ('akitchinerbt', 'jQnBbQ', 426);
insert into customerLogin (Username, Password, cid) values ('ncharnockbu', 'xdxaMR9deEw5', 427);
insert into customerLogin (Username, Password, cid) values ('nfeeherybv', 'dShcn1c', 428);
insert into customerLogin (Username, Password, cid) values ('jblackledgebw', 'z2ZcVzM6iR', 429);
insert into customerLogin (Username, Password, cid) values ('ctimewellbx', 'VPNidC2', 430);
insert into customerLogin (Username, Password, cid) values ('gdouseby', '1pi27k', 431);
insert into customerLogin (Username, Password, cid) values ('abilesbz', 'naqsNJ', 432);
insert into customerLogin (Username, Password, cid) values ('jbruggemanc0', 'RHNvtPNn', 433);
insert into customerLogin (Username, Password, cid) values ('ebowickc1', 'Dj9Y7rPa', 434);
insert into customerLogin (Username, Password, cid) values ('gbealtonc2', 'oMIad75Zfgwv', 435);
insert into customerLogin (Username, Password, cid) values ('pwakec3', 'PkCvoY9', 436);
insert into customerLogin (Username, Password, cid) values ('cdickonsc4', 'Ztcdxc', 437);
insert into customerLogin (Username, Password, cid) values ('hhullotc5', 'RTJ2HlmVm', 438);
insert into customerLogin (Username, Password, cid) values ('kowbridgec6', '2S1f7f', 439);
insert into customerLogin (Username, Password, cid) values ('ggeorgeauc7', 'BJBzNfNzc', 440);
insert into customerLogin (Username, Password, cid) values ('mmusslewhitec8', 'XayiniMD', 441);
insert into customerLogin (Username, Password, cid) values ('mdelchecoloc9', 'hGxGt75yKhJ', 442);
insert into customerLogin (Username, Password, cid) values ('lgammieca', 'cO6O9Sj', 443);
insert into customerLogin (Username, Password, cid) values ('aonncb', 'sXT8Kueaq', 444);
insert into customerLogin (Username, Password, cid) values ('bgatesmancc', 'H7joFYrLEcev', 445);
insert into customerLogin (Username, Password, cid) values ('bgilderoycd', 'Ht8T8GdcGb', 446);
insert into customerLogin (Username, Password, cid) values ('htudballce', 'a7RqYMS', 447);
insert into customerLogin (Username, Password, cid) values ('mbrownellcf', 'KfBBlGks', 448);
insert into customerLogin (Username, Password, cid) values ('jhavockcg', '1AjNQPOkruHg', 449);
insert into customerLogin (Username, Password, cid) values ('gfoxhallch', 'sGxCT8G', 450);
insert into customerLogin (Username, Password, cid) values ('edunkinsonci', 'R9APTQA0XrGU', 451);
insert into customerLogin (Username, Password, cid) values ('bhillancj', 'AbbmRuc', 452);
insert into customerLogin (Username, Password, cid) values ('aklynck', 'qZAFFH', 453);
insert into customerLogin (Username, Password, cid) values ('bredheadcl', 'ZphKvRO', 454);
insert into customerLogin (Username, Password, cid) values ('brusecm', 'fDNK68VGYmJ3', 455);
insert into customerLogin (Username, Password, cid) values ('rhallawayscn', 'AAsbu5l9SvKo', 456);
insert into customerLogin (Username, Password, cid) values ('abibbieco', 'Y1Itq30', 457);
insert into customerLogin (Username, Password, cid) values ('bbrandinocp', 'fvXT9wsy', 458);
insert into customerLogin (Username, Password, cid) values ('sstotercq', '7Q2VkrThs', 459);
insert into customerLogin (Username, Password, cid) values ('cpuseycr', 'bnaCn95OE4', 460);
insert into customerLogin (Username, Password, cid) values ('kflowittcs', 'rvbLgxyh', 461);
insert into customerLogin (Username, Password, cid) values ('dcoatesct', 'ZjW0IUWH', 462);
insert into customerLogin (Username, Password, cid) values ('mrydercu', 'z513pUqh', 463);
insert into customerLogin (Username, Password, cid) values ('nsingyardcv', 'NCSRMF51mw', 464);
insert into customerLogin (Username, Password, cid) values ('latyeocw', 'jyPlpEkcrOgD', 465);
insert into customerLogin (Username, Password, cid) values ('bevemycx', 'uFf7592dq', 466);
insert into customerLogin (Username, Password, cid) values ('jastillcy', 'aMnQJY51AvK', 467);
insert into customerLogin (Username, Password, cid) values ('dclaycz', '6eNX8h', 468);
insert into customerLogin (Username, Password, cid) values ('rsquierd0', 'pPOoII3st', 469);
insert into customerLogin (Username, Password, cid) values ('nrudeforthd1', 'sBrJtVICOCol', 470);
insert into customerLogin (Username, Password, cid) values ('cclotherd2', 'IfEdnr', 471);
insert into customerLogin (Username, Password, cid) values ('tmccathayd3', 'pfyMFwNQgu', 472);
insert into customerLogin (Username, Password, cid) values ('fmccliffertyd4', 'taXaAXAtQ', 473);
insert into customerLogin (Username, Password, cid) values ('rjammetd5', 'NqbmobAFyq', 474);
insert into customerLogin (Username, Password, cid) values ('menochd6', 'Cq4C4lfXu', 475);
insert into customerLogin (Username, Password, cid) values ('bdarrigoed7', 'CkcllaAj', 476);
insert into customerLogin (Username, Password, cid) values ('llubertid8', 'AEx4id', 477);
insert into customerLogin (Username, Password, cid) values ('chorsleyd9', 'ndUytwng5nOv', 478);
insert into customerLogin (Username, Password, cid) values ('oancellda', 'ZyvVb39', 479);
insert into customerLogin (Username, Password, cid) values ('ksegardb', 'IpGhTNs8', 480);
insert into customerLogin (Username, Password, cid) values ('dnoldadc', '2yUC5NJMlOam', 481);
insert into customerLogin (Username, Password, cid) values ('lhiddsleydd', '9Nzhh4ENuR', 482);
insert into customerLogin (Username, Password, cid) values ('cmaundersde', 'uu3APMEuFBHa', 483);
insert into customerLogin (Username, Password, cid) values ('adimeodf', 'phTlMBY3sNr', 484);
insert into customerLogin (Username, Password, cid) values ('bturfittdg', 'b894Gksvjf', 485);
insert into customerLogin (Username, Password, cid) values ('rgilliodh', 'IatSCW', 486);
insert into customerLogin (Username, Password, cid) values ('gmaylordi', 'MxeOWdweaCu', 487);
insert into customerLogin (Username, Password, cid) values ('mkillimisterdj', 'jplOTahT8', 488);
insert into customerLogin (Username, Password, cid) values ('mmanserdk', '6qKPQo8B3rd', 489);
insert into customerLogin (Username, Password, cid) values ('mjoddinsdl', 'fbA18B6', 490);
insert into customerLogin (Username, Password, cid) values ('bbirdseyedm', 'kL8TRmxa', 491);
insert into customerLogin (Username, Password, cid) values ('sbeerntdn', 'XhLFhytEGz', 492);
insert into customerLogin (Username, Password, cid) values ('mgavrielido', '2H9Avq9Ptq5', 493);
insert into customerLogin (Username, Password, cid) values ('ccalwelldp', 'whSgCZ', 494);
insert into customerLogin (Username, Password, cid) values ('ejobbingdq', 'X9vArSPDC', 495);
insert into customerLogin (Username, Password, cid) values ('jlevindr', 'lkipG5JzpW', 496);
insert into customerLogin (Username, Password, cid) values ('ayedallds', 'mN9NdC8nuhW', 497);
insert into customerLogin (Username, Password, cid) values ('araywooddt', 'cJFjDmJG', 498);
insert into customerLogin (Username, Password, cid) values ('gcarendu', 'O038TxWNe', 499);
insert into customerLogin (Username, Password, cid) values ('pcolleckdv', 'FmFWsaSl', 500);

insert into riderLogin (username, password, riderid) values ('rchadburn0', '5WbAYS', 1);
insert into riderLogin (username, password, riderid) values ('roughtright1', '7vi3DjllWFd', 2);
insert into riderLogin (username, password, riderid) values ('cdwerryhouse2', 'xqCiGNr', 3);
insert into riderLogin (username, password, riderid) values ('jbenner3', 'ASeFZhyZCGCy', 4);
insert into riderLogin (username, password, riderid) values ('gsevier4', 'bc0yCuJ8', 5);
insert into riderLogin (username, password, riderid) values ('csiggee5', 'ToCn6CqP1rI', 6);
insert into riderLogin (username, password, riderid) values ('cosmon6', 'sPZy4ed2HOi', 7);
insert into riderLogin (username, password, riderid) values ('dbowkley7', 'NTZ5ZIB', 8);
insert into riderLogin (username, password, riderid) values ('dmarsh8', 'yjMLpC', 9);
insert into riderLogin (username, password, riderid) values ('mheimes9', 'Sa3zjTz', 10);
insert into riderLogin (username, password, riderid) values ('aglastonburya', 'j8kWQROq8rhK', 11);
insert into riderLogin (username, password, riderid) values ('msilsonb', 'QYJ47V', 12);
insert into riderLogin (username, password, riderid) values ('mandersenc', 'RK3j16mE17K', 13);
insert into riderLogin (username, password, riderid) values ('gtuckd', 'qnoICttj3H', 14);
insert into riderLogin (username, password, riderid) values ('nmcilvennae', 'Po4ut0qapi', 15);
insert into riderLogin (username, password, riderid) values ('phankinsf', 'MmvbVeUdfo81', 16);
insert into riderLogin (username, password, riderid) values ('jidiensg', 'WqKOJ5', 17);
insert into riderLogin (username, password, riderid) values ('ktreadgoldh', 'xjNClUO', 18);
insert into riderLogin (username, password, riderid) values ('sconradseni', 'UDEm7FMNxO', 19);
insert into riderLogin (username, password, riderid) values ('afettiplacej', 'JsJCGwAy', 20);
insert into riderLogin (username, password, riderid) values ('acurrumk', 'A6jl6hclSph', 21);
insert into riderLogin (username, password, riderid) values ('owhitewoodl', 'c6aceNm7el', 22);
insert into riderLogin (username, password, riderid) values ('lkorbm', '5JayIN', 23);
insert into riderLogin (username, password, riderid) values ('lrobshawn', '3eHIeZE', 24);
insert into riderLogin (username, password, riderid) values ('ykarchowskio', 'iw4SKmjCJr', 25);
insert into riderLogin (username, password, riderid) values ('kladbrookp', 'MQ4XwKDd', 26);
insert into riderLogin (username, password, riderid) values ('hpybusq', 'nEFNeaIqUTl', 27);
insert into riderLogin (username, password, riderid) values ('gscotchmoorr', 'cxSVCcaj', 28);
insert into riderLogin (username, password, riderid) values ('smaccaffreys', 'QEfbDJ', 29);
insert into riderLogin (username, password, riderid) values ('jhammondt', 'C1WlEvKL', 30);
insert into riderLogin (username, password, riderid) values ('rsenneru', 'jQgBPUTm', 31);
insert into riderLogin (username, password, riderid) values ('swallesv', 'BSMfJ6kbq6b', 32);
insert into riderLogin (username, password, riderid) values ('cplakw', 'S2GpW97stM21', 33);
insert into riderLogin (username, password, riderid) values ('qq', 'qq', 34);
insert into riderLogin (username, password, riderid) values ('cbedwardy', 'kRoHOOJn', 35);
insert into riderLogin (username, password, riderid) values ('kdrinanz', 'XiY1TNk', 36);
insert into riderLogin (username, password, riderid) values ('bdewar10', 'B47DVuflPxkC', 37);
insert into riderLogin (username, password, riderid) values ('usangwine11', 'YDd6rrfocU', 38);
insert into riderLogin (username, password, riderid) values ('cheddon12', '1FLjEHZDE', 39);
insert into riderLogin (username, password, riderid) values ('lgatiss13', '4tGXD5', 40);
insert into riderLogin (username, password, riderid) values ('icecely14', 'L8FmGjxj9', 41);
insert into riderLogin (username, password, riderid) values ('jpook15', 'EiAhBM', 42);
insert into riderLogin (username, password, riderid) values ('jmuggleston16', 'BkqzFackTA24', 43);
insert into riderLogin (username, password, riderid) values ('aklambt17', 'xlgFajB', 44);
insert into riderLogin (username, password, riderid) values ('lcaddan18', 'S0RbfFv', 45);
insert into riderLogin (username, password, riderid) values ('qverrick19', 'wqkipdgVj8if', 46);
insert into riderLogin (username, password, riderid) values ('eknowles1a', 'rm2iUTY', 47);
insert into riderLogin (username, password, riderid) values ('btomenson1b', 'QqWGuFEgy', 48);
insert into riderLogin (username, password, riderid) values ('dcraddock1c', 'JkTmNJ', 49);
insert into riderLogin (username, password, riderid) values ('omcnutt1d', 'uRXMlpu2O3Cp', 50);
insert into riderLogin (username, password, riderid) values ('sgravestone1e', '84XaJdNYE9pZ', 51);
insert into riderLogin (username, password, riderid) values ('clownds1f', 'DEHtMv', 52);
insert into riderLogin (username, password, riderid) values ('cmalcolm1g', 'pzk3WJE', 53);
insert into riderLogin (username, password, riderid) values ('lrojel1h', '1P6vfV', 54);
insert into riderLogin (username, password, riderid) values ('lcorwood1i', 'RJjpydupciET', 55);
insert into riderLogin (username, password, riderid) values ('ktwentyman1j', 'zgl7Nj98lF5b', 56);
insert into riderLogin (username, password, riderid) values ('ppostans1k', '5aUsvNQPly', 57);
insert into riderLogin (username, password, riderid) values ('agirton1l', 'Z1rqfUWPip', 58);
insert into riderLogin (username, password, riderid) values ('sclohissy1m', 'JtkSXHM5Bxf', 59);
insert into riderLogin (username, password, riderid) values ('hsedgeman1n', '8IN573Euy7h', 60);
insert into riderLogin (username, password, riderid) values ('ujarrette1o', 'DMrzdAq', 61);
insert into riderLogin (username, password, riderid) values ('cgreatrex1p', 'DcW7cz', 62);
insert into riderLogin (username, password, riderid) values ('sbeggini1q', 'TXVDYcj16DTz', 63);
insert into riderLogin (username, password, riderid) values ('rbenyan1r', 'uqaGjMfBpJgd', 64);
insert into riderLogin (username, password, riderid) values ('zvaudrey1s', 'hN6jYg', 65);
insert into riderLogin (username, password, riderid) values ('ohowgate1t', 'l4HhpTOmq1mT', 66);
insert into riderLogin (username, password, riderid) values ('remmanueli1u', '0tEMmVaSQhq', 67);
insert into riderLogin (username, password, riderid) values ('wshinn1v', 'YV4rjHFYj', 68);
insert into riderLogin (username, password, riderid) values ('awhaymand1w', 'GLKgccTC', 69);
insert into riderLogin (username, password, riderid) values ('kcaplan1x', 'ETF0kwV', 70);
insert into riderLogin (username, password, riderid) values ('thairon1y', 'TGKpD5KkA', 71);
insert into riderLogin (username, password, riderid) values ('bhaston1z', 'ZxkCMLwn2n', 72);
insert into riderLogin (username, password, riderid) values ('asalter20', 'YoBPvbbFDe3', 73);
insert into riderLogin (username, password, riderid) values ('bhubbard21', 'Rh3qcFEQpg', 74);
insert into riderLogin (username, password, riderid) values ('mmille22', 'JXe5jazvLtz', 75);
insert into riderLogin (username, password, riderid) values ('tleal23', 'KeUbh12jUb', 76);
insert into riderLogin (username, password, riderid) values ('lpickerin24', 'bY1HGf3pvX', 77);
insert into riderLogin (username, password, riderid) values ('worford25', 'lYZZamhf5', 78);
insert into riderLogin (username, password, riderid) values ('gives26', 'IRTZwI', 79);
insert into riderLogin (username, password, riderid) values ('echaundy27', 'vPwkjl', 80);
insert into riderLogin (username, password, riderid) values ('hshermore28', 'fHmH3O', 81);
insert into riderLogin (username, password, riderid) values ('kannwyl29', 'mWPf828ja', 82);
insert into riderLogin (username, password, riderid) values ('cvest2a', 'GCXprtMrj', 83);
insert into riderLogin (username, password, riderid) values ('tmarciskewski2b', 'GtgW5JculFJ4', 84);
insert into riderLogin (username, password, riderid) values ('dgrimm2c', 'jpza4kSY1', 85);
insert into riderLogin (username, password, riderid) values ('dmarchbank2d', 'hku91cUdWJF', 86);
insert into riderLogin (username, password, riderid) values ('lboyland2e', '00plxn9', 87);
insert into riderLogin (username, password, riderid) values ('epotticary2f', 'wAgKh9QovYB', 88);
insert into riderLogin (username, password, riderid) values ('cdeetlefs2g', 'TBBcrhx', 89);
insert into riderLogin (username, password, riderid) values ('hswire2h', 'CqMI9xHEb', 90);
insert into riderLogin (username, password, riderid) values ('tcubley2i', '85ZaZl', 91);
insert into riderLogin (username, password, riderid) values ('gspafford2j', 'zuhVCPOYX', 92);
insert into riderLogin (username, password, riderid) values ('hsibbe2k', 'idFmSvpfn', 93);
insert into riderLogin (username, password, riderid) values ('abetjeman2l', 'BVIrnu4O2', 94);
insert into riderLogin (username, password, riderid) values ('ntoun2m', 'PvuoW4Bdwcr', 95);
insert into riderLogin (username, password, riderid) values ('swilbraham2n', '9vADD8Do', 96);
insert into riderLogin (username, password, riderid) values ('rduddan2o', '2RGnGYM', 97);
insert into riderLogin (username, password, riderid) values ('aransome2p', 'QmERTvYd', 98);
insert into riderLogin (username, password, riderid) values ('trubin2q', 'ouNmOiFz', 99);
insert into riderLogin (username, password, riderid) values ('draynham2r', 'I7FkUHHx', 100);
insert into riderLogin (username, password, riderid) values ('dwilloughby2s', 'sv4UN0DJQDWR', 101);
insert into riderLogin (username, password, riderid) values ('swhiting2t', 'U91WLHi1Q', 102);
insert into riderLogin (username, password, riderid) values ('aviall2u', '2iWqtoGfAJ', 103);
insert into riderLogin (username, password, riderid) values ('jriggey2v', 'nltFwG8eC', 104);
insert into riderLogin (username, password, riderid) values ('lscutchings2w', 'S0zYx8F', 105);
insert into riderLogin (username, password, riderid) values ('ltrigg2x', 'fQ8q78npGb', 106);
insert into riderLogin (username, password, riderid) values ('jdulake2y', 'kC0XcD7', 107);
insert into riderLogin (username, password, riderid) values ('dcranfield2z', '1D3bPX', 108);
insert into riderLogin (username, password, riderid) values ('rpandey30', 'wiVzU3s', 109);
insert into riderLogin (username, password, riderid) values ('jconnock31', 'C06JrM0ANd', 110);
insert into riderLogin (username, password, riderid) values ('aong32', 'GTXvaYJKZE', 111);
insert into riderLogin (username, password, riderid) values ('bbrave33', 'Us24pY', 112);
insert into riderLogin (username, password, riderid) values ('mshenton34', 'znAOKHpPvmlu', 113);
insert into riderLogin (username, password, riderid) values ('fgiddy35', 'axJM5o', 114);
insert into riderLogin (username, password, riderid) values ('smoffett36', 'L0Uz0dpBCjr', 115);
insert into riderLogin (username, password, riderid) values ('lwornum37', 'GMQCTDena1VO', 116);
insert into riderLogin (username, password, riderid) values ('kkurtis38', 'XDOSCVw3uddO', 117);
insert into riderLogin (username, password, riderid) values ('vgyrgorwicx39', 'tQRIv89Gs', 118);
insert into riderLogin (username, password, riderid) values ('sdanko3a', 'I3rheyWnN', 119);
insert into riderLogin (username, password, riderid) values ('moury3b', 'ybsxvi', 120);
insert into riderLogin (username, password, riderid) values ('cgloy3c', 'Elwz8St', 121);
insert into riderLogin (username, password, riderid) values ('mhowison3d', '4HyzxZgVAOGW', 122);
insert into riderLogin (username, password, riderid) values ('khallgarth3e', 'Joo1ae0SI1Mv', 123);
insert into riderLogin (username, password, riderid) values ('fmusto3f', 'am9pYMyGZ3X', 124);
insert into riderLogin (username, password, riderid) values ('imargram3g', 'RLtt5f8sXBO', 125);
insert into riderLogin (username, password, riderid) values ('dmillberg3h', 'Qz7cuhXx767C', 126);
insert into riderLogin (username, password, riderid) values ('bkeattch3i', 'zzdC5wBIMxSO', 127);
insert into riderLogin (username, password, riderid) values ('rizac3j', 'aQK92k5', 128);
insert into riderLogin (username, password, riderid) values ('cburchatt3k', 'u0ANQvnapJrJ', 129);
insert into riderLogin (username, password, riderid) values ('lettridge3l', 'zlwyBlt0me', 130);
insert into riderLogin (username, password, riderid) values ('ncorradini3m', 'EQhPekRPg', 131);
insert into riderLogin (username, password, riderid) values ('agerrelt3n', 'X3RTyUdxL', 132);
insert into riderLogin (username, password, riderid) values ('krawll3o', 'V1F5AoRo6', 133);
insert into riderLogin (username, password, riderid) values ('bainsbury3p', '9sXPGsZ', 134);
insert into riderLogin (username, password, riderid) values ('ithomann3q', '5Zrbr8jP', 135);
insert into riderLogin (username, password, riderid) values ('hcasaro3r', 'p5wmip', 136);
insert into riderLogin (username, password, riderid) values ('rwaylett3s', '64ikREX', 137);
insert into riderLogin (username, password, riderid) values ('cgarwell3t', 'NUX7w4', 138);
insert into riderLogin (username, password, riderid) values ('lchadbourne3u', 'jquu3uEU', 139);
insert into riderLogin (username, password, riderid) values ('msandsallan3v', 'LCTtQ33X', 140);
insert into riderLogin (username, password, riderid) values ('jhuard3w', 'Lf4uT4pK6', 141);
insert into riderLogin (username, password, riderid) values ('cquesne3x', 'PnZmMkr83ho', 142);
insert into riderLogin (username, password, riderid) values ('rmound3y', 'go2qPx', 143);
insert into riderLogin (username, password, riderid) values ('lrosenfield3z', '2jDVdeaL', 144);
insert into riderLogin (username, password, riderid) values ('brambadt40', 'xrFI02a76', 145);
insert into riderLogin (username, password, riderid) values ('mbourley41', 'yWYalkZ3jb', 146);
insert into riderLogin (username, password, riderid) values ('apatemore42', 'ztJXDF', 147);
insert into riderLogin (username, password, riderid) values ('pcossans43', 'WzTf4A2e10C6', 148);
insert into riderLogin (username, password, riderid) values ('crohloff44', '1lEhUllFUj2', 149);
insert into riderLogin (username, password, riderid) values ('nbrombell45', 'LziCsc', 150);
insert into riderLogin (username, password, riderid) values ('qrotte46', 'wlvTTrdpwQR', 151);
insert into riderLogin (username, password, riderid) values ('hsimionescu47', 'bUmP9TzS9mr', 152);
insert into riderLogin (username, password, riderid) values ('sblack48', 'xqx9Gr7H6z', 153);
insert into riderLogin (username, password, riderid) values ('jgellibrand49', 'Uc6fWpibui', 154);
insert into riderLogin (username, password, riderid) values ('lbrummell4a', '2t4Agk3CNo8j', 155);
insert into riderLogin (username, password, riderid) values ('catyea4b', 'i3ymil4s', 156);
insert into riderLogin (username, password, riderid) values ('ntofful4c', 'KQnv6hGpXLl', 157);
insert into riderLogin (username, password, riderid) values ('taristide4d', 'JEeSDsW', 158);
insert into riderLogin (username, password, riderid) values ('mcourteney4e', 'qa4bla1mKSXi', 159);
insert into riderLogin (username, password, riderid) values ('cshaxby4f', 'JvsToNkcr3D', 160);
insert into riderLogin (username, password, riderid) values ('cclemenza4g', 'sb0Ljivny', 161);
insert into riderLogin (username, password, riderid) values ('awason4h', 'yIRejwoQ', 162);
insert into riderLogin (username, password, riderid) values ('scapineer4i', 'DHWS6DOgD', 163);
insert into riderLogin (username, password, riderid) values ('dguiden4j', 'QLmtyJ', 164);
insert into riderLogin (username, password, riderid) values ('mshilburne4k', 'bnIn2IEF', 165);
insert into riderLogin (username, password, riderid) values ('nhenrie4l', '2CyMdpwa', 166);
insert into riderLogin (username, password, riderid) values ('emcgrorty4m', 'PNUby6ZXC', 167);
insert into riderLogin (username, password, riderid) values ('bheimes4n', 'YyTt8cJpKG', 168);
insert into riderLogin (username, password, riderid) values ('kmcreedy4o', 'a9AbEeK5', 169);
insert into riderLogin (username, password, riderid) values ('msearsby4p', 'NnzXWd1ho', 170);
insert into riderLogin (username, password, riderid) values ('criccione4q', 'BPgQiyX4mIb', 171);
insert into riderLogin (username, password, riderid) values ('coakenfall4r', 'UieEN5aPgcKR', 172);
insert into riderLogin (username, password, riderid) values ('craunds4s', 'tzGfny', 173);
insert into riderLogin (username, password, riderid) values ('hsivier4t', 'qKOlav', 174);
insert into riderLogin (username, password, riderid) values ('dwhitsey4u', '8jjlitVprvU8', 175);
insert into riderLogin (username, password, riderid) values ('shancke4v', 'ERFcXMET9R', 176);
insert into riderLogin (username, password, riderid) values ('rwillisch4w', 'qnnk55Ta', 177);
insert into riderLogin (username, password, riderid) values ('wlafee4x', 'QyalzjpuFLvN', 178);
insert into riderLogin (username, password, riderid) values ('lkillich4y', 'lBvBy08V6v', 179);
insert into riderLogin (username, password, riderid) values ('relfitt4z', 'G3pTSapfi', 180);
insert into riderLogin (username, password, riderid) values ('rfitzsymons50', 'BRDQB1UDb', 181);
insert into riderLogin (username, password, riderid) values ('nnezey51', 'mmLjXx7Iqb', 182);
insert into riderLogin (username, password, riderid) values ('rhorsefield52', 'Ecj4g1aKQdRU', 183);
insert into riderLogin (username, password, riderid) values ('gembleton53', 'pR6TVFWLes0', 184);
insert into riderLogin (username, password, riderid) values ('awasteney54', 'JwVGajA', 185);
insert into riderLogin (username, password, riderid) values ('cenrique55', 'VuZbtKo6V', 186);
insert into riderLogin (username, password, riderid) values ('droebuck56', '5r6eEypf', 187);
insert into riderLogin (username, password, riderid) values ('mcreasy57', 'ZzoYiU', 188);
insert into riderLogin (username, password, riderid) values ('plisciandri58', '1VX5QVSiOvOD', 189);
insert into riderLogin (username, password, riderid) values ('hrignall59', 'f2eHmI3s', 190);
insert into riderLogin (username, password, riderid) values ('spetrello5a', 'LZEbVhs', 191);
insert into riderLogin (username, password, riderid) values ('wyurasov5b', 'vceucenfY', 192);
insert into riderLogin (username, password, riderid) values ('lgeggus5c', 'uGeYm5VZexT', 193);
insert into riderLogin (username, password, riderid) values ('srichemont5d', 'j8FoRRjvvAn', 194);
insert into riderLogin (username, password, riderid) values ('mkerner5e', '1olV0nRIsOot', 195);
insert into riderLogin (username, password, riderid) values ('nbrailsford5f', 'LnYq9YRUWf', 196);
insert into riderLogin (username, password, riderid) values ('ssafe5g', 'hPoSsNMo7uS6', 197);
insert into riderLogin (username, password, riderid) values ('dbarkly5h', 'sDCIziKK64', 198);
insert into riderLogin (username, password, riderid) values ('tguiducci5i', 'nRQZuapQg', 199);
insert into riderLogin (username, password, riderid) values ('csaladin5j', '9vHpDN', 200);
insert into riderLogin (username, password, riderid) values ('jcaffin5k', 'yI7kHh', 201);
insert into riderLogin (username, password, riderid) values ('jhruska5l', 'AKMmnAd0U', 202);
insert into riderLogin (username, password, riderid) values ('lwornham5m', 'wpdO6glLJ', 203);
insert into riderLogin (username, password, riderid) values ('dcambling5n', '0DYRi5', 204);
insert into riderLogin (username, password, riderid) values ('vmarkwell5o', 'i4JBOGJq', 205);
insert into riderLogin (username, password, riderid) values ('jdalton5p', 'iGJIxNtHZT', 206);
insert into riderLogin (username, password, riderid) values ('tgalbraith5q', 'njwK3jyNLn', 207);
insert into riderLogin (username, password, riderid) values ('ljansie5r', 'hUIAD9Ct', 208);
insert into riderLogin (username, password, riderid) values ('nhackinge5s', 'qFSvaNJ9ve', 209);
insert into riderLogin (username, password, riderid) values ('hhendrickx5t', '0gij4FNtjiLZ', 210);
insert into riderLogin (username, password, riderid) values ('tchesser5u', '5viEuUanuK', 211);
insert into riderLogin (username, password, riderid) values ('tbilling5v', 'Cg24XI', 212);
insert into riderLogin (username, password, riderid) values ('dbarbey5w', 'N8LWKe', 213);
insert into riderLogin (username, password, riderid) values ('fwhatsize5x', '2HZNtw', 214);
insert into riderLogin (username, password, riderid) values ('jgreggor5y', 'MkPvyCkfji', 215);
insert into riderLogin (username, password, riderid) values ('cprynne5z', 'wpuSDZSWc', 216);
insert into riderLogin (username, password, riderid) values ('ajeayes60', 'uGY8sQlVFbCV', 217);
insert into riderLogin (username, password, riderid) values ('marchambault61', 'Egl53TCKtGH', 218);
insert into riderLogin (username, password, riderid) values ('chatwell62', 'UcYgzDvL', 219);
insert into riderLogin (username, password, riderid) values ('ohansen63', 'FzyB1nP', 220);
insert into riderLogin (username, password, riderid) values ('pbrisley64', 'aGWvXEYZC', 221);
insert into riderLogin (username, password, riderid) values ('jrief65', 'E3E2DXR', 222);
insert into riderLogin (username, password, riderid) values ('gdorie66', 'c84tKqs', 223);
insert into riderLogin (username, password, riderid) values ('dmoules67', 'nOlvYYxeKT', 224);
insert into riderLogin (username, password, riderid) values ('rstanyan68', 'QT6d66', 225);
insert into riderLogin (username, password, riderid) values ('aoveral69', 'eoMl8KjV3', 226);
insert into riderLogin (username, password, riderid) values ('dgives6a', 'At74IU22', 227);
insert into riderLogin (username, password, riderid) values ('tmanners6b', 'pmA0CqmP', 228);
insert into riderLogin (username, password, riderid) values ('rsandle6c', '4cUhn2N0', 229);
insert into riderLogin (username, password, riderid) values ('lblagbrough6d', '1TjAJnqduVB', 230);
insert into riderLogin (username, password, riderid) values ('eivanikhin6e', '69umIEGor', 231);
insert into riderLogin (username, password, riderid) values ('wduckett6f', 'vhxjSv', 232);
insert into riderLogin (username, password, riderid) values ('akeene6g', 'GVdsy4cH', 233);
insert into riderLogin (username, password, riderid) values ('jtratton6h', 'ttTDNQrK', 234);
insert into riderLogin (username, password, riderid) values ('lverrico6i', 'DwEMkCaqd', 235);
insert into riderLogin (username, password, riderid) values ('emathissen6j', 'LJXiXG', 236);
insert into riderLogin (username, password, riderid) values ('asterricker6k', '0vFBNMHQ', 237);
insert into riderLogin (username, password, riderid) values ('rdenyukin6l', 'zu7zJKR', 238);
insert into riderLogin (username, password, riderid) values ('dzima6m', 'EotkUmKKY', 239);
insert into riderLogin (username, password, riderid) values ('poglassane6n', 'rrc54IjHYfHg', 240);
insert into riderLogin (username, password, riderid) values ('bstrutt6o', 'vmHebkFLFnei', 241);
insert into riderLogin (username, password, riderid) values ('acarrier6p', 'iBy5ILXZE', 242);
insert into riderLogin (username, password, riderid) values ('cziehms6q', 'KmskMV4q0KrE', 243);
insert into riderLogin (username, password, riderid) values ('maliberti6r', 'kWUCrqaT3E', 244);
insert into riderLogin (username, password, riderid) values ('astapele6s', 'GTSPEqStMF', 245);
insert into riderLogin (username, password, riderid) values ('ccollingworth6t', 'u7vZpRFsBZJ', 246);
insert into riderLogin (username, password, riderid) values ('bmaccambridge6u', 'y77vxj', 247);
insert into riderLogin (username, password, riderid) values ('htanti6v', 'RVbGJiVsdH', 248);
insert into riderLogin (username, password, riderid) values ('fspawell6w', 'G726FL7', 249);
insert into riderLogin (username, password, riderid) values ('abetonia6x', 'xYwsUS', 250);
insert into riderLogin (username, password, riderid) values ('wdalgarnocht6y', '9gbDv8xy', 251);
insert into riderLogin (username, password, riderid) values ('jwyeth6z', 'Ic3x4g6nJL', 252);
insert into riderLogin (username, password, riderid) values ('sjerrams70', 'g4oN4nnnG', 253);
insert into riderLogin (username, password, riderid) values ('fpiken71', 'UKBPrtS', 254);
insert into riderLogin (username, password, riderid) values ('parpur72', 'n0X9nUUb', 255);
insert into riderLogin (username, password, riderid) values ('rdeegin73', 'y0IWO3Qj', 256);
insert into riderLogin (username, password, riderid) values ('gdurtnell74', 'bcf3XF', 257);
insert into riderLogin (username, password, riderid) values ('lrame75', 'PzIQBOCab7zV', 258);
insert into riderLogin (username, password, riderid) values ('zkirkland76', 'F7BXlDm', 259);
insert into riderLogin (username, password, riderid) values ('zrosengren77', '0WdyHgqoF5gr', 260);
insert into riderLogin (username, password, riderid) values ('fstanner78', 'l1iDKbF8P', 261);
insert into riderLogin (username, password, riderid) values ('tlaity79', 'TT0syn0', 262);
insert into riderLogin (username, password, riderid) values ('tmclucas7a', 'ul87pF', 263);
insert into riderLogin (username, password, riderid) values ('dmackison7b', 'bbnLgE', 264);
insert into riderLogin (username, password, riderid) values ('kuzzell7c', 'aj71Xa', 265);
insert into riderLogin (username, password, riderid) values ('djillis7d', 'jaP7c4IP', 266);
insert into riderLogin (username, password, riderid) values ('jgrigolon7e', 'yFarfnAxO', 267);
insert into riderLogin (username, password, riderid) values ('mdagworthy7f', '73nFwX', 268);
insert into riderLogin (username, password, riderid) values ('hchasteney7g', 'm0c2xq', 269);
insert into riderLogin (username, password, riderid) values ('tmeatcher7h', 'NWVDskuoPrq', 270);
insert into riderLogin (username, password, riderid) values ('tspellard7i', '2D7DDc50yC', 271);
insert into riderLogin (username, password, riderid) values ('bmeere7j', '0tZjorY2s', 272);
insert into riderLogin (username, password, riderid) values ('pcater7k', 'tzdFSKNHBj3N', 273);
insert into riderLogin (username, password, riderid) values ('sropars7l', 'SSyfbDH39Y9l', 274);
insert into riderLogin (username, password, riderid) values ('rfrangello7m', 'Xjzw4Mf', 275);
insert into riderLogin (username, password, riderid) values ('naugust7n', 'H7jWEi', 276);
insert into riderLogin (username, password, riderid) values ('ltooby7o', 'oWa93Zda', 277);
insert into riderLogin (username, password, riderid) values ('zbagster7p', 'xiJ71A', 278);
insert into riderLogin (username, password, riderid) values ('ssavoury7q', 'l8AjUJbvR2l', 279);
insert into riderLogin (username, password, riderid) values ('sslaight7r', 'q39QHsPcQDtr', 280);
insert into riderLogin (username, password, riderid) values ('psire7s', 'oGSw4eMNaDC', 281);
insert into riderLogin (username, password, riderid) values ('pohannen7t', 't3YCuF', 282);
insert into riderLogin (username, password, riderid) values ('eharberer7u', 'OCxuKr', 283);
insert into riderLogin (username, password, riderid) values ('eleese7v', 'qECt7ybfbm', 284);
insert into riderLogin (username, password, riderid) values ('dtirrell7w', 'tXd9g10qKXCu', 285);
insert into riderLogin (username, password, riderid) values ('gsegeswoeth7x', 'WC5ReDvcJ7', 286);
insert into riderLogin (username, password, riderid) values ('jmealham7y', 'HbyzXeJMd', 287);
insert into riderLogin (username, password, riderid) values ('gedkins7z', '29yVxWwc', 288);
insert into riderLogin (username, password, riderid) values ('mdarnody80', 'h7eCLDZ2a', 289);
insert into riderLogin (username, password, riderid) values ('fmeighan81', 'SO1hPc8', 290);
insert into riderLogin (username, password, riderid) values ('wcurman82', 'QOgBTVSO', 291);
insert into riderLogin (username, password, riderid) values ('hleigh83', 'Zr95myjk', 292);
insert into riderLogin (username, password, riderid) values ('sbrasner84', 'UL7ZrO46t', 293);
insert into riderLogin (username, password, riderid) values ('eveneur85', 'HqoFH8g', 294);
insert into riderLogin (username, password, riderid) values ('lgarrison86', 'JeExxxTa', 295);
insert into riderLogin (username, password, riderid) values ('adematteis87', 'ykcBCs', 296);
insert into riderLogin (username, password, riderid) values ('cfuente88', 'Md11C6', 297);
insert into riderLogin (username, password, riderid) values ('tlane89', 'OEVJsMO1i', 298);
insert into riderLogin (username, password, riderid) values ('ftraise8a', '1pjlfkU', 299);
insert into riderLogin (username, password, riderid) values ('ww', 'ww', 300);


insert into stafflogin (staffid, username, password, Restaurant_name) values (1, 'Cesare Ellerey', 'J31cAozSI', 'CGI Group, Inc.');
insert into stafflogin (staffid, username, password, Restaurant_name) values (2, 'Bevan Earles', 'C6kxL2e', 'Tuesday Morning Corp.');
insert into stafflogin (staffid, username, password, Restaurant_name) values (3, 'Xylia Wyke', 'YszsNOqM', 'Preformed Line Products Company');
insert into stafflogin (staffid, username, password, Restaurant_name) values (4, 'Lola Fradgley', '7OgSJCjL18K', 'Bed Bath & Beyond Inc.');
insert into stafflogin (staffid, username, password, Restaurant_name) values (5, 'Spense Steventon', 'ZLr0rOBU5', 'Novan, Inc.');
insert into stafflogin (staffid, username, password, Restaurant_name) values (6, 'Luce Adshed', 'wdDm4vYLz8', 'Lombard Medical, Inc.');
insert into stafflogin (staffid, username, password, Restaurant_name) values (7, 'Peyton Gosalvez', '1fbSfwK', 'Regulus Therapeutics Inc.');
insert into stafflogin (staffid, username, password, Restaurant_name) values (8, 'Ede Anmore', 'jD6Cj8SCVKL', 'PCM, Inc.');
insert into stafflogin (staffid, username, password, Restaurant_name) values (9, 'Barnaby Sarney', 'kQ5yWxvvoWv', 'NextEra Energy, Inc.');
insert into stafflogin (staffid, username, password, Restaurant_name) values (10, 'Donny Takle', '032R5nq', 'Lombard Medical, Inc.');
insert into stafflogin (staffid, username, password, Restaurant_name) values (11, 'Carolyn Villaret', '00gOOqOVcj', 'CGI Group, Inc.');
insert into stafflogin (staffid, username, password, Restaurant_name) values (12, 'Immanuel Vigneron', 'KVGnrZJa2', 'CGI Group, Inc.');
insert into stafflogin (staffid, username, password, Restaurant_name) values (13, 'Jazmin Beynkn', 'vDnHxpT', 'Willamette Valley Vineyards, Inc.');
insert into stafflogin (staffid, username, password, Restaurant_name) values (14, 'Dorisa Collyer', 'pUMzNsYK', 'Aradigm Corporation');
insert into stafflogin (staffid, username, password, Restaurant_name) values (15, 'Cozmo Leathem', '8RacvItkGh', 'Willamette Valley Vineyards, Inc.');
insert into stafflogin (staffid, username, password, Restaurant_name) values (16, 'Carlynn Chanter', 'YXnrjtiMfK2F', 'Laboratory Corporation of America Holdings');
insert into stafflogin (staffid, username, password, Restaurant_name) values (17, 'Sayer Ratke', 'mYeytld', 'Commerce Bancshares, Inc.');
insert into stafflogin (staffid, username, password, Restaurant_name) values (18, 'Onida Tisor', 'TN6xDgras', 'Commerce Bancshares, Inc.');
insert into stafflogin (staffid, username, password, Restaurant_name) values (19, 'Burke Dannett', '1yFtlzG', 'Comstock Resources, Inc.');
insert into stafflogin (staffid, username, password, Restaurant_name) values (20, 'Cheston Semrad', 'xg7pXslFO', 'Willamette Valley Vineyards, Inc.');
insert into stafflogin (staffid, username, password, Restaurant_name) values (21, 'Bent Wofenden', 'zpLbNCo', 'Novan, Inc.');
insert into stafflogin (staffid, username, password, Restaurant_name) values (22, 'Farlee Wurz', 'akwjfrs4qTu', 'MBIA, Inc.');
insert into stafflogin (staffid, username, password, Restaurant_name) values (23, 'Shelli Dennington', 'K0OInPDbIn', 'Royal Caribbean Cruises Ltd.');
insert into stafflogin (staffid, username, password, Restaurant_name) values (24, 'Mathew Dunbar', '1MFQ7cC', 'Preformed Line Products Company');
insert into stafflogin (staffid, username, password, Restaurant_name) values (25, 'Brenna Graalman', 'AP7M29Baj', 'Bed Bath & Beyond Inc.');
insert into stafflogin (staffid, username, password, Restaurant_name) values (26, 'Rosella Scudamore', 'qklzMOvSRA', 'Bank of America Corporation');
insert into stafflogin (staffid, username, password, Restaurant_name) values (27, 'Jeane Felderer', 'FK1Jqxtb', 'Comstock Resources, Inc.');
insert into stafflogin (staffid, username, password, Restaurant_name) values (28, 'Sarge O''Reilly', 'tr2SGzVeSo', 'VictoryShares US Small Cap Volatility Wtd ETF');
insert into stafflogin (staffid, username, password, Restaurant_name) values (29, 'Arv Featherstonehaugh', 'Gkr5HkMy', 'Tuesday Morning Corp.');
insert into stafflogin (staffid, username, password, Restaurant_name) values (30, 'Beckie Eytel', 'MTIzbyZIDxH', 'Novan, Inc.');
insert into stafflogin (staffid, username, password, Restaurant_name) values (31, 'Emile Pendre', 'zG5AXqc', 'Cumberland Pharmaceuticals Inc.');
insert into stafflogin (staffid, username, password, Restaurant_name) values (32, 'Almire Worstall', 'AjbSWafalelq', 'Burcon NutraScience Corp');
insert into stafflogin (staffid, username, password, Restaurant_name) values (33, 'Gabriello Chater', 'QQ6KugguluWI', 'California Water  Service Group Holding');
insert into stafflogin (staffid, username, password, Restaurant_name) values (34, 'Flynn Pinnijar', 'glnahW8tPLLl', 'Lombard Medical, Inc.');
insert into stafflogin (staffid, username, password, Restaurant_name) values (35, 'Mata Joscelin', 'vw6i7CY', 'CGI Group, Inc.');
insert into stafflogin (staffid, username, password, Restaurant_name) values (36, 'Allen Huey', 'eQf66uqC', 'WEC Energy Group, Inc.');
insert into stafflogin (staffid, username, password, Restaurant_name) values (37, 'Samantha Sawtell', 'YvZ61Mk0', 'Comstock Resources, Inc.');
insert into stafflogin (staffid, username, password, Restaurant_name) values (38, 'Ella Wyborn', 'dJ0qBS', 'WEC Energy Group, Inc.');
insert into stafflogin (staffid, username, password, Restaurant_name) values (39, 'Giselle Williams', 'AaQXxtzYLf', 'MBIA, Inc.');
insert into stafflogin (staffid, username, password, Restaurant_name) values (40, 'Britt Schumacher', 'YXSM84XGxo6', 'NextEra Energy, Inc.');
insert into stafflogin (staffid, username, password, Restaurant_name) values (41, 'Klara Arney', 'KWFYdV', 'Royal Caribbean Cruises Ltd.');
insert into stafflogin (staffid, username, password, Restaurant_name) values (42, 'Estel Chiechio', 'd8JRkB5', 'Bank of America Corporation');
insert into stafflogin (staffid, username, password, Restaurant_name) values (43, 'Boony Burles', 'Rzg3S3s8M', 'U.S. Global Investors, Inc.');
insert into stafflogin (staffid, username, password, Restaurant_name) values (44, 'Tonnie Furlow', 'MXTa1YkqJ9L', 'Tuesday Morning Corp.');
insert into stafflogin (staffid, username, password, Restaurant_name) values (45, 'Iorgo Siddall', 'cLEZQGPG', 'CGI Group, Inc.');
insert into stafflogin (staffid, username, password, Restaurant_name) values (46, 'Ole Wylder', 'P6hrodo1', 'Comfort Systems USA, Inc.');
insert into stafflogin (staffid, username, password, Restaurant_name) values (47, 'Sena Seaborne', 'IGOcHTh0', 'CGI Group, Inc.');
insert into stafflogin (staffid, username, password, Restaurant_name) values (48, 'Amelie Dwire', 'SUAy6dO', 'NextEra Energy, Inc.');
insert into stafflogin (staffid, username, password, Restaurant_name) values (49, 'Joshua Kirdsch', 'm1hdSDG', 'Lombard Medical, Inc.');
insert into stafflogin (staffid, username, password, Restaurant_name) values (50, 'Rycca Griggs', 'j3vowmKV', 'NextEra Energy, Inc.');
insert into stafflogin (staffid, username, password, Restaurant_name) values (51, 'Bibby Bonaire', 'JuwZ7MLjs', 'Regulus Therapeutics Inc.');
insert into stafflogin (staffid, username, password, Restaurant_name) values (52, 'Elle Hendin', 'UHxIsMEQ', 'VictoryShares US Small Cap Volatility Wtd ETF');
insert into stafflogin (staffid, username, password, Restaurant_name) values (53, 'Darrin Willerson', 'cGOaG4RKb', 'U.S. Global Investors, Inc.');
insert into stafflogin (staffid, username, password, Restaurant_name) values (54, 'Cam McFarland', 'U4FyR93Q5KY', 'Lombard Medical, Inc.');
insert into stafflogin (staffid, username, password, Restaurant_name) values (55, 'Rina Probbing', 'EPeLsHsj', 'Lombard Medical, Inc.');
insert into stafflogin (staffid, username, password, Restaurant_name) values (56, 'Honey Copestick', 'oppYCMDm6JU', 'California Water  Service Group Holding');
insert into stafflogin (staffid, username, password, Restaurant_name) values (57, 'Jonathan Gainsboro', 'K7EGfpPIsID', 'Comfort Systems USA, Inc.');
insert into stafflogin (staffid, username, password, Restaurant_name) values (58, 'Alyce Alldis', 'tvJsFbvb0', 'WEC Energy Group, Inc.');
insert into stafflogin (staffid, username, password, Restaurant_name) values (59, 'Peirce Tredwell', 'xwGMOj1LDx', 'WEC Energy Group, Inc.');
insert into stafflogin (staffid, username, password, Restaurant_name) values (60, 'Shelton Tosney', '2aenxtO', 'U.S. Global Investors, Inc.');
insert into stafflogin (staffid, username, password, Restaurant_name) values (61, 'Drake Durn', 'WmUv1Y0xTF', 'Preformed Line Products Company');
insert into stafflogin (staffid, username, password, Restaurant_name) values (62, 'Shalom Mattheus', 'UrMraxPMjOB', 'VictoryShares US Small Cap Volatility Wtd ETF');
insert into stafflogin (staffid, username, password, Restaurant_name) values (63, 'Lyndsey Dimelow', 'F8xGNBC2qGP', 'MBIA, Inc.');
insert into stafflogin (staffid, username, password, Restaurant_name) values (64, 'Ailene Ovey', 'jg9MPU21Y7', 'Laboratory Corporation of America Holdings');
insert into stafflogin (staffid, username, password, Restaurant_name) values (65, 'Dee dee Casterou', 'VNhhxzmXq', 'U.S. Global Investors, Inc.');
insert into stafflogin (staffid, username, password, Restaurant_name) values (66, 'Sallie Rea', 'MpvaLhhLV', 'U.S. Global Investors, Inc.');
insert into stafflogin (staffid, username, password, Restaurant_name) values (67, 'Kamilah Sumption', '6UAhrIy4DPbO', 'VictoryShares US Small Cap Volatility Wtd ETF');
insert into stafflogin (staffid, username, password, Restaurant_name) values (68, 'Nealon Terbrug', 'h2SLPIsCs', 'Regulus Therapeutics Inc.');
insert into stafflogin (staffid, username, password, Restaurant_name) values (69, 'Denys Mewe', '8pLoMw8Wm6e', 'Novan, Inc.');
insert into stafflogin (staffid, username, password, Restaurant_name) values (70, 'Beau Jedrasik', 'GKxJwJkMb', 'Lombard Medical, Inc.');
insert into stafflogin (staffid, username, password, Restaurant_name) values (71, 'Leelah Corona', 'uDleyr15', 'PCM, Inc.');
insert into stafflogin (staffid, username, password, Restaurant_name) values (72, 'Carline MacConchie', '2udchxaM', 'WEC Energy Group, Inc.');
insert into stafflogin (staffid, username, password, Restaurant_name) values (73, 'Vic Byars', 'b6Bdga8pO', 'Bed Bath & Beyond Inc.');
insert into stafflogin (staffid, username, password, Restaurant_name) values (74, 'Peg Koppens', 'xeC4BIwG7', 'Regulus Therapeutics Inc.');
insert into stafflogin (staffid, username, password, Restaurant_name) values (75, 'Ty Hoolaghan', 'k92a8z', 'VictoryShares US Small Cap Volatility Wtd ETF');
insert into stafflogin (staffid, username, password, Restaurant_name) values (76, 'Billi Pays', 'GT4CF6', 'Incyte Corporation');
insert into stafflogin (staffid, username, password, Restaurant_name) values (77, 'Gonzalo Roast', '4p2oToFm', 'Comstock Resources, Inc.');
insert into stafflogin (staffid, username, password, Restaurant_name) values (78, 'Haydon Packwood', '5EHusPJ8jid', 'NextEra Energy, Inc.');
insert into stafflogin (staffid, username, password, Restaurant_name) values (79, 'Dino Rymell', 'GnOA98wP', 'Novan, Inc.');
insert into stafflogin (staffid, username, password, Restaurant_name) values (80, 'Joanne Hattigan', '6oRxNMoE', 'MBIA, Inc.');
insert into stafflogin (staffid, username, password, Restaurant_name) values (81, 'Karel Ragbourn', 'stMWuS', 'NextEra Energy, Inc.');
insert into stafflogin (staffid, username, password, Restaurant_name) values (82, 'Felicia Brolechan', 'y0aGGPCLmO', 'Bed Bath & Beyond Inc.');
insert into stafflogin (staffid, username, password, Restaurant_name) values (83, 'Selinda Shakelady', 'qNrcjFS8', 'Commerce Bancshares, Inc.');
insert into stafflogin (staffid, username, password, Restaurant_name) values (84, 'Marc Kleinhandler', 'Jy3IRAHlqBcJ', 'California Water  Service Group Holding');
insert into stafflogin (staffid, username, password, Restaurant_name) values (85, 'Paulette Coulton', 'F5JdswzV', 'Lombard Medical, Inc.');
insert into stafflogin (staffid, username, password, Restaurant_name) values (86, 'Edith Rimmington', 'kOWBiYs50Fnc', 'Wells Fargo & Company');
insert into stafflogin (staffid, username, password, Restaurant_name) values (87, 'Rebecca Atrill', 'FGNvnHVwc9Q8', 'WEC Energy Group, Inc.');
insert into stafflogin (staffid, username, password, Restaurant_name) values (88, 'Lyon Echalie', 'A5R6sL05', 'U.S. Global Investors, Inc.');
insert into stafflogin (staffid, username, password, Restaurant_name) values (89, 'Rudolph Batrick', 'vr2tMomfk', 'Commerce Bancshares, Inc.');
insert into stafflogin (staffid, username, password, Restaurant_name) values (90, 'Hasty Bezzant', '53OFfJ71', 'PCM, Inc.');
insert into stafflogin (staffid, username, password, Restaurant_name) values (91, 'Janeva Sheed', 'xWyfBuDJ97Q', 'MBIA, Inc.');
insert into stafflogin (staffid, username, password, Restaurant_name) values (92, 'Homer Rupprecht', 'KK1fkDx4', 'Comfort Systems USA, Inc.');
insert into stafflogin (staffid, username, password, Restaurant_name) values (93, 'Olivier Kiff', 'KEi8NGt', 'Regulus Therapeutics Inc.');
insert into stafflogin (staffid, username, password, Restaurant_name) values (94, 'Glenna Cawley', 'WNOPXUh', 'U.S. Global Investors, Inc.');
insert into stafflogin (staffid, username, password, Restaurant_name) values (95, 'Karlyn World', 'SLGTn0E888', 'Adient plc');
insert into stafflogin (staffid, username, password, Restaurant_name) values (96, 'Lenore Dundredge', '7p25AFWCH4WV', 'Royal Caribbean Cruises Ltd.');
insert into stafflogin (staffid, username, password, Restaurant_name) values (97, 'Conant Jon', '9NJk52t2w', 'Wells Fargo & Company');
insert into stafflogin (staffid, username, password, Restaurant_name) values (98, 'Darcee Beaglehole', 'QBLGeKCEAk', 'Comfort Systems USA, Inc.');
insert into stafflogin (staffid, username, password, Restaurant_name) values (99, 'Jonathan Tonsley', 'vXeJoZ', 'Bed Bath & Beyond Inc.');
insert into stafflogin (staffid, username, password, Restaurant_name) values (100, 'Shannen Stedman', 'asg43yTDn1XJ', 'Regulus Therapeutics Inc.');
insert into stafflogin (staffid, username, password, Restaurant_name) values (101, 'Ambur Moro', 'rEZt7eZ', 'Cumberland Pharmaceuticals Inc.');
insert into stafflogin (staffid, username, password, Restaurant_name) values (102, 'Myrilla Dakhov', 'NSLcGLB', 'PCM, Inc.');
insert into stafflogin (staffid, username, password, Restaurant_name) values (103, 'Dukie Clayworth', 'teTYPjHpIwl', 'NextEra Energy, Inc.');
insert into stafflogin (staffid, username, password, Restaurant_name) values (104, 'Waylen Spoors', 'OH89FOB7g7W', 'MBIA, Inc.');
insert into stafflogin (staffid, username, password, Restaurant_name) values (105, 'Anna-diane Goodoune', 'MBpoDF3v', 'Willamette Valley Vineyards, Inc.');
insert into stafflogin (staffid, username, password, Restaurant_name) values (106, 'Quinn Lawrinson', 'fMw0xVb5lQ', 'VictoryShares US Small Cap Volatility Wtd ETF');
insert into stafflogin (staffid, username, password, Restaurant_name) values (107, 'Melli Riglar', 'x3z1tuc', 'PCM, Inc.');
insert into stafflogin (staffid, username, password, Restaurant_name) values (108, 'Menard Springall', 'lLq6tNTE', 'WEC Energy Group, Inc.');
insert into stafflogin (staffid, username, password, Restaurant_name) values (109, 'Ashil De Cleen', 'H1r4WRcgZ9', 'CGI Group, Inc.');
insert into stafflogin (staffid, username, password, Restaurant_name) values (110, 'Sylvan Seers', 'fmQBAy9U', 'Tuniu Corporation');
insert into stafflogin (staffid, username, password, Restaurant_name) values (111, 'Idelle Cleminshaw', 'ekeGZmaKkFeR', 'NextEra Energy, Inc.');
insert into stafflogin (staffid, username, password, Restaurant_name) values (112, 'Lianna Sabatier', 'PF7ekJLy5GuI', 'Willamette Valley Vineyards, Inc.');
insert into stafflogin (staffid, username, password, Restaurant_name) values (113, 'Olivie Fyers', 'Rnck7OWyVQb', 'California Water  Service Group Holding');
insert into stafflogin (staffid, username, password, Restaurant_name) values (114, 'Sibbie Carden', 'rvI5X54pj', 'Willamette Valley Vineyards, Inc.');
insert into stafflogin (staffid, username, password, Restaurant_name) values (115, 'Ulrikaumeko Lempertz', 'Sf5p3NO5', 'MBIA, Inc.');
insert into stafflogin (staffid, username, password, Restaurant_name) values (116, 'Rhianna Roscher', '7jhbqQ', 'MBIA, Inc.');
insert into stafflogin (staffid, username, password, Restaurant_name) values (117, 'Far Abramovici', 'UC6D6ZZFw', 'Bank of America Corporation');
insert into stafflogin (staffid, username, password, Restaurant_name) values (118, 'Hedwig Bathersby', '5Hu0He34', 'U.S. Global Investors, Inc.');
insert into stafflogin (staffid, username, password, Restaurant_name) values (119, 'Claus Bayns', '8vDzgMz', 'NextEra Energy, Inc.');
insert into stafflogin (staffid, username, password, Restaurant_name) values (120, 'Noel Haylor', 'dZTQPY2', 'PCM, Inc.');
insert into stafflogin (staffid, username, password, Restaurant_name) values (121, 'Sashenka Sidnall', 'lMvdLTN2HhOf', 'Bed Bath & Beyond Inc.');
insert into stafflogin (staffid, username, password, Restaurant_name) values (122, 'Mose Hallewell', 'VsemeUeA4gVa', 'Preformed Line Products Company');
insert into stafflogin (staffid, username, password, Restaurant_name) values (123, 'Ulysses Lyttle', 'UaqLK0OZoat', 'PCM, Inc.');
insert into stafflogin (staffid, username, password, Restaurant_name) values (124, 'Freeman Leahy', 'tAmC2uxB1', 'Laboratory Corporation of America Holdings');
insert into stafflogin (staffid, username, password, Restaurant_name) values (125, 'Adrianne Kidds', 'wTK5PDp42VAN', 'Burcon NutraScience Corp');
insert into stafflogin (staffid, username, password, Restaurant_name) values (126, 'Andeee Poundford', 'HBe51azXQYTA', 'Comstock Resources, Inc.');
insert into stafflogin (staffid, username, password, Restaurant_name) values (127, 'Tessi Baybutt', 'hTdoAo', 'CGI Group, Inc.');
insert into stafflogin (staffid, username, password, Restaurant_name) values (128, 'Nola Steffan', 'L54J5KYdk', 'Comstock Resources, Inc.');
insert into stafflogin (staffid, username, password, Restaurant_name) values (129, 'Emerson Garcia', 'nqG0B1TDPYC', 'Preformed Line Products Company');
insert into stafflogin (staffid, username, password, Restaurant_name) values (130, 'Judy Pigne', 'm9J2Db', 'Burcon NutraScience Corp');
insert into stafflogin (staffid, username, password, Restaurant_name) values (131, 'Katheryn Wollard', 'yl0lJs2', 'Regulus Therapeutics Inc.');
insert into stafflogin (staffid, username, password, Restaurant_name) values (132, 'Frances Dachey', 'KmOeqrVNMVv8', 'VictoryShares US Small Cap Volatility Wtd ETF');
insert into stafflogin (staffid, username, password, Restaurant_name) values (133, 'Florencia Summerhayes', 'zYmeBI5', 'NextEra Energy, Inc.');
insert into stafflogin (staffid, username, password, Restaurant_name) values (134, 'Alma Ariss', 'A3okN7es8Z', 'MBIA, Inc.');
insert into stafflogin (staffid, username, password, Restaurant_name) values (135, 'Georgy Linscott', 'BpVlvJFL', 'Callon Petroleum Company');
insert into stafflogin (staffid, username, password, Restaurant_name) values (136, 'Quentin Allbrook', 'C9P7G1nX', 'Regulus Therapeutics Inc.');
insert into stafflogin (staffid, username, password, Restaurant_name) values (137, 'Wallis O''Henehan', 'RG8pI8o', 'Adient plc');
insert into stafflogin (staffid, username, password, Restaurant_name) values (138, 'Loree Taillard', 'RZz781hF', 'Burcon NutraScience Corp');
insert into stafflogin (staffid, username, password, Restaurant_name) values (139, 'Elga Kaveney', 'VEojxt', 'Callon Petroleum Company');
insert into stafflogin (staffid, username, password, Restaurant_name) values (140, 'Morgan Looby', 'AvBehBl', 'Laboratory Corporation of America Holdings');
insert into stafflogin (staffid, username, password, Restaurant_name) values (141, 'Veronike Ireson', 'wQ0HozJz', 'Cumberland Pharmaceuticals Inc.');
insert into stafflogin (staffid, username, password, Restaurant_name) values (142, 'Lelah Zanutti', 'I1ys8l', 'Laboratory Corporation of America Holdings');
insert into stafflogin (staffid, username, password, Restaurant_name) values (143, 'Kaycee Pleasaunce', 'lde4AIREf', 'Aradigm Corporation');
insert into stafflogin (staffid, username, password, Restaurant_name) values (144, 'Carolyne Fairall', '7q0Q9WEuZSzI', 'Laboratory Corporation of America Holdings');
insert into stafflogin (staffid, username, password, Restaurant_name) values (145, 'Anastasie Rizzardi', 'KBQ2BYkaDM3', 'VictoryShares US Small Cap Volatility Wtd ETF');
insert into stafflogin (staffid, username, password, Restaurant_name) values (146, 'Sherwynd Polfer', 'MlX7ge', 'Adient plc');
insert into stafflogin (staffid, username, password, Restaurant_name) values (147, 'Dimitri Aglione', '3PYh5S', 'VictoryShares US Small Cap Volatility Wtd ETF');
insert into stafflogin (staffid, username, password, Restaurant_name) values (148, 'Katina Metson', 'rxeLJ6', 'Commerce Bancshares, Inc.');
insert into stafflogin (staffid, username, password, Restaurant_name) values (149, 'Rora Woolston', 'gUVPI20', 'VictoryShares US Small Cap Volatility Wtd ETF');
insert into stafflogin (staffid, username, password, Restaurant_name) values (150, 'Dewie Farn', 'civHDTrWiSA5', 'WEC Energy Group, Inc.');
insert into stafflogin (staffid, username, password, Restaurant_name) values (151, 'Nicolette Prewett', 'o0MCbGPYJCv', 'U.S. Global Investors, Inc.');
insert into stafflogin (staffid, username, password, Restaurant_name) values (152, 'Cass Handrik', 'dTqJ3rgSifF', 'Burcon NutraScience Corp');
insert into stafflogin (staffid, username, password, Restaurant_name) values (153, 'Tillie McNalley', 'w4Sn7kbgWV5o', 'Burcon NutraScience Corp');
insert into stafflogin (staffid, username, password, Restaurant_name) values (154, 'Natividad Northern', 'hVESLLfNH', 'Scudder Strategic Municiple Income Trust');
insert into stafflogin (staffid, username, password, Restaurant_name) values (155, 'Tad Cameli', 'YXgR4Bzen', 'Novan, Inc.');
insert into stafflogin (staffid, username, password, Restaurant_name) values (156, 'Bryn O''Kenny', '3rybRL', 'Cumberland Pharmaceuticals Inc.');
insert into stafflogin (staffid, username, password, Restaurant_name) values (157, 'Rosmunda Emburey', '96ZgZEBs', 'VictoryShares US Small Cap Volatility Wtd ETF');
insert into stafflogin (staffid, username, password, Restaurant_name) values (158, 'Corie Montes', 'hFkg9af8j', 'Adient plc');
insert into stafflogin (staffid, username, password, Restaurant_name) values (159, 'Franny Bartlomiejczyk', 'psoOdzoJ', 'Tuniu Corporation');
insert into stafflogin (staffid, username, password, Restaurant_name) values (160, 'Payton Willeman', 'Rr38nYaLD0s', 'Commerce Bancshares, Inc.');
insert into stafflogin (staffid, username, password, Restaurant_name) values (161, 'Alvina Cisson', '3EmbKhG6E8f', 'VictoryShares US Small Cap Volatility Wtd ETF');
insert into stafflogin (staffid, username, password, Restaurant_name) values (162, 'Kimmi Priter', 'xWJTjaJ2k', 'WEC Energy Group, Inc.');
insert into stafflogin (staffid, username, password, Restaurant_name) values (163, 'Hortensia Ivashev', 'BIBX5whuLm', 'CGI Group, Inc.');
insert into stafflogin (staffid, username, password, Restaurant_name) values (164, 'Merry Adame', '1c2y9Mq8Gr7', 'Regulus Therapeutics Inc.');
insert into stafflogin (staffid, username, password, Restaurant_name) values (165, 'Rorie Chamberlayne', '5dcbYBm7gN', 'MBIA, Inc.');
insert into stafflogin (staffid, username, password, Restaurant_name) values (166, 'Iorgos Stainfield', 'nP6F82TNn7b4', 'NextEra Energy, Inc.');
insert into stafflogin (staffid, username, password, Restaurant_name) values (167, 'Druci Tocqueville', 'GlSdJiRbD', 'WEC Energy Group, Inc.');
insert into stafflogin (staffid, username, password, Restaurant_name) values (168, 'Ulises Baynom', 'xWrT6aeIFO', 'Novan, Inc.');
insert into stafflogin (staffid, username, password, Restaurant_name) values (169, 'Vassily Ede', '9c4HZIbrO', 'Incyte Corporation');
insert into stafflogin (staffid, username, password, Restaurant_name) values (170, 'Jedidiah Drable', 'UCurWIJtxN', 'U.S. Global Investors, Inc.');
insert into stafflogin (staffid, username, password, Restaurant_name) values (171, 'Lila Jackes', '9HmH1v', 'WEC Energy Group, Inc.');
insert into stafflogin (staffid, username, password, Restaurant_name) values (172, 'Netti Bassingham', 'p7mjZH', 'NextEra Energy, Inc.');
insert into stafflogin (staffid, username, password, Restaurant_name) values (173, 'Maddy Petrowsky', '6VMv2OK9pMw', 'Bank of America Corporation');
insert into stafflogin (staffid, username, password, Restaurant_name) values (174, 'Amitie Moyne', '1htqpn', 'Regulus Therapeutics Inc.');
insert into stafflogin (staffid, username, password, Restaurant_name) values (175, 'Marney Glenwright', 'Zb8QBd9WIZe', 'Bed Bath & Beyond Inc.');
insert into stafflogin (staffid, username, password, Restaurant_name) values (176, 'Benjamin Sybbe', 'PvYxvtNcy', 'Incyte Corporation');
insert into stafflogin (staffid, username, password, Restaurant_name) values (177, 'Tabbatha Colloby', 'VlrNsSpc', 'Bank of America Corporation');
insert into stafflogin (staffid, username, password, Restaurant_name) values (178, 'Perren Getsham', 'tXIORxtTooCw', 'Bed Bath & Beyond Inc.');
insert into stafflogin (staffid, username, password, Restaurant_name) values (179, 'Daniella Brockett', 'LukD4Zd8kWT', 'Wells Fargo & Company');
insert into stafflogin (staffid, username, password, Restaurant_name) values (180, 'Bobette Ostrich', 'yrwRdr5', 'Bed Bath & Beyond Inc.');
insert into stafflogin (staffid, username, password, Restaurant_name) values (181, 'Napoleon Menier', 'k3y2FBM6ztK', 'Comfort Systems USA, Inc.');
insert into stafflogin (staffid, username, password, Restaurant_name) values (182, 'Deedee Frackiewicz', '2SljNNBu1E4T', 'VictoryShares US Small Cap Volatility Wtd ETF');
insert into stafflogin (staffid, username, password, Restaurant_name) values (183, 'Giordano Kitteman', 'kJYzSWDP', 'Novan, Inc.');
insert into stafflogin (staffid, username, password, Restaurant_name) values (184, 'Daphne Alans', 'hlPGESh4Doz', 'Bed Bath & Beyond Inc.');
insert into stafflogin (staffid, username, password, Restaurant_name) values (185, 'Ab Valder', 'fkzMbu9Xqx7', 'VictoryShares US Small Cap Volatility Wtd ETF');
insert into stafflogin (staffid, username, password, Restaurant_name) values (186, 'Yardley Samsin', '0o2MVrN', 'Laboratory Corporation of America Holdings');
insert into stafflogin (staffid, username, password, Restaurant_name) values (187, 'Amii Padwick', 'mdgN2V', 'Commerce Bancshares, Inc.');
insert into stafflogin (staffid, username, password, Restaurant_name) values (188, 'Ignacius Newport', 'clYEnHD', 'Comfort Systems USA, Inc.');
insert into stafflogin (staffid, username, password, Restaurant_name) values (189, 'Jacobo McLewd', 'LRnRoxh', 'Regulus Therapeutics Inc.');
insert into stafflogin (staffid, username, password, Restaurant_name) values (190, 'Caroline Thornewill', 'HTpLpvExWxH', 'Burcon NutraScience Corp');
insert into stafflogin (staffid, username, password, Restaurant_name) values (191, 'Forrest Roggers', 'HILDGQJuk', 'Adient plc');
insert into stafflogin (staffid, username, password, Restaurant_name) values (192, 'Lauree Estable', 'qGKIrVrtQMfK', 'Wells Fargo & Company');
insert into stafflogin (staffid, username, password, Restaurant_name) values (193, 'Jerri Hallick', 'uq2qweQUdzMQ', 'Bank of America Corporation');
insert into stafflogin (staffid, username, password, Restaurant_name) values (194, 'Ogdan MacFaell', 'JJ01aMVy', 'NextEra Energy, Inc.');
insert into stafflogin (staffid, username, password, Restaurant_name) values (195, 'Guy Ablewhite', 'dAh663EN5', 'Preformed Line Products Company');
insert into stafflogin (staffid, username, password, Restaurant_name) values (196, 'Chelsey Hessle', 'hehF8ZD9', 'Comfort Systems USA, Inc.');
insert into stafflogin (staffid, username, password, Restaurant_name) values (197, 'Tilda Dalliston', 'L7VFSYyvn', 'Tuniu Corporation');
insert into stafflogin (staffid, username, password, Restaurant_name) values (198, 'Mitchael Primmer', 'zHFZDFRcZac', 'Comfort Systems USA, Inc.');
insert into stafflogin (staffid, username, password, Restaurant_name) values (199, 'Sanderson Kleisel', 'CE0fp3', 'Willamette Valley Vineyards, Inc.');
insert into stafflogin (staffid, username, password, Restaurant_name) values (200, 'Mommy Martt', 'JRhJyScsNao', 'U.S. Global Investors, Inc.');
insert into stafflogin (staffid, username, password, Restaurant_name) values (201, 'Zonda Franks', 'HjXrEI', 'Incyte Corporation');
insert into stafflogin (staffid, username, password, Restaurant_name) values (202, 'Marc Killeen', 'udgpcG', 'CGI Group, Inc.');
insert into stafflogin (staffid, username, password, Restaurant_name) values (203, 'Coletta Pyffe', 'jmxi2N5', 'Comstock Resources, Inc.');
insert into stafflogin (staffid, username, password, Restaurant_name) values (204, 'Rudy Albasiny', 'bqwxJNCPsr', 'Comstock Resources, Inc.');
insert into stafflogin (staffid, username, password, Restaurant_name) values (205, 'Therese Gronw', '8tFqOawz', 'Callon Petroleum Company');
insert into stafflogin (staffid, username, password, Restaurant_name) values (206, 'Ikey Chill', 'K0i48E1wC2', 'U.S. Global Investors, Inc.');
insert into stafflogin (staffid, username, password, Restaurant_name) values (207, 'Gwendolen Gozard', '22gnblQj', 'California Water  Service Group Holding');
insert into stafflogin (staffid, username, password, Restaurant_name) values (208, 'Myron Toderini', 'L53kctfa9', 'Comstock Resources, Inc.');
insert into stafflogin (staffid, username, password, Restaurant_name) values (209, 'Kip Jahan', 'Jo9TfmSR7r2', 'Cumberland Pharmaceuticals Inc.');
insert into stafflogin (staffid, username, password, Restaurant_name) values (210, 'Darcy Kunkler', 'O4Va4c', 'Burcon NutraScience Corp');
insert into stafflogin (staffid, username, password, Restaurant_name) values (211, 'Leela Brimm', '1drjIx', 'Cumberland Pharmaceuticals Inc.');
insert into stafflogin (staffid, username, password, Restaurant_name) values (212, 'Celestina Drysdell', 'AuLj87LLyZoM', 'MBIA, Inc.');
insert into stafflogin (staffid, username, password, Restaurant_name) values (213, 'Hillard Wadeling', 'sWQY4VglGG', 'California Water  Service Group Holding');
insert into stafflogin (staffid, username, password, Restaurant_name) values (214, 'Richmound Humpherson', 'gHmepY', 'Wells Fargo & Company');
insert into stafflogin (staffid, username, password, Restaurant_name) values (215, 'Durante Spoor', 'K6vtpVtyh', 'Royal Caribbean Cruises Ltd.');
insert into stafflogin (staffid, username, password, Restaurant_name) values (216, 'Lloyd Husk', 'xKf9IkI79C', 'California Water  Service Group Holding');
insert into stafflogin (staffid, username, password, Restaurant_name) values (217, 'Danielle Trotter', 'ATSStgvbvkY', 'Bed Bath & Beyond Inc.');
insert into stafflogin (staffid, username, password, Restaurant_name) values (218, 'Desiree Dow', 'QplsuSFz', 'Scudder Strategic Municiple Income Trust');
insert into stafflogin (staffid, username, password, Restaurant_name) values (219, 'Phillida Clapston', 'cOtb45UH', 'MBIA, Inc.');
insert into stafflogin (staffid, username, password, Restaurant_name) values (220, 'Farah Donalson', 'uLJVCcj', 'Laboratory Corporation of America Holdings');
insert into stafflogin (staffid, username, password, Restaurant_name) values (221, 'Phillipp Safe', 'PDRXkCJ9', 'Incyte Corporation');
insert into stafflogin (staffid, username, password, Restaurant_name) values (222, 'Sigismondo Tinman', 'KtPXahTPh6B', 'WEC Energy Group, Inc.');
insert into stafflogin (staffid, username, password, Restaurant_name) values (223, 'Valma Mattersey', 'Bv9iVV3G6b', 'Bank of America Corporation');
insert into stafflogin (staffid, username, password, Restaurant_name) values (224, 'Gratia Waison', 'iLS9rg', 'Tuesday Morning Corp.');
insert into stafflogin (staffid, username, password, Restaurant_name) values (225, 'Francyne Blanking', 'OSjZAj', 'U.S. Global Investors, Inc.');
insert into stafflogin (staffid, username, password, Restaurant_name) values (226, 'Ezmeralda Anning', 'jMjrWiKyz1E', 'Commerce Bancshares, Inc.');
insert into stafflogin (staffid, username, password, Restaurant_name) values (227, 'Melissa Mariet', 'ovx9Ty', 'Cumberland Pharmaceuticals Inc.');
insert into stafflogin (staffid, username, password, Restaurant_name) values (228, 'Alessandra Wawer', 'kiIMk0gjg2T', 'Callon Petroleum Company');
insert into stafflogin (staffid, username, password, Restaurant_name) values (229, 'Kayla Edgcumbe', 'tJGR8c3Q9', 'NextEra Energy, Inc.');
insert into stafflogin (staffid, username, password, Restaurant_name) values (230, 'Bryn Hutt', '2YguIvn', 'Incyte Corporation');
insert into stafflogin (staffid, username, password, Restaurant_name) values (231, 'Annaliese Govett', 'sLVsyLmt', 'Tuesday Morning Corp.');
insert into stafflogin (staffid, username, password, Restaurant_name) values (232, 'Rhetta Petrecz', 'OrJZ4aRF9', 'VictoryShares US Small Cap Volatility Wtd ETF');
insert into stafflogin (staffid, username, password, Restaurant_name) values (233, 'Samaria Vickerstaff', 'd3wMImnaz', 'U.S. Global Investors, Inc.');
insert into stafflogin (staffid, username, password, Restaurant_name) values (234, 'Ellene Tomowicz', 'lPVGUqsds', 'Bank of America Corporation');
insert into stafflogin (staffid, username, password, Restaurant_name) values (235, 'Noll Hauxwell', '41AG80', 'Tuesday Morning Corp.');
insert into stafflogin (staffid, username, password, Restaurant_name) values (236, 'Sophronia Chidlow', 'dr96bhVRIo3X', 'Aradigm Corporation');
insert into stafflogin (staffid, username, password, Restaurant_name) values (237, 'Larisa Dudderidge', 'zZjAES', 'Comfort Systems USA, Inc.');
insert into stafflogin (staffid, username, password, Restaurant_name) values (238, 'Julianne Boullen', 'rEiVHi', 'NextEra Energy, Inc.');
insert into stafflogin (staffid, username, password, Restaurant_name) values (239, 'Wynn Olding', 'iBfGkRicESRP', 'Novan, Inc.');
insert into stafflogin (staffid, username, password, Restaurant_name) values (240, 'Hobard Wilmore', 'duPbuT', 'Regulus Therapeutics Inc.');
insert into stafflogin (staffid, username, password, Restaurant_name) values (241, 'Edouard O''Shea', 's5ZO1viZQJP', 'NextEra Energy, Inc.');
insert into stafflogin (staffid, username, password, Restaurant_name) values (242, 'Niki Colls', 'u8imTccK7Blv', 'U.S. Global Investors, Inc.');
insert into stafflogin (staffid, username, password, Restaurant_name) values (243, 'Hirsch Rennicks', '1P7uYCcNjWUv', 'Cumberland Pharmaceuticals Inc.');
insert into stafflogin (staffid, username, password, Restaurant_name) values (244, 'Elroy Cathenod', 'BnMJIhUmc9', 'Commerce Bancshares, Inc.');
insert into stafflogin (staffid, username, password, Restaurant_name) values (245, 'Wes Provost', 'KfwupOFcwXj', 'Bed Bath & Beyond Inc.');
insert into stafflogin (staffid, username, password, Restaurant_name) values (246, 'Lolita Behnecken', 'hYchLZ', 'Preformed Line Products Company');
insert into stafflogin (staffid, username, password, Restaurant_name) values (247, 'Enid McCrohon', 'haaF90FLB', 'WEC Energy Group, Inc.');
insert into stafflogin (staffid, username, password, Restaurant_name) values (248, 'Byrann Duchenne', 'PeCpYy2', 'Cumberland Pharmaceuticals Inc.');
insert into stafflogin (staffid, username, password, Restaurant_name) values (249, 'Vittoria Bundey', 'HPxGms5cx', 'Bank of America Corporation');
insert into stafflogin (staffid, username, password, Restaurant_name) values (250, 'Drusi Fearnill', 'dCjxIH2z5', 'Wells Fargo & Company');
insert into stafflogin (staffid, username, password, Restaurant_name) values (251, 'Scotty Foote', 'xaEF8D', 'Preformed Line Products Company');
insert into stafflogin (staffid, username, password, Restaurant_name) values (252, 'Torrin Ruoss', 'OjYdGW', 'Callon Petroleum Company');
insert into stafflogin (staffid, username, password, Restaurant_name) values (253, 'Jo-anne Ewing', '4lY5xvG', 'Royal Caribbean Cruises Ltd.');
insert into stafflogin (staffid, username, password, Restaurant_name) values (254, 'Karie Braunthal', 'taLCQqOkjy', 'NextEra Energy, Inc.');
insert into stafflogin (staffid, username, password, Restaurant_name) values (255, 'Brian Konzel', 'egLpzB6L5dk', 'Bed Bath & Beyond Inc.');
insert into stafflogin (staffid, username, password, Restaurant_name) values (256, 'Chrissy Faithfull', 'T6UVWU8G4Vaz', 'Laboratory Corporation of America Holdings');
insert into stafflogin (staffid, username, password, Restaurant_name) values (257, 'Perkin Cullin', '8PwnVdK', 'WEC Energy Group, Inc.');
insert into stafflogin (staffid, username, password, Restaurant_name) values (258, 'Leanora Bleeze', 'Jf4b6PoT', 'Commerce Bancshares, Inc.');
insert into stafflogin (staffid, username, password, Restaurant_name) values (259, 'Antonie Ferencz', 'Hcbyk7Bz', 'U.S. Global Investors, Inc.');
insert into stafflogin (staffid, username, password, Restaurant_name) values (260, 'Lorene Tebbitt', 'gvXyU0N', 'NextEra Energy, Inc.');
insert into stafflogin (staffid, username, password, Restaurant_name) values (261, 'Sada Jandak', 'i13gr198vEm', 'Burcon NutraScience Corp');
insert into stafflogin (staffid, username, password, Restaurant_name) values (262, 'Robinet Leonard', 'aQRc3NQqg', 'Commerce Bancshares, Inc.');
insert into stafflogin (staffid, username, password, Restaurant_name) values (263, 'Panchito Izhaky', 'LyZVTQaBOlX', 'Preformed Line Products Company');
insert into stafflogin (staffid, username, password, Restaurant_name) values (264, 'Karel Wickett', 'hcCkxRSPeP', 'Burcon NutraScience Corp');
insert into stafflogin (staffid, username, password, Restaurant_name) values (265, 'Latashia Caroll', 'DijJr15', 'Willamette Valley Vineyards, Inc.');
insert into stafflogin (staffid, username, password, Restaurant_name) values (266, 'Maia Davidi', '2kOBToZo', 'Callon Petroleum Company');
insert into stafflogin (staffid, username, password, Restaurant_name) values (267, 'Judith Reisenberg', 'H6YWejU', 'Regulus Therapeutics Inc.');
insert into stafflogin (staffid, username, password, Restaurant_name) values (268, 'Annabal Cogger', 't0uda4va1s6P', 'Bed Bath & Beyond Inc.');
insert into stafflogin (staffid, username, password, Restaurant_name) values (269, 'Wang Clemencon', 'blA05ds', 'Cumberland Pharmaceuticals Inc.');
insert into stafflogin (staffid, username, password, Restaurant_name) values (270, 'Jyoti Phittiplace', 'UnRZKgZict', 'Wells Fargo & Company');
insert into stafflogin (staffid, username, password, Restaurant_name) values (271, 'Hewitt Zelake', 'tBvotg', 'Incyte Corporation');
insert into stafflogin (staffid, username, password, Restaurant_name) values (272, 'Enrichetta MacAlinden', 'nz9wy71fO', 'VictoryShares US Small Cap Volatility Wtd ETF');
insert into stafflogin (staffid, username, password, Restaurant_name) values (273, 'Diandra Randles', 'CAMQgSj1qLr', 'Commerce Bancshares, Inc.');
insert into stafflogin (staffid, username, password, Restaurant_name) values (274, 'Donica Ivanenkov', '13DKHSdHxcQd', 'California Water  Service Group Holding');
insert into stafflogin (staffid, username, password, Restaurant_name) values (275, 'Darla Del Checolo', 'O2b0ZFl6bLA', 'Incyte Corporation');
insert into stafflogin (staffid, username, password, Restaurant_name) values (276, 'Fonz Hurdis', 'mcbIeI3Sst', 'U.S. Global Investors, Inc.');
insert into stafflogin (staffid, username, password, Restaurant_name) values (277, 'Lucio Davidovsky', 'NLUA12FNEF3', 'MBIA, Inc.');
insert into stafflogin (staffid, username, password, Restaurant_name) values (278, 'Ilario Trye', 'DooLCdQQ4', 'Bed Bath & Beyond Inc.');
insert into stafflogin (staffid, username, password, Restaurant_name) values (279, 'Cordy Trahear', 'v9vqEcRKb', 'Comstock Resources, Inc.');
insert into stafflogin (staffid, username, password, Restaurant_name) values (280, 'Fey Bonevant', 'BETrx6JqVp5n', 'CGI Group, Inc.');
insert into stafflogin (staffid, username, password, Restaurant_name) values (281, 'Darcee Lente', 'oBiOtUDMNpg', 'Aradigm Corporation');
insert into stafflogin (staffid, username, password, Restaurant_name) values (282, 'Roze MacRanald', '3n8HVf', 'Bank of America Corporation');
insert into stafflogin (staffid, username, password, Restaurant_name) values (283, 'Laure Martygin', 'K5wHII', 'California Water  Service Group Holding');
insert into stafflogin (staffid, username, password, Restaurant_name) values (284, 'Terencio Barnhill', 'G0eisbJpzD', 'California Water  Service Group Holding');
insert into stafflogin (staffid, username, password, Restaurant_name) values (285, 'Tiphani Stearne', 's5L64OG6Dema', 'VictoryShares US Small Cap Volatility Wtd ETF');
insert into stafflogin (staffid, username, password, Restaurant_name) values (286, 'Elias Lampke', 'uPSs3Cd', 'Bed Bath & Beyond Inc.');
insert into stafflogin (staffid, username, password, Restaurant_name) values (287, 'Ruprecht Giorgiutti', 'flmr7AZqopR', 'MBIA, Inc.');
insert into stafflogin (staffid, username, password, Restaurant_name) values (288, 'Billye Gierok', 'DrAEOL8A', 'Comstock Resources, Inc.');
insert into stafflogin (staffid, username, password, Restaurant_name) values (289, 'Alessandra Tottle', '1cjhOQ1', 'Tuesday Morning Corp.');
insert into stafflogin (staffid, username, password, Restaurant_name) values (290, 'Ynes Jerke', 'w484nGZsf', 'Aradigm Corporation');
insert into stafflogin (staffid, username, password, Restaurant_name) values (291, 'Johny Borrill', 'xIqiEeQ', 'Commerce Bancshares, Inc.');
insert into stafflogin (staffid, username, password, Restaurant_name) values (292, 'Evey Knibbs', 'IELAWA', 'VictoryShares US Small Cap Volatility Wtd ETF');
insert into stafflogin (staffid, username, password, Restaurant_name) values (293, 'Essa Peltz', 'vRRZUNHHR', 'Lombard Medical, Inc.');
insert into stafflogin (staffid, username, password, Restaurant_name) values (294, 'Dinah Clutten', '29ytlF', 'Aradigm Corporation');
insert into stafflogin (staffid, username, password, Restaurant_name) values (295, 'Shoshana Scolli', 'hfKoA7L6CFLt', 'Preformed Line Products Company');
insert into stafflogin (staffid, username, password, Restaurant_name) values (296, 'Darla Balas', 'zoqzpb8je', 'Lombard Medical, Inc.');
insert into stafflogin (staffid, username, password, Restaurant_name) values (297, 'Lucais Fosberry', 't345Ohs', 'NextEra Energy, Inc.');
insert into stafflogin (staffid, username, password, Restaurant_name) values (298, 'Farand Stidworthy', 'rNIH2O', 'Bank of America Corporation');
insert into stafflogin (staffid, username, password, Restaurant_name) values (299, 'Adaline Joseff', 'THpUF5Zcix', 'CGI Group, Inc.');
insert into stafflogin (staffid, username, password, Restaurant_name) values (300, 'Morton Siflet', 'l7z8mwZ', 'Novan, Inc.');

insert into managerlogin (Username, Password, Mid) values ('admin', 'admin', 1);
