insert into customer (Cid, Reward_pts, CC_no) values (1, 6, 42134355);
insert into customer (Cid, Reward_pts, CC_no) values (2, 85, 66166565);
insert into customer (Cid, Reward_pts, CC_no) values (3, 82, 39172068);
insert into customer (Cid, Reward_pts, CC_no) values (4, 63, 35113723);
insert into customer (Cid, Reward_pts, CC_no) values (5, 95, 34637028);
insert into customer (Cid, Reward_pts, CC_no) values (6, 45, 91858985);
insert into customer (Cid, Reward_pts, CC_no) values (7, 33, 15687891);
insert into customer (Cid, Reward_pts, CC_no) values (8, 94, 68835233);
insert into customer (Cid, Reward_pts, CC_no) values (9, 55, 53607200);
insert into customer (Cid, Reward_pts, CC_no) values (10, 17, 96412251);
insert into customer (Cid, Reward_pts, CC_no) values (11, 72, 32436782);
insert into customer (Cid, Reward_pts, CC_no) values (12, 8, 13709054);
insert into customer (Cid, Reward_pts, CC_no) values (13, 5, 64225739);
insert into customer (Cid, Reward_pts, CC_no) values (14, 63, 16363490);
insert into customer (Cid, Reward_pts, CC_no) values (15, 49, 73989383);
insert into customer (Cid, Reward_pts, CC_no) values (16, 69, 29047848);
insert into customer (Cid, Reward_pts, CC_no) values (17, 76, 61729771);
insert into customer (Cid, Reward_pts, CC_no) values (18, 39, 16067037);
insert into customer (Cid, Reward_pts, CC_no) values (19, 47, 91881301);
insert into customer (Cid, Reward_pts, CC_no) values (20, 69, 51321698);
insert into customer (Cid, Reward_pts, CC_no) values (21, 74, 51108903);
insert into customer (Cid, Reward_pts, CC_no) values (22, 39, 25252793);
insert into customer (Cid, Reward_pts, CC_no) values (23, 78, 83294218);
insert into customer (Cid, Reward_pts, CC_no) values (24, 90, 73315648);
insert into customer (Cid, Reward_pts, CC_no) values (25, 49, 37337617);
insert into customer (Cid, Reward_pts, CC_no) values (26, 60, 31510695);
insert into customer (Cid, Reward_pts, CC_no) values (27, 78, 50286324);
insert into customer (Cid, Reward_pts, CC_no) values (28, 6, 64681295);
insert into customer (Cid, Reward_pts, CC_no) values (29, 10, 48883922);
insert into customer (Cid, Reward_pts, CC_no) values (30, 62, 28443129);
insert into customer (Cid, Reward_pts, CC_no) values (31, 97, 87756232);
insert into customer (Cid, Reward_pts, CC_no) values (32, 84, 86631402);
insert into customer (Cid, Reward_pts, CC_no) values (33, 97, 24354079);
insert into customer (Cid, Reward_pts, CC_no) values (34, 41, 69289522);
insert into customer (Cid, Reward_pts, CC_no) values (35, 63, 80656069);
insert into customer (Cid, Reward_pts, CC_no) values (36, 81, 69334497);
insert into customer (Cid, Reward_pts, CC_no) values (37, 34, 46815917);
insert into customer (Cid, Reward_pts, CC_no) values (38, 99, 62257503);
insert into customer (Cid, Reward_pts, CC_no) values (39, 92, 73189248);
insert into customer (Cid, Reward_pts, CC_no) values (40, 58, 50558998);
insert into customer (Cid, Reward_pts, CC_no) values (41, 20, 45416596);
insert into customer (Cid, Reward_pts, CC_no) values (42, 73, 76464730);
insert into customer (Cid, Reward_pts, CC_no) values (43, 47, 50014768);
insert into customer (Cid, Reward_pts, CC_no) values (44, 84, 20443583);
insert into customer (Cid, Reward_pts, CC_no) values (45, 49, 86262594);
insert into customer (Cid, Reward_pts, CC_no) values (46, 12, 71793554);
insert into customer (Cid, Reward_pts, CC_no) values (47, 33, 47672895);
insert into customer (Cid, Reward_pts, CC_no) values (48, 40, 15500230);
insert into customer (Cid, Reward_pts, CC_no) values (49, 41, 40731979);
insert into customer (Cid, Reward_pts, CC_no) values (50, 45, 35400659);
insert into customer (Cid, Reward_pts, CC_no) values (51, 15, 39805460);
insert into customer (Cid, Reward_pts, CC_no) values (52, 76, 77601951);
insert into customer (Cid, Reward_pts, CC_no) values (53, 31, 43061197);
insert into customer (Cid, Reward_pts, CC_no) values (54, 19, 53155730);
insert into customer (Cid, Reward_pts, CC_no) values (55, 78, 83375880);
insert into customer (Cid, Reward_pts, CC_no) values (56, 74, 51813671);
insert into customer (Cid, Reward_pts, CC_no) values (57, 29, 35301902);
insert into customer (Cid, Reward_pts, CC_no) values (58, 72, 17795214);
insert into customer (Cid, Reward_pts, CC_no) values (59, 93, 44088571);
insert into customer (Cid, Reward_pts, CC_no) values (60, 66, 12451471);
insert into customer (Cid, Reward_pts, CC_no) values (61, 84, 79963250);
insert into customer (Cid, Reward_pts, CC_no) values (62, 69, 73540736);
insert into customer (Cid, Reward_pts, CC_no) values (63, 75, 36965508);
insert into customer (Cid, Reward_pts, CC_no) values (64, 40, 91998737);
insert into customer (Cid, Reward_pts, CC_no) values (65, 19, 78137455);
insert into customer (Cid, Reward_pts, CC_no) values (66, 6, 94230944);
insert into customer (Cid, Reward_pts, CC_no) values (67, 59, 28212552);
insert into customer (Cid, Reward_pts, CC_no) values (68, 17, 84547219);
insert into customer (Cid, Reward_pts, CC_no) values (69, 54, 56083682);
insert into customer (Cid, Reward_pts, CC_no) values (70, 64, 33179577);
insert into customer (Cid, Reward_pts, CC_no) values (71, 23, 53244456);
insert into customer (Cid, Reward_pts, CC_no) values (72, 54, 11776003);
insert into customer (Cid, Reward_pts, CC_no) values (73, 87, 56992530);
insert into customer (Cid, Reward_pts, CC_no) values (74, 40, 81068837);
insert into customer (Cid, Reward_pts, CC_no) values (75, 60, 62612076);
insert into customer (Cid, Reward_pts, CC_no) values (76, 93, 61407963);
insert into customer (Cid, Reward_pts, CC_no) values (77, 41, 96556947);
insert into customer (Cid, Reward_pts, CC_no) values (78, 99, 86302794);
insert into customer (Cid, Reward_pts, CC_no) values (79, 12, 80044919);
insert into customer (Cid, Reward_pts, CC_no) values (80, 41, 34465969);
insert into customer (Cid, Reward_pts, CC_no) values (81, 39, 70140852);
insert into customer (Cid, Reward_pts, CC_no) values (82, 97, 96092252);
insert into customer (Cid, Reward_pts, CC_no) values (83, 86, 44656560);
insert into customer (Cid, Reward_pts, CC_no) values (84, 0, 90437439);
insert into customer (Cid, Reward_pts, CC_no) values (85, 94, 16382803);
insert into customer (Cid, Reward_pts, CC_no) values (86, 15, 80462133);
insert into customer (Cid, Reward_pts, CC_no) values (87, 44, 43380986);
insert into customer (Cid, Reward_pts, CC_no) values (88, 32, 30362609);
insert into customer (Cid, Reward_pts, CC_no) values (89, 34, 28916832);
insert into customer (Cid, Reward_pts, CC_no) values (90, 90, 12057802);
insert into customer (Cid, Reward_pts, CC_no) values (91, 23, 85156136);
insert into customer (Cid, Reward_pts, CC_no) values (92, 34, 52887038);
insert into customer (Cid, Reward_pts, CC_no) values (93, 43, 15454357);
insert into customer (Cid, Reward_pts, CC_no) values (94, 44, 80257811);
insert into customer (Cid, Reward_pts, CC_no) values (95, 49, 13133492);
insert into customer (Cid, Reward_pts, CC_no) values (96, 14, 80386009);
insert into customer (Cid, Reward_pts, CC_no) values (97, 45, 92720143);
insert into customer (Cid, Reward_pts, CC_no) values (98, 91, 95556897);
insert into customer (Cid, Reward_pts, CC_no) values (99, 65, 22754306);
insert into customer (Cid, Reward_pts, CC_no) values (100, 45, 42049806);
insert into customer (Cid, Reward_pts, CC_no) values (101, 16, 78467312);
insert into customer (Cid, Reward_pts, CC_no) values (102, 19, 33903459);
insert into customer (Cid, Reward_pts, CC_no) values (103, 49, 88428046);
insert into customer (Cid, Reward_pts, CC_no) values (104, 6, 94439121);
insert into customer (Cid, Reward_pts, CC_no) values (105, 23, 79657396);
insert into customer (Cid, Reward_pts, CC_no) values (106, 66, 34292655);
insert into customer (Cid, Reward_pts, CC_no) values (107, 10, 59923774);
insert into customer (Cid, Reward_pts, CC_no) values (108, 64, 93488656);
insert into customer (Cid, Reward_pts, CC_no) values (109, 51, 97597987);
insert into customer (Cid, Reward_pts, CC_no) values (110, 86, 62282806);
insert into customer (Cid, Reward_pts, CC_no) values (111, 98, 94197706);
insert into customer (Cid, Reward_pts, CC_no) values (112, 74, 98714338);
insert into customer (Cid, Reward_pts, CC_no) values (113, 23, 58931376);
insert into customer (Cid, Reward_pts, CC_no) values (114, 33, 27067895);
insert into customer (Cid, Reward_pts, CC_no) values (115, 7, 85851609);
insert into customer (Cid, Reward_pts, CC_no) values (116, 100, 17880819);
insert into customer (Cid, Reward_pts, CC_no) values (117, 41, 31155015);
insert into customer (Cid, Reward_pts, CC_no) values (118, 54, 60370311);
insert into customer (Cid, Reward_pts, CC_no) values (119, 19, 93383804);
insert into customer (Cid, Reward_pts, CC_no) values (120, 40, 78673072);
insert into customer (Cid, Reward_pts, CC_no) values (121, 45, 48341448);
insert into customer (Cid, Reward_pts, CC_no) values (122, 53, 10259464);
insert into customer (Cid, Reward_pts, CC_no) values (123, 5, 83957887);
insert into customer (Cid, Reward_pts, CC_no) values (124, 82, 60542565);
insert into customer (Cid, Reward_pts, CC_no) values (125, 73, 39184542);
insert into customer (Cid, Reward_pts, CC_no) values (126, 17, 74388390);
insert into customer (Cid, Reward_pts, CC_no) values (127, 75, 60684374);
insert into customer (Cid, Reward_pts, CC_no) values (128, 91, 42899424);
insert into customer (Cid, Reward_pts, CC_no) values (129, 97, 92515002);
insert into customer (Cid, Reward_pts, CC_no) values (130, 13, 83386603);
insert into customer (Cid, Reward_pts, CC_no) values (131, 83, 29479669);
insert into customer (Cid, Reward_pts, CC_no) values (132, 15, 20850797);
insert into customer (Cid, Reward_pts, CC_no) values (133, 98, 19781899);
insert into customer (Cid, Reward_pts, CC_no) values (134, 96, 41806046);
insert into customer (Cid, Reward_pts, CC_no) values (135, 71, 33215472);
insert into customer (Cid, Reward_pts, CC_no) values (136, 88, 26119935);
insert into customer (Cid, Reward_pts, CC_no) values (137, 81, 98732784);
insert into customer (Cid, Reward_pts, CC_no) values (138, 3, 94110956);
insert into customer (Cid, Reward_pts, CC_no) values (139, 99, 84760246);
insert into customer (Cid, Reward_pts, CC_no) values (140, 21, 68499276);
insert into customer (Cid, Reward_pts, CC_no) values (141, 67, 83881790);
insert into customer (Cid, Reward_pts, CC_no) values (142, 82, 94517338);
insert into customer (Cid, Reward_pts, CC_no) values (143, 53, 42524666);
insert into customer (Cid, Reward_pts, CC_no) values (144, 82, 52651138);
insert into customer (Cid, Reward_pts, CC_no) values (145, 2, 32588892);
insert into customer (Cid, Reward_pts, CC_no) values (146, 18, 55820191);
insert into customer (Cid, Reward_pts, CC_no) values (147, 100, 46637556);
insert into customer (Cid, Reward_pts, CC_no) values (148, 28, 89414496);
insert into customer (Cid, Reward_pts, CC_no) values (149, 26, 82398599);
insert into customer (Cid, Reward_pts, CC_no) values (150, 29, 58047452);
insert into customer (Cid, Reward_pts, CC_no) values (151, 71, 73020878);
insert into customer (Cid, Reward_pts, CC_no) values (152, 19, 39219430);
insert into customer (Cid, Reward_pts, CC_no) values (153, 19, 29409476);
insert into customer (Cid, Reward_pts, CC_no) values (154, 49, 39303230);
insert into customer (Cid, Reward_pts, CC_no) values (155, 33, 70735469);
insert into customer (Cid, Reward_pts, CC_no) values (156, 2, 52401115);
insert into customer (Cid, Reward_pts, CC_no) values (157, 15, 50622920);
insert into customer (Cid, Reward_pts, CC_no) values (158, 83, 30323125);
insert into customer (Cid, Reward_pts, CC_no) values (159, 65, 52820930);
insert into customer (Cid, Reward_pts, CC_no) values (160, 19, 16304143);
insert into customer (Cid, Reward_pts, CC_no) values (161, 78, 48233056);
insert into customer (Cid, Reward_pts, CC_no) values (162, 22, 88502742);
insert into customer (Cid, Reward_pts, CC_no) values (163, 2, 52011003);
insert into customer (Cid, Reward_pts, CC_no) values (164, 100, 78953906);
insert into customer (Cid, Reward_pts, CC_no) values (165, 98, 48303940);
insert into customer (Cid, Reward_pts, CC_no) values (166, 40, 37294436);
insert into customer (Cid, Reward_pts, CC_no) values (167, 93, 74830135);
insert into customer (Cid, Reward_pts, CC_no) values (168, 66, 14734534);
insert into customer (Cid, Reward_pts, CC_no) values (169, 13, 63402529);
insert into customer (Cid, Reward_pts, CC_no) values (170, 64, 27920564);
insert into customer (Cid, Reward_pts, CC_no) values (171, 82, 91272957);
insert into customer (Cid, Reward_pts, CC_no) values (172, 69, 54500808);
insert into customer (Cid, Reward_pts, CC_no) values (173, 23, 78299417);
insert into customer (Cid, Reward_pts, CC_no) values (174, 28, 81099105);
insert into customer (Cid, Reward_pts, CC_no) values (175, 64, 95562641);
insert into customer (Cid, Reward_pts, CC_no) values (176, 39, 60593913);
insert into customer (Cid, Reward_pts, CC_no) values (177, 98, 54944235);
insert into customer (Cid, Reward_pts, CC_no) values (178, 89, 88120240);
insert into customer (Cid, Reward_pts, CC_no) values (179, 32, 59655044);
insert into customer (Cid, Reward_pts, CC_no) values (180, 46, 35526243);
insert into customer (Cid, Reward_pts, CC_no) values (181, 8, 93187899);
insert into customer (Cid, Reward_pts, CC_no) values (182, 51, 50953228);
insert into customer (Cid, Reward_pts, CC_no) values (183, 11, 86602186);
insert into customer (Cid, Reward_pts, CC_no) values (184, 97, 56870384);
insert into customer (Cid, Reward_pts, CC_no) values (185, 43, 15595826);
insert into customer (Cid, Reward_pts, CC_no) values (186, 54, 71445100);
insert into customer (Cid, Reward_pts, CC_no) values (187, 9, 88555184);
insert into customer (Cid, Reward_pts, CC_no) values (188, 88, 46725945);
insert into customer (Cid, Reward_pts, CC_no) values (189, 59, 49435783);
insert into customer (Cid, Reward_pts, CC_no) values (190, 32, 11336190);
insert into customer (Cid, Reward_pts, CC_no) values (191, 36, 68561729);
insert into customer (Cid, Reward_pts, CC_no) values (192, 94, 92670536);
insert into customer (Cid, Reward_pts, CC_no) values (193, 50, 73360927);
insert into customer (Cid, Reward_pts, CC_no) values (194, 51, 45105107);
insert into customer (Cid, Reward_pts, CC_no) values (195, 25, 77031716);
insert into customer (Cid, Reward_pts, CC_no) values (196, 50, 48872113);
insert into customer (Cid, Reward_pts, CC_no) values (197, 30, 35630693);
insert into customer (Cid, Reward_pts, CC_no) values (198, 77, 73605587);
insert into customer (Cid, Reward_pts, CC_no) values (199, 42, 13038226);
insert into customer (Cid, Reward_pts, CC_no) values (200, 83, 95630694);
insert into customer (Cid, Reward_pts, CC_no) values (201, 38, 89769706);
insert into customer (Cid, Reward_pts, CC_no) values (202, 12, 71070673);
insert into customer (Cid, Reward_pts, CC_no) values (203, 14, 87204328);
insert into customer (Cid, Reward_pts, CC_no) values (204, 74, 40325911);
insert into customer (Cid, Reward_pts, CC_no) values (205, 2, 71668102);
insert into customer (Cid, Reward_pts, CC_no) values (206, 39, 27602572);
insert into customer (Cid, Reward_pts, CC_no) values (207, 97, 28773957);
insert into customer (Cid, Reward_pts, CC_no) values (208, 1, 13984944);
insert into customer (Cid, Reward_pts, CC_no) values (209, 23, 92007388);
insert into customer (Cid, Reward_pts, CC_no) values (210, 45, 49758217);
insert into customer (Cid, Reward_pts, CC_no) values (211, 36, 27157018);
insert into customer (Cid, Reward_pts, CC_no) values (212, 93, 58856409);
insert into customer (Cid, Reward_pts, CC_no) values (213, 30, 70051808);
insert into customer (Cid, Reward_pts, CC_no) values (214, 35, 38419699);
insert into customer (Cid, Reward_pts, CC_no) values (215, 92, 49727659);
insert into customer (Cid, Reward_pts, CC_no) values (216, 13, 60800469);
insert into customer (Cid, Reward_pts, CC_no) values (217, 57, 44011612);
insert into customer (Cid, Reward_pts, CC_no) values (218, 62, 58237616);
insert into customer (Cid, Reward_pts, CC_no) values (219, 66, 90007767);
insert into customer (Cid, Reward_pts, CC_no) values (220, 56, 86864191);
insert into customer (Cid, Reward_pts, CC_no) values (221, 68, 68889430);
insert into customer (Cid, Reward_pts, CC_no) values (222, 42, 39400204);
insert into customer (Cid, Reward_pts, CC_no) values (223, 72, 53105919);
insert into customer (Cid, Reward_pts, CC_no) values (224, 97, 60131094);
insert into customer (Cid, Reward_pts, CC_no) values (225, 61, 87019400);
insert into customer (Cid, Reward_pts, CC_no) values (226, 49, 85006437);
insert into customer (Cid, Reward_pts, CC_no) values (227, 41, 42879979);
insert into customer (Cid, Reward_pts, CC_no) values (228, 94, 25669317);
insert into customer (Cid, Reward_pts, CC_no) values (229, 80, 88123724);
insert into customer (Cid, Reward_pts, CC_no) values (230, 36, 31271501);
insert into customer (Cid, Reward_pts, CC_no) values (231, 30, 67842300);
insert into customer (Cid, Reward_pts, CC_no) values (232, 68, 91173562);
insert into customer (Cid, Reward_pts, CC_no) values (233, 46, 15742269);
insert into customer (Cid, Reward_pts, CC_no) values (234, 12, 83041534);
insert into customer (Cid, Reward_pts, CC_no) values (235, 73, 49768042);
insert into customer (Cid, Reward_pts, CC_no) values (236, 96, 95581304);
insert into customer (Cid, Reward_pts, CC_no) values (237, 100, 17853597);
insert into customer (Cid, Reward_pts, CC_no) values (238, 83, 31970997);
insert into customer (Cid, Reward_pts, CC_no) values (239, 62, 68919641);
insert into customer (Cid, Reward_pts, CC_no) values (240, 41, 72232603);
insert into customer (Cid, Reward_pts, CC_no) values (241, 39, 97690202);
insert into customer (Cid, Reward_pts, CC_no) values (242, 80, 30602445);
insert into customer (Cid, Reward_pts, CC_no) values (243, 66, 84197087);
insert into customer (Cid, Reward_pts, CC_no) values (244, 94, 94731918);
insert into customer (Cid, Reward_pts, CC_no) values (245, 6, 13046440);
insert into customer (Cid, Reward_pts, CC_no) values (246, 43, 42188943);
insert into customer (Cid, Reward_pts, CC_no) values (247, 86, 23164173);
insert into customer (Cid, Reward_pts, CC_no) values (248, 18, 45739983);
insert into customer (Cid, Reward_pts, CC_no) values (249, 37, 92849658);
insert into customer (Cid, Reward_pts, CC_no) values (250, 45, 71057393);
insert into customer (Cid, Reward_pts, CC_no) values (251, 98, 67611813);
insert into customer (Cid, Reward_pts, CC_no) values (252, 30, 93004165);
insert into customer (Cid, Reward_pts, CC_no) values (253, 66, 48482623);
insert into customer (Cid, Reward_pts, CC_no) values (254, 59, 54425731);
insert into customer (Cid, Reward_pts, CC_no) values (255, 41, 71772040);
insert into customer (Cid, Reward_pts, CC_no) values (256, 65, 13876571);
insert into customer (Cid, Reward_pts, CC_no) values (257, 10, 21137693);
insert into customer (Cid, Reward_pts, CC_no) values (258, 73, 48341970);
insert into customer (Cid, Reward_pts, CC_no) values (259, 53, 32918174);
insert into customer (Cid, Reward_pts, CC_no) values (260, 40, 41533269);
insert into customer (Cid, Reward_pts, CC_no) values (261, 80, 27917809);
insert into customer (Cid, Reward_pts, CC_no) values (262, 95, 23176789);
insert into customer (Cid, Reward_pts, CC_no) values (263, 7, 44124795);
insert into customer (Cid, Reward_pts, CC_no) values (264, 48, 18995226);
insert into customer (Cid, Reward_pts, CC_no) values (265, 7, 70967885);
insert into customer (Cid, Reward_pts, CC_no) values (266, 40, 79416776);
insert into customer (Cid, Reward_pts, CC_no) values (267, 6, 69871088);
insert into customer (Cid, Reward_pts, CC_no) values (268, 51, 83633498);
insert into customer (Cid, Reward_pts, CC_no) values (269, 28, 70881110);
insert into customer (Cid, Reward_pts, CC_no) values (270, 75, 17081915);
insert into customer (Cid, Reward_pts, CC_no) values (271, 77, 60051608);
insert into customer (Cid, Reward_pts, CC_no) values (272, 23, 88991875);
insert into customer (Cid, Reward_pts, CC_no) values (273, 49, 19508733);
insert into customer (Cid, Reward_pts, CC_no) values (274, 35, 42220479);
insert into customer (Cid, Reward_pts, CC_no) values (275, 60, 99633910);
insert into customer (Cid, Reward_pts, CC_no) values (276, 68, 28793459);
insert into customer (Cid, Reward_pts, CC_no) values (277, 12, 31153282);
insert into customer (Cid, Reward_pts, CC_no) values (278, 34, 75476458);
insert into customer (Cid, Reward_pts, CC_no) values (279, 31, 75014758);
insert into customer (Cid, Reward_pts, CC_no) values (280, 29, 75272359);
insert into customer (Cid, Reward_pts, CC_no) values (281, 77, 45471451);
insert into customer (Cid, Reward_pts, CC_no) values (282, 63, 60119934);
insert into customer (Cid, Reward_pts, CC_no) values (283, 30, 20051844);
insert into customer (Cid, Reward_pts, CC_no) values (284, 33, 12366495);
insert into customer (Cid, Reward_pts, CC_no) values (285, 1, 54887135);
insert into customer (Cid, Reward_pts, CC_no) values (286, 64, 11804010);
insert into customer (Cid, Reward_pts, CC_no) values (287, 48, 54129233);
insert into customer (Cid, Reward_pts, CC_no) values (288, 20, 85387735);
insert into customer (Cid, Reward_pts, CC_no) values (289, 81, 51175886);
insert into customer (Cid, Reward_pts, CC_no) values (290, 72, 52315872);
insert into customer (Cid, Reward_pts, CC_no) values (291, 98, 25937996);
insert into customer (Cid, Reward_pts, CC_no) values (292, 3, 58193852);
insert into customer (Cid, Reward_pts, CC_no) values (293, 8, 62533910);
insert into customer (Cid, Reward_pts, CC_no) values (294, 80, 69466927);
insert into customer (Cid, Reward_pts, CC_no) values (295, 67, 16937042);
insert into customer (Cid, Reward_pts, CC_no) values (296, 69, 80952690);
insert into customer (Cid, Reward_pts, CC_no) values (297, 40, 25520722);
insert into customer (Cid, Reward_pts, CC_no) values (298, 26, 79958353);
insert into customer (Cid, Reward_pts, CC_no) values (299, 38, 38281434);
insert into customer (Cid, Reward_pts, CC_no) values (300, 43, 59843111);
insert into customer (Cid, Reward_pts, CC_no) values (301, 70, 53852515);
insert into customer (Cid, Reward_pts, CC_no) values (302, 81, 77402484);
insert into customer (Cid, Reward_pts, CC_no) values (303, 9, 57902648);
insert into customer (Cid, Reward_pts, CC_no) values (304, 16, 22958980);
insert into customer (Cid, Reward_pts, CC_no) values (305, 57, 25976157);
insert into customer (Cid, Reward_pts, CC_no) values (306, 94, 92120097);
insert into customer (Cid, Reward_pts, CC_no) values (307, 37, 67517174);
insert into customer (Cid, Reward_pts, CC_no) values (308, 24, 16516501);
insert into customer (Cid, Reward_pts, CC_no) values (309, 55, 66225016);
insert into customer (Cid, Reward_pts, CC_no) values (310, 79, 24498965);
insert into customer (Cid, Reward_pts, CC_no) values (311, 59, 80887365);
insert into customer (Cid, Reward_pts, CC_no) values (312, 53, 64447636);
insert into customer (Cid, Reward_pts, CC_no) values (313, 55, 39882518);
insert into customer (Cid, Reward_pts, CC_no) values (314, 89, 11121800);
insert into customer (Cid, Reward_pts, CC_no) values (315, 27, 16568506);
insert into customer (Cid, Reward_pts, CC_no) values (316, 35, 94481751);
insert into customer (Cid, Reward_pts, CC_no) values (317, 12, 42204356);
insert into customer (Cid, Reward_pts, CC_no) values (318, 17, 24707530);
insert into customer (Cid, Reward_pts, CC_no) values (319, 97, 93047292);
insert into customer (Cid, Reward_pts, CC_no) values (320, 7, 49297853);
insert into customer (Cid, Reward_pts, CC_no) values (321, 54, 22848165);
insert into customer (Cid, Reward_pts, CC_no) values (322, 43, 51818097);
insert into customer (Cid, Reward_pts, CC_no) values (323, 68, 20926380);
insert into customer (Cid, Reward_pts, CC_no) values (324, 49, 47481543);
insert into customer (Cid, Reward_pts, CC_no) values (325, 45, 30540908);
insert into customer (Cid, Reward_pts, CC_no) values (326, 31, 16257275);
insert into customer (Cid, Reward_pts, CC_no) values (327, 10, 76866742);
insert into customer (Cid, Reward_pts, CC_no) values (328, 98, 63643076);
insert into customer (Cid, Reward_pts, CC_no) values (329, 17, 64430277);
insert into customer (Cid, Reward_pts, CC_no) values (330, 72, 26889337);
insert into customer (Cid, Reward_pts, CC_no) values (331, 78, 52427290);
insert into customer (Cid, Reward_pts, CC_no) values (332, 62, 28772428);
insert into customer (Cid, Reward_pts, CC_no) values (333, 81, 37033516);
insert into customer (Cid, Reward_pts, CC_no) values (334, 14, 42521123);
insert into customer (Cid, Reward_pts, CC_no) values (335, 93, 82870394);
insert into customer (Cid, Reward_pts, CC_no) values (336, 13, 23416609);
insert into customer (Cid, Reward_pts, CC_no) values (337, 29, 82166972);
insert into customer (Cid, Reward_pts, CC_no) values (338, 80, 24291030);
insert into customer (Cid, Reward_pts, CC_no) values (339, 8, 51384243);
insert into customer (Cid, Reward_pts, CC_no) values (340, 37, 60682133);
insert into customer (Cid, Reward_pts, CC_no) values (341, 59, 28085490);
insert into customer (Cid, Reward_pts, CC_no) values (342, 77, 73040009);
insert into customer (Cid, Reward_pts, CC_no) values (343, 32, 31189112);
insert into customer (Cid, Reward_pts, CC_no) values (344, 15, 72797925);
insert into customer (Cid, Reward_pts, CC_no) values (345, 43, 30347985);
insert into customer (Cid, Reward_pts, CC_no) values (346, 45, 39620318);
insert into customer (Cid, Reward_pts, CC_no) values (347, 68, 94017834);
insert into customer (Cid, Reward_pts, CC_no) values (348, 63, 38489354);
insert into customer (Cid, Reward_pts, CC_no) values (349, 4, 31920073);
insert into customer (Cid, Reward_pts, CC_no) values (350, 13, 46733693);
insert into customer (Cid, Reward_pts, CC_no) values (351, 92, 92312474);
insert into customer (Cid, Reward_pts, CC_no) values (352, 68, 63963071);
insert into customer (Cid, Reward_pts, CC_no) values (353, 1, 71512933);
insert into customer (Cid, Reward_pts, CC_no) values (354, 35, 22539939);
insert into customer (Cid, Reward_pts, CC_no) values (355, 71, 60090030);
insert into customer (Cid, Reward_pts, CC_no) values (356, 53, 95997266);
insert into customer (Cid, Reward_pts, CC_no) values (357, 23, 31414560);
insert into customer (Cid, Reward_pts, CC_no) values (358, 0, 38015075);
insert into customer (Cid, Reward_pts, CC_no) values (359, 75, 11765970);
insert into customer (Cid, Reward_pts, CC_no) values (360, 30, 12444881);
insert into customer (Cid, Reward_pts, CC_no) values (361, 29, 12686531);
insert into customer (Cid, Reward_pts, CC_no) values (362, 64, 74773872);
insert into customer (Cid, Reward_pts, CC_no) values (363, 78, 62075340);
insert into customer (Cid, Reward_pts, CC_no) values (364, 85, 91781816);
insert into customer (Cid, Reward_pts, CC_no) values (365, 1, 47044547);
insert into customer (Cid, Reward_pts, CC_no) values (366, 4, 27285047);
insert into customer (Cid, Reward_pts, CC_no) values (367, 77, 64016849);
insert into customer (Cid, Reward_pts, CC_no) values (368, 72, 18269404);
insert into customer (Cid, Reward_pts, CC_no) values (369, 88, 85299414);
insert into customer (Cid, Reward_pts, CC_no) values (370, 80, 10261426);
insert into customer (Cid, Reward_pts, CC_no) values (371, 3, 23353031);
insert into customer (Cid, Reward_pts, CC_no) values (372, 9, 61683374);
insert into customer (Cid, Reward_pts, CC_no) values (373, 59, 93825001);
insert into customer (Cid, Reward_pts, CC_no) values (374, 15, 90698133);
insert into customer (Cid, Reward_pts, CC_no) values (375, 85, 19486793);
insert into customer (Cid, Reward_pts, CC_no) values (376, 98, 58611324);
insert into customer (Cid, Reward_pts, CC_no) values (377, 76, 77188188);
insert into customer (Cid, Reward_pts, CC_no) values (378, 29, 17108512);
insert into customer (Cid, Reward_pts, CC_no) values (379, 78, 37135176);
insert into customer (Cid, Reward_pts, CC_no) values (380, 44, 53410363);
insert into customer (Cid, Reward_pts, CC_no) values (381, 76, 61973478);
insert into customer (Cid, Reward_pts, CC_no) values (382, 46, 41349138);
insert into customer (Cid, Reward_pts, CC_no) values (383, 52, 21428749);
insert into customer (Cid, Reward_pts, CC_no) values (384, 24, 49722447);
insert into customer (Cid, Reward_pts, CC_no) values (385, 92, 93496065);
insert into customer (Cid, Reward_pts, CC_no) values (386, 63, 12042083);
insert into customer (Cid, Reward_pts, CC_no) values (387, 33, 75707350);
insert into customer (Cid, Reward_pts, CC_no) values (388, 38, 10444498);
insert into customer (Cid, Reward_pts, CC_no) values (389, 27, 55359101);
insert into customer (Cid, Reward_pts, CC_no) values (390, 31, 74025397);
insert into customer (Cid, Reward_pts, CC_no) values (391, 48, 71295736);
insert into customer (Cid, Reward_pts, CC_no) values (392, 57, 53017199);
insert into customer (Cid, Reward_pts, CC_no) values (393, 47, 21887651);
insert into customer (Cid, Reward_pts, CC_no) values (394, 22, 43862604);
insert into customer (Cid, Reward_pts, CC_no) values (395, 20, 28681846);
insert into customer (Cid, Reward_pts, CC_no) values (396, 2, 78934580);
insert into customer (Cid, Reward_pts, CC_no) values (397, 8, 22951763);
insert into customer (Cid, Reward_pts, CC_no) values (398, 85, 35536415);
insert into customer (Cid, Reward_pts, CC_no) values (399, 88, 70932648);
insert into customer (Cid, Reward_pts, CC_no) values (400, 87, 56132818);
insert into customer (Cid, Reward_pts, CC_no) values (401, 86, 65926317);
insert into customer (Cid, Reward_pts, CC_no) values (402, 72, 41944398);
insert into customer (Cid, Reward_pts, CC_no) values (403, 2, 74374284);
insert into customer (Cid, Reward_pts, CC_no) values (404, 13, 17114234);
insert into customer (Cid, Reward_pts, CC_no) values (405, 75, 24240568);
insert into customer (Cid, Reward_pts, CC_no) values (406, 96, 53131339);
insert into customer (Cid, Reward_pts, CC_no) values (407, 18, 25309991);
insert into customer (Cid, Reward_pts, CC_no) values (408, 23, 87641381);
insert into customer (Cid, Reward_pts, CC_no) values (409, 76, 25920454);
insert into customer (Cid, Reward_pts, CC_no) values (410, 51, 58004553);
insert into customer (Cid, Reward_pts, CC_no) values (411, 65, 47485423);
insert into customer (Cid, Reward_pts, CC_no) values (412, 82, 94119389);
insert into customer (Cid, Reward_pts, CC_no) values (413, 36, 56007770);
insert into customer (Cid, Reward_pts, CC_no) values (414, 88, 82468290);
insert into customer (Cid, Reward_pts, CC_no) values (415, 54, 29746648);
insert into customer (Cid, Reward_pts, CC_no) values (416, 57, 88742316);
insert into customer (Cid, Reward_pts, CC_no) values (417, 59, 82785194);
insert into customer (Cid, Reward_pts, CC_no) values (418, 25, 97941903);
insert into customer (Cid, Reward_pts, CC_no) values (419, 18, 81496194);
insert into customer (Cid, Reward_pts, CC_no) values (420, 46, 14835663);
insert into customer (Cid, Reward_pts, CC_no) values (421, 68, 76994545);
insert into customer (Cid, Reward_pts, CC_no) values (422, 21, 81571339);
insert into customer (Cid, Reward_pts, CC_no) values (423, 94, 42276473);
insert into customer (Cid, Reward_pts, CC_no) values (424, 78, 87164025);
insert into customer (Cid, Reward_pts, CC_no) values (425, 71, 92385365);
insert into customer (Cid, Reward_pts, CC_no) values (426, 74, 90886859);
insert into customer (Cid, Reward_pts, CC_no) values (427, 32, 64728880);
insert into customer (Cid, Reward_pts, CC_no) values (428, 12, 95917573);
insert into customer (Cid, Reward_pts, CC_no) values (429, 85, 91232720);
insert into customer (Cid, Reward_pts, CC_no) values (430, 16, 69789658);
insert into customer (Cid, Reward_pts, CC_no) values (431, 93, 91425008);
insert into customer (Cid, Reward_pts, CC_no) values (432, 41, 59165087);
insert into customer (Cid, Reward_pts, CC_no) values (433, 80, 28174597);
insert into customer (Cid, Reward_pts, CC_no) values (434, 47, 41933767);
insert into customer (Cid, Reward_pts, CC_no) values (435, 92, 46342625);
insert into customer (Cid, Reward_pts, CC_no) values (436, 44, 22702786);
insert into customer (Cid, Reward_pts, CC_no) values (437, 52, 88220981);
insert into customer (Cid, Reward_pts, CC_no) values (438, 41, 29785077);
insert into customer (Cid, Reward_pts, CC_no) values (439, 39, 24277222);
insert into customer (Cid, Reward_pts, CC_no) values (440, 23, 76049180);
insert into customer (Cid, Reward_pts, CC_no) values (441, 60, 77565046);
insert into customer (Cid, Reward_pts, CC_no) values (442, 38, 52225018);
insert into customer (Cid, Reward_pts, CC_no) values (443, 6, 33196057);
insert into customer (Cid, Reward_pts, CC_no) values (444, 3, 51644045);
insert into customer (Cid, Reward_pts, CC_no) values (445, 96, 22868684);
insert into customer (Cid, Reward_pts, CC_no) values (446, 61, 41986250);
insert into customer (Cid, Reward_pts, CC_no) values (447, 13, 16452492);
insert into customer (Cid, Reward_pts, CC_no) values (448, 97, 59681599);
insert into customer (Cid, Reward_pts, CC_no) values (449, 97, 56811790);
insert into customer (Cid, Reward_pts, CC_no) values (450, 75, 80511038);
insert into customer (Cid, Reward_pts, CC_no) values (451, 44, 76478983);
insert into customer (Cid, Reward_pts, CC_no) values (452, 3, 74225481);
insert into customer (Cid, Reward_pts, CC_no) values (453, 20, 25930763);
insert into customer (Cid, Reward_pts, CC_no) values (454, 31, 61218963);
insert into customer (Cid, Reward_pts, CC_no) values (455, 21, 18988867);
insert into customer (Cid, Reward_pts, CC_no) values (456, 56, 56604985);
insert into customer (Cid, Reward_pts, CC_no) values (457, 22, 42838692);
insert into customer (Cid, Reward_pts, CC_no) values (458, 85, 11672111);
insert into customer (Cid, Reward_pts, CC_no) values (459, 81, 63632993);
insert into customer (Cid, Reward_pts, CC_no) values (460, 97, 44502342);
insert into customer (Cid, Reward_pts, CC_no) values (461, 32, 99466188);
insert into customer (Cid, Reward_pts, CC_no) values (462, 34, 60182507);
insert into customer (Cid, Reward_pts, CC_no) values (463, 74, 96135819);
insert into customer (Cid, Reward_pts, CC_no) values (464, 0, 88925573);
insert into customer (Cid, Reward_pts, CC_no) values (465, 1, 83515542);
insert into customer (Cid, Reward_pts, CC_no) values (466, 0, 83373156);
insert into customer (Cid, Reward_pts, CC_no) values (467, 76, 78436624);
insert into customer (Cid, Reward_pts, CC_no) values (468, 22, 88799729);
insert into customer (Cid, Reward_pts, CC_no) values (469, 67, 62620652);
insert into customer (Cid, Reward_pts, CC_no) values (470, 21, 31341867);
insert into customer (Cid, Reward_pts, CC_no) values (471, 89, 57630274);
insert into customer (Cid, Reward_pts, CC_no) values (472, 58, 60000080);
insert into customer (Cid, Reward_pts, CC_no) values (473, 64, 25965923);
insert into customer (Cid, Reward_pts, CC_no) values (474, 43, 22433900);
insert into customer (Cid, Reward_pts, CC_no) values (475, 66, 47843801);
insert into customer (Cid, Reward_pts, CC_no) values (476, 59, 22387899);
insert into customer (Cid, Reward_pts, CC_no) values (477, 56, 75859078);
insert into customer (Cid, Reward_pts, CC_no) values (478, 40, 77671136);
insert into customer (Cid, Reward_pts, CC_no) values (479, 85, 84625282);
insert into customer (Cid, Reward_pts, CC_no) values (480, 20, 22665370);
insert into customer (Cid, Reward_pts, CC_no) values (481, 77, 61144438);
insert into customer (Cid, Reward_pts, CC_no) values (482, 65, 80671393);
insert into customer (Cid, Reward_pts, CC_no) values (483, 83, 66403086);
insert into customer (Cid, Reward_pts, CC_no) values (484, 72, 47481145);
insert into customer (Cid, Reward_pts, CC_no) values (485, 60, 48980036);
insert into customer (Cid, Reward_pts, CC_no) values (486, 3, 34144706);
insert into customer (Cid, Reward_pts, CC_no) values (487, 21, 92434047);
insert into customer (Cid, Reward_pts, CC_no) values (488, 32, 21811368);
insert into customer (Cid, Reward_pts, CC_no) values (489, 83, 40050273);
insert into customer (Cid, Reward_pts, CC_no) values (490, 33, 11410701);
insert into customer (Cid, Reward_pts, CC_no) values (491, 53, 95123841);
insert into customer (Cid, Reward_pts, CC_no) values (492, 45, 87484327);
insert into customer (Cid, Reward_pts, CC_no) values (493, 54, 22077849);
insert into customer (Cid, Reward_pts, CC_no) values (494, 52, 35176556);
insert into customer (Cid, Reward_pts, CC_no) values (495, 32, 15460714);
insert into customer (Cid, Reward_pts, CC_no) values (496, 42, 29805067);
insert into customer (Cid, Reward_pts, CC_no) values (497, 79, 83026825);
insert into customer (Cid, Reward_pts, CC_no) values (498, 30, 77391540);
insert into customer (Cid, Reward_pts, CC_no) values (499, 41, 28219245);
insert into customer (Cid, Reward_pts, CC_no) values (500, 59, 54115343);

insert into Promotions (promoId, descriptionPromo, discount, startDate, endDate) values (1, 'Toys', 58, '2009/06/27', '2018/03/10');
insert into Promotions (promoId, descriptionPromo, discount, startDate, endDate) values (2, 'Home', 20, '2000/12/24', '2004/02/27');
insert into Promotions (promoId, descriptionPromo, discount, startDate, endDate) values (3, 'Jewelery', 92, '2010/09/17', '2017/07/14');
insert into Promotions (promoId, descriptionPromo, discount, startDate, endDate) values (4, 'Automotive', 84, '2010/12/08', '2016/06/04');
insert into Promotions (promoId, descriptionPromo, discount, startDate, endDate) values (5, 'Tools', 56, '2014/09/03', '2014/09/04');
insert into Promotions (promoId, descriptionPromo, discount, startDate, endDate) values (6, 'Toys', 28, '2006/08/06', '2017/04/21');
insert into Promotions (promoId, descriptionPromo, discount, startDate, endDate) values (7, 'Health', 15, '2018/10/28', '2018/10/29');
insert into Promotions (promoId, descriptionPromo, discount, startDate, endDate) values (8, 'Garden', 93, '2010/07/31', '2010/08/01');
insert into Promotions (promoId, descriptionPromo, discount, startDate, endDate) values (9, 'Computers', 59, '2003/12/23', '2011/01/15');
insert into Promotions (promoId, descriptionPromo, discount, startDate, endDate) values (10, 'Automotive', 65, '2015/04/27', '2015/04/28');
insert into Promotions (promoId, descriptionPromo, discount, startDate, endDate) values (11, 'Music', 30, '2017/06/20', '2017/06/21');
insert into Promotions (promoId, descriptionPromo, discount, startDate, endDate) values (12, 'Automotive', 92, '2006/12/04', '2006/12/05');
insert into Promotions (promoId, descriptionPromo, discount, startDate, endDate) values (13, 'Health', 67, '2018/11/11', '2018/11/12');
insert into Promotions (promoId, descriptionPromo, discount, startDate, endDate) values (14, 'Grocery', 34, '2013/01/16', '2014/12/28');
insert into Promotions (promoId, descriptionPromo, discount, startDate, endDate) values (15, 'Books', 66, '2016/05/04', '2016/05/05');
insert into Promotions (promoId, descriptionPromo, discount, startDate, endDate) values (16, 'Outdoors', 76, '2016/08/12', '2019/04/14');
insert into Promotions (promoId, descriptionPromo, discount, startDate, endDate) values (17, 'Health', 24, '2011/03/29', '2017/08/24');
insert into Promotions (promoId, descriptionPromo, discount, startDate, endDate) values (18, 'Beauty', 36, '2018/01/09', '2018/01/10');
insert into Promotions (promoId, descriptionPromo, discount, startDate, endDate) values (19, 'Grocery', 31, '2013/06/03', '2013/06/04');
insert into Promotions (promoId, descriptionPromo, discount, startDate, endDate) values (20, 'Garden', 4, '2005/04/29', '2005/04/30');
insert into Promotions (promoId, descriptionPromo, discount, startDate, endDate) values (21, 'Baby', 25, '2012/01/17', '2012/01/18');
insert into Promotions (promoId, descriptionPromo, discount, startDate, endDate) values (22, 'Jewelery', 93, '2010/06/20', '2010/06/21');
insert into Promotions (promoId, descriptionPromo, discount, startDate, endDate) values (23, 'Automotive', 63, '2002/02/05', '2009/12/25');
insert into Promotions (promoId, descriptionPromo, discount, startDate, endDate) values (24, 'Jewelery', 41, '2008/12/31', '2009/01/01');
insert into Promotions (promoId, descriptionPromo, discount, startDate, endDate) values (25, 'Sports', 66, '2010/01/10', '2014/02/15');
insert into Promotions (promoId, descriptionPromo, discount, startDate, endDate) values (26, 'Electronics', 92, '2011/01/16', '2011/01/17');
insert into Promotions (promoId, descriptionPromo, discount, startDate, endDate) values (27, 'Home', 92, '2015/05/15', '2018/06/01');
insert into Promotions (promoId, descriptionPromo, discount, startDate, endDate) values (28, 'Music', 69, '2008/06/30', '2008/07/01');
insert into Promotions (promoId, descriptionPromo, discount, startDate, endDate) values (29, 'Electronics', 23, '2009/12/20', '2013/10/29');
insert into Promotions (promoId, descriptionPromo, discount, startDate, endDate) values (30, 'Jewelery', 44, '2014/12/11', '2014/12/12');

insert into Riders (riderId, ridername) values (1, 'Clio');
insert into Riders (riderId, ridername) values (2, 'Husein');
insert into Riders (riderId, ridername) values (3, 'Brok');
insert into Riders (riderId, ridername) values (4, 'Florentia');
insert into Riders (riderId, ridername) values (5, 'Iormina');
insert into Riders (riderId, ridername) values (6, 'Ariana');
insert into Riders (riderId, ridername) values (7, 'Sully');
insert into Riders (riderId, ridername) values (8, 'Giralda');
insert into Riders (riderId, ridername) values (9, 'Gayle');
insert into Riders (riderId, ridername) values (10, 'Cherianne');
insert into Riders (riderId, ridername) values (11, 'Claudetta');
insert into Riders (riderId, ridername) values (12, 'Mirabel');
insert into Riders (riderId, ridername) values (13, 'Charleen');
insert into Riders (riderId, ridername) values (14, 'Eldridge');
insert into Riders (riderId, ridername) values (15, 'Benedikt');
insert into Riders (riderId, ridername) values (16, 'Kayla');
insert into Riders (riderId, ridername) values (17, 'Sherwood');
insert into Riders (riderId, ridername) values (18, 'Adara');
insert into Riders (riderId, ridername) values (19, 'Nicol');
insert into Riders (riderId, ridername) values (20, 'Ami');
insert into Riders (riderId, ridername) values (21, 'Lewes');
insert into Riders (riderId, ridername) values (22, 'Dougy');
insert into Riders (riderId, ridername) values (23, 'Lynnea');
insert into Riders (riderId, ridername) values (24, 'Tracie');
insert into Riders (riderId, ridername) values (25, 'Austin');
insert into Riders (riderId, ridername) values (26, 'Gilberte');
insert into Riders (riderId, ridername) values (27, 'Amelita');
insert into Riders (riderId, ridername) values (28, 'Giuseppe');
insert into Riders (riderId, ridername) values (29, 'Alley');
insert into Riders (riderId, ridername) values (30, 'Teena');
insert into Riders (riderId, ridername) values (31, 'Jen');
insert into Riders (riderId, ridername) values (32, 'Franni');
insert into Riders (riderId, ridername) values (33, 'Lucie');
insert into Riders (riderId, ridername) values (34, 'Annora');
insert into Riders (riderId, ridername) values (35, 'Chanda');
insert into Riders (riderId, ridername) values (36, 'Pietrek');
insert into Riders (riderId, ridername) values (37, 'Lynna');
insert into Riders (riderId, ridername) values (38, 'Tracy');
insert into Riders (riderId, ridername) values (39, 'Reggis');
insert into Riders (riderId, ridername) values (40, 'Amby');
insert into Riders (riderId, ridername) values (41, 'Belvia');
insert into Riders (riderId, ridername) values (42, 'Eddy');
insert into Riders (riderId, ridername) values (43, 'Jabez');
insert into Riders (riderId, ridername) values (44, 'Dare');
insert into Riders (riderId, ridername) values (45, 'Vitoria');
insert into Riders (riderId, ridername) values (46, 'Delmar');
insert into Riders (riderId, ridername) values (47, 'Clovis');
insert into Riders (riderId, ridername) values (48, 'Alano');
insert into Riders (riderId, ridername) values (49, 'Hardy');
insert into Riders (riderId, ridername) values (50, 'Bobina');
insert into Riders (riderId, ridername) values (51, 'Jean');
insert into Riders (riderId, ridername) values (52, 'Cornell');
insert into Riders (riderId, ridername) values (53, 'Cleo');
insert into Riders (riderId, ridername) values (54, 'Goldi');
insert into Riders (riderId, ridername) values (55, 'Lorine');
insert into Riders (riderId, ridername) values (56, 'Gilligan');
insert into Riders (riderId, ridername) values (57, 'Lorelei');
insert into Riders (riderId, ridername) values (58, 'Dasha');
insert into Riders (riderId, ridername) values (59, 'Amery');
insert into Riders (riderId, ridername) values (60, 'Barnett');
insert into Riders (riderId, ridername) values (61, 'Marlowe');
insert into Riders (riderId, ridername) values (62, 'Randy');
insert into Riders (riderId, ridername) values (63, 'Werner');
insert into Riders (riderId, ridername) values (64, 'Lian');
insert into Riders (riderId, ridername) values (65, 'Bevvy');
insert into Riders (riderId, ridername) values (66, 'Zarah');
insert into Riders (riderId, ridername) values (67, 'Panchito');
insert into Riders (riderId, ridername) values (68, 'Vasily');
insert into Riders (riderId, ridername) values (69, 'Mal');
insert into Riders (riderId, ridername) values (70, 'Merrick');
insert into Riders (riderId, ridername) values (71, 'Aloisia');
insert into Riders (riderId, ridername) values (72, 'Gabe');
insert into Riders (riderId, ridername) values (73, 'Robbyn');
insert into Riders (riderId, ridername) values (74, 'Gina');
insert into Riders (riderId, ridername) values (75, 'Maritsa');
insert into Riders (riderId, ridername) values (76, 'Jo-ann');
insert into Riders (riderId, ridername) values (77, 'Wallace');
insert into Riders (riderId, ridername) values (78, 'Devina');
insert into Riders (riderId, ridername) values (79, 'Valaree');
insert into Riders (riderId, ridername) values (80, 'Alexandre');
insert into Riders (riderId, ridername) values (81, 'Omero');
insert into Riders (riderId, ridername) values (82, 'Kirsti');
insert into Riders (riderId, ridername) values (83, 'Ricki');
insert into Riders (riderId, ridername) values (84, 'Laryssa');
insert into Riders (riderId, ridername) values (85, 'Melinda');
insert into Riders (riderId, ridername) values (86, 'Kathye');
insert into Riders (riderId, ridername) values (87, 'Nealson');
insert into Riders (riderId, ridername) values (88, 'Ollie');
insert into Riders (riderId, ridername) values (89, 'Franzen');
insert into Riders (riderId, ridername) values (90, 'Burl');
insert into Riders (riderId, ridername) values (91, 'Maddie');
insert into Riders (riderId, ridername) values (92, 'Rebbecca');
insert into Riders (riderId, ridername) values (93, 'Avery');
insert into Riders (riderId, ridername) values (94, 'Gustavus');
insert into Riders (riderId, ridername) values (95, 'Vicki');
insert into Riders (riderId, ridername) values (96, 'Jordon');
insert into Riders (riderId, ridername) values (97, 'Rina');
insert into Riders (riderId, ridername) values (98, 'Cherianne');
insert into Riders (riderId, ridername) values (99, 'Rosanna');
insert into Riders (riderId, ridername) values (100, 'Gilburt');
insert into Riders (riderId, ridername) values (101, 'Cookie');
insert into Riders (riderId, ridername) values (102, 'Barron');
insert into Riders (riderId, ridername) values (103, 'Eugenius');
insert into Riders (riderId, ridername) values (104, 'Vidovic');
insert into Riders (riderId, ridername) values (105, 'Joan');
insert into Riders (riderId, ridername) values (106, 'Danita');
insert into Riders (riderId, ridername) values (107, 'Barbabas');
insert into Riders (riderId, ridername) values (108, 'Hadley');
insert into Riders (riderId, ridername) values (109, 'Gaven');
insert into Riders (riderId, ridername) values (110, 'Araldo');
insert into Riders (riderId, ridername) values (111, 'Lynn');
insert into Riders (riderId, ridername) values (112, 'Arnoldo');
insert into Riders (riderId, ridername) values (113, 'Ellette');
insert into Riders (riderId, ridername) values (114, 'Hugh');
insert into Riders (riderId, ridername) values (115, 'Colas');
insert into Riders (riderId, ridername) values (116, 'Lucine');
insert into Riders (riderId, ridername) values (117, 'Ann-marie');
insert into Riders (riderId, ridername) values (118, 'Aliza');
insert into Riders (riderId, ridername) values (119, 'Titus');
insert into Riders (riderId, ridername) values (120, 'Reggie');
insert into Riders (riderId, ridername) values (121, 'Nahum');
insert into Riders (riderId, ridername) values (122, 'Rolf');
insert into Riders (riderId, ridername) values (123, 'Kelsey');
insert into Riders (riderId, ridername) values (124, 'Findley');
insert into Riders (riderId, ridername) values (125, 'Fleurette');
insert into Riders (riderId, ridername) values (126, 'Erika');
insert into Riders (riderId, ridername) values (127, 'Pavia');
insert into Riders (riderId, ridername) values (128, 'Marcela');
insert into Riders (riderId, ridername) values (129, 'Dulcinea');
insert into Riders (riderId, ridername) values (130, 'Philis');
insert into Riders (riderId, ridername) values (131, 'Neron');
insert into Riders (riderId, ridername) values (132, 'Jim');
insert into Riders (riderId, ridername) values (133, 'Antonio');
insert into Riders (riderId, ridername) values (134, 'Natasha');
insert into Riders (riderId, ridername) values (135, 'Hildy');
insert into Riders (riderId, ridername) values (136, 'Saul');
insert into Riders (riderId, ridername) values (137, 'Andros');
insert into Riders (riderId, ridername) values (138, 'Pauly');
insert into Riders (riderId, ridername) values (139, 'Regen');
insert into Riders (riderId, ridername) values (140, 'Toby');
insert into Riders (riderId, ridername) values (141, 'Orren');
insert into Riders (riderId, ridername) values (142, 'Pierre');
insert into Riders (riderId, ridername) values (143, 'Grier');
insert into Riders (riderId, ridername) values (144, 'Hillary');
insert into Riders (riderId, ridername) values (145, 'Rhys');
insert into Riders (riderId, ridername) values (146, 'Peg');
insert into Riders (riderId, ridername) values (147, 'Trisha');
insert into Riders (riderId, ridername) values (148, 'Edouard');
insert into Riders (riderId, ridername) values (149, 'Kerr');
insert into Riders (riderId, ridername) values (150, 'Gale');
insert into Riders (riderId, ridername) values (151, 'Feodora');
insert into Riders (riderId, ridername) values (152, 'Manya');
insert into Riders (riderId, ridername) values (153, 'Lowe');
insert into Riders (riderId, ridername) values (154, 'Byrle');
insert into Riders (riderId, ridername) values (155, 'Olympe');
insert into Riders (riderId, ridername) values (156, 'Albert');
insert into Riders (riderId, ridername) values (157, 'Leslie');
insert into Riders (riderId, ridername) values (158, 'Malvina');
insert into Riders (riderId, ridername) values (159, 'Lizette');
insert into Riders (riderId, ridername) values (160, 'Willi');
insert into Riders (riderId, ridername) values (161, 'Mamie');
insert into Riders (riderId, ridername) values (162, 'Salomon');
insert into Riders (riderId, ridername) values (163, 'Dewey');
insert into Riders (riderId, ridername) values (164, 'Janine');
insert into Riders (riderId, ridername) values (165, 'Kin');
insert into Riders (riderId, ridername) values (166, 'Tobie');
insert into Riders (riderId, ridername) values (167, 'Jaye');
insert into Riders (riderId, ridername) values (168, 'Bride');
insert into Riders (riderId, ridername) values (169, 'Toiboid');
insert into Riders (riderId, ridername) values (170, 'Averil');
insert into Riders (riderId, ridername) values (171, 'Carmina');
insert into Riders (riderId, ridername) values (172, 'Sherri');
insert into Riders (riderId, ridername) values (173, 'Beckie');
insert into Riders (riderId, ridername) values (174, 'Hanson');
insert into Riders (riderId, ridername) values (175, 'Christean');
insert into Riders (riderId, ridername) values (176, 'Agathe');
insert into Riders (riderId, ridername) values (177, 'Elisa');
insert into Riders (riderId, ridername) values (178, 'Deloris');
insert into Riders (riderId, ridername) values (179, 'Puff');
insert into Riders (riderId, ridername) values (180, 'Germain');
insert into Riders (riderId, ridername) values (181, 'Frank');
insert into Riders (riderId, ridername) values (182, 'Gunar');
insert into Riders (riderId, ridername) values (183, 'Fanechka');
insert into Riders (riderId, ridername) values (184, 'Cari');
insert into Riders (riderId, ridername) values (185, 'Morten');
insert into Riders (riderId, ridername) values (186, 'Dennet');
insert into Riders (riderId, ridername) values (187, 'Dionisio');
insert into Riders (riderId, ridername) values (188, 'Burr');
insert into Riders (riderId, ridername) values (189, 'Mirabella');
insert into Riders (riderId, ridername) values (190, 'Klarika');
insert into Riders (riderId, ridername) values (191, 'Tiffanie');
insert into Riders (riderId, ridername) values (192, 'Hastie');
insert into Riders (riderId, ridername) values (193, 'Haydon');
insert into Riders (riderId, ridername) values (194, 'Emalia');
insert into Riders (riderId, ridername) values (195, 'Marrilee');
insert into Riders (riderId, ridername) values (196, 'Donnamarie');
insert into Riders (riderId, ridername) values (197, 'Blanch');
insert into Riders (riderId, ridername) values (198, 'Derk');
insert into Riders (riderId, ridername) values (199, 'Olenka');
insert into Riders (riderId, ridername) values (200, 'Julita');
insert into Riders (riderId, ridername) values (201, 'Rosabelle');
insert into Riders (riderId, ridername) values (202, 'Estelle');
insert into Riders (riderId, ridername) values (203, 'Grantley');
insert into Riders (riderId, ridername) values (204, 'Dena');
insert into Riders (riderId, ridername) values (205, 'Lorilee');
insert into Riders (riderId, ridername) values (206, 'Panchito');
insert into Riders (riderId, ridername) values (207, 'Sybyl');
insert into Riders (riderId, ridername) values (208, 'Ogdon');
insert into Riders (riderId, ridername) values (209, 'Paquito');
insert into Riders (riderId, ridername) values (210, 'Kippy');
insert into Riders (riderId, ridername) values (211, 'Margaret');
insert into Riders (riderId, ridername) values (212, 'Georgena');
insert into Riders (riderId, ridername) values (213, 'Amata');
insert into Riders (riderId, ridername) values (214, 'Ebenezer');
insert into Riders (riderId, ridername) values (215, 'Clint');
insert into Riders (riderId, ridername) values (216, 'Colman');
insert into Riders (riderId, ridername) values (217, 'Maggy');
insert into Riders (riderId, ridername) values (218, 'Cyrus');
insert into Riders (riderId, ridername) values (219, 'Marcello');
insert into Riders (riderId, ridername) values (220, 'Lamont');
insert into Riders (riderId, ridername) values (221, 'Kaylyn');
insert into Riders (riderId, ridername) values (222, 'Johan');
insert into Riders (riderId, ridername) values (223, 'Elmore');
insert into Riders (riderId, ridername) values (224, 'Alden');
insert into Riders (riderId, ridername) values (225, 'Billi');
insert into Riders (riderId, ridername) values (226, 'Kris');
insert into Riders (riderId, ridername) values (227, 'Babb');
insert into Riders (riderId, ridername) values (228, 'Rosabella');
insert into Riders (riderId, ridername) values (229, 'Linc');
insert into Riders (riderId, ridername) values (230, 'Rafi');
insert into Riders (riderId, ridername) values (231, 'Patin');
insert into Riders (riderId, ridername) values (232, 'Jessica');
insert into Riders (riderId, ridername) values (233, 'Janith');
insert into Riders (riderId, ridername) values (234, 'Dory');
insert into Riders (riderId, ridername) values (235, 'Conroy');
insert into Riders (riderId, ridername) values (236, 'Oswald');
insert into Riders (riderId, ridername) values (237, 'Vivian');
insert into Riders (riderId, ridername) values (238, 'Kippy');
insert into Riders (riderId, ridername) values (239, 'Dannie');
insert into Riders (riderId, ridername) values (240, 'Haley');
insert into Riders (riderId, ridername) values (241, 'Christoph');
insert into Riders (riderId, ridername) values (242, 'Mavis');
insert into Riders (riderId, ridername) values (243, 'Hoyt');
insert into Riders (riderId, ridername) values (244, 'Malchy');
insert into Riders (riderId, ridername) values (245, 'Layton');
insert into Riders (riderId, ridername) values (246, 'Minna');
insert into Riders (riderId, ridername) values (247, 'Thain');
insert into Riders (riderId, ridername) values (248, 'Francesca');
insert into Riders (riderId, ridername) values (249, 'Shela');
insert into Riders (riderId, ridername) values (250, 'Martino');
insert into Riders (riderId, ridername) values (251, 'Idell');
insert into Riders (riderId, ridername) values (252, 'Mickie');
insert into Riders (riderId, ridername) values (253, 'Carlie');
insert into Riders (riderId, ridername) values (254, 'Fair');
insert into Riders (riderId, ridername) values (255, 'Ernest');
insert into Riders (riderId, ridername) values (256, 'Burg');
insert into Riders (riderId, ridername) values (257, 'Nadiya');
insert into Riders (riderId, ridername) values (258, 'Ninette');
insert into Riders (riderId, ridername) values (259, 'Earl');
insert into Riders (riderId, ridername) values (260, 'Emyle');
insert into Riders (riderId, ridername) values (261, 'Simone');
insert into Riders (riderId, ridername) values (262, 'Damara');
insert into Riders (riderId, ridername) values (263, 'Lenore');
insert into Riders (riderId, ridername) values (264, 'Agnola');
insert into Riders (riderId, ridername) values (265, 'Anabelle');
insert into Riders (riderId, ridername) values (266, 'Elvyn');
insert into Riders (riderId, ridername) values (267, 'Lauralee');
insert into Riders (riderId, ridername) values (268, 'Lucias');
insert into Riders (riderId, ridername) values (269, 'Sonny');
insert into Riders (riderId, ridername) values (270, 'Faulkner');
insert into Riders (riderId, ridername) values (271, 'Margarita');
insert into Riders (riderId, ridername) values (272, 'Hillary');
insert into Riders (riderId, ridername) values (273, 'Natale');
insert into Riders (riderId, ridername) values (274, 'Stafani');
insert into Riders (riderId, ridername) values (275, 'Scotty');
insert into Riders (riderId, ridername) values (276, 'Smitty');
insert into Riders (riderId, ridername) values (277, 'Franz');
insert into Riders (riderId, ridername) values (278, 'Siouxie');
insert into Riders (riderId, ridername) values (279, 'Lem');
insert into Riders (riderId, ridername) values (280, 'Neil');
insert into Riders (riderId, ridername) values (281, 'Jeri');
insert into Riders (riderId, ridername) values (282, 'Eryn');
insert into Riders (riderId, ridername) values (283, 'Henri');
insert into Riders (riderId, ridername) values (284, 'Harlene');
insert into Riders (riderId, ridername) values (285, 'Dunstan');
insert into Riders (riderId, ridername) values (286, 'Robina');
insert into Riders (riderId, ridername) values (287, 'Amii');
insert into Riders (riderId, ridername) values (288, 'Kylie');
insert into Riders (riderId, ridername) values (289, 'Geri');
insert into Riders (riderId, ridername) values (290, 'Diann');
insert into Riders (riderId, ridername) values (291, 'Onida');
insert into Riders (riderId, ridername) values (292, 'Tedman');
insert into Riders (riderId, ridername) values (293, 'Ardys');
insert into Riders (riderId, ridername) values (294, 'Cece');
insert into Riders (riderId, ridername) values (295, 'Ralina');
insert into Riders (riderId, ridername) values (296, 'Lyndsay');
insert into Riders (riderId, ridername) values (297, 'Vito');
insert into Riders (riderId, ridername) values (298, 'Garald');
insert into Riders (riderId, ridername) values (299, 'Olympie');
insert into Riders (riderId, ridername) values (300, 'Fabien');

insert into ShiftDay (ShiftDayId, StartDay, EndDay) values (1,'Monday', 'Friday');
insert into ShiftDay (ShiftDayId, StartDay, EndDay) values (2,'Tuesday', 'Saturday');
insert into ShiftDay (ShiftDayId, StartDay, EndDay) values (3,'Wednesday', 'Sunday');
insert into ShiftDay (ShiftDayId, StartDay, EndDay) values (4,'Thursday', 'Monday');
insert into ShiftDay (ShiftDayId, StartDay, EndDay) values (5,'Friday', 'Tuesday');
insert into ShiftDay (ShiftDayId, StartDay, EndDay) values (6,'Saturday', 'Wednesday');
insert into ShiftDay (ShiftDayId, StartDay, EndDay) values (7,'Sunday', 'Thursday');

insert into ShiftHour (ShiftHourId, FirstHalfStart, SecondHalfStart) values (1, 10, 3);
insert into ShiftHour (ShiftHourId, FirstHalfStart, SecondHalfStart) values (2, 11, 4);
insert into ShiftHour (ShiftHourId, FirstHalfStart, SecondHalfStart) values (3, 12, 5);
insert into ShiftHour (ShiftHourId, FirstHalfStart, SecondHalfStart) values (4, 1, 6);

insert into MWS (MWSId) values (1);
insert into MWS (MWSId) values (2);
insert into MWS (MWSId) values (3);
insert into MWS (MWSId) values (4);
insert into MWS (MWSId) values (5);
insert into MWS (MWSId) values (6);
insert into MWS (MWSId) values (7);
insert into MWS (MWSId) values (8);
insert into MWS (MWSId) values (9);
insert into MWS (MWSId) values (10);
insert into MWS (MWSId) values (11);
insert into MWS (MWSId) values (12);
insert into MWS (MWSId) values (13);
insert into MWS (MWSId) values (14);
insert into MWS (MWSId) values (15);


insert into Sessions (Sessionsid, TotalHours, EndInterval, StartInterval) values (1, 1, null, 10);
insert into Sessions (Sessionsid, TotalHours, EndInterval, StartInterval) values (2, 2, null, 17);
insert into Sessions (Sessionsid, TotalHours, EndInterval, StartInterval) values (3, 4, null, 18);
insert into Sessions (Sessionsid, TotalHours, EndInterval, StartInterval) values (4, 2, null, 15);
insert into Sessions (Sessionsid, TotalHours, EndInterval, StartInterval) values (5, 4, null, 18);
insert into Sessions (Sessionsid, TotalHours, EndInterval, StartInterval) values (6, 2, null, 11);
insert into Sessions (Sessionsid, TotalHours, EndInterval, StartInterval) values (7, 2, null, 20);
insert into Sessions (Sessionsid, TotalHours, EndInterval, StartInterval) values (8, 2, null, 16);
insert into Sessions (Sessionsid, TotalHours, EndInterval, StartInterval) values (9, 3, null, 13);
insert into Sessions (Sessionsid, TotalHours, EndInterval, StartInterval) values (10, 3, null, 15);
insert into Sessions (Sessionsid, TotalHours, EndInterval, StartInterval) values (11, 4, null, 18);
insert into Sessions (Sessionsid, TotalHours, EndInterval, StartInterval) values (12, 1, null, 17);
insert into Sessions (Sessionsid, TotalHours, EndInterval, StartInterval) values (13, 4, null, 17);
insert into Sessions (Sessionsid, TotalHours, EndInterval, StartInterval) values (14, 4, null, 15);
insert into Sessions (Sessionsid, TotalHours, EndInterval, StartInterval) values (15, 1, null, 17);
insert into Sessions (Sessionsid, TotalHours, EndInterval, StartInterval) values (16, 4, null, 14);
insert into Sessions (Sessionsid, TotalHours, EndInterval, StartInterval) values (17, 3, null, 11);
insert into Sessions (Sessionsid, TotalHours, EndInterval, StartInterval) values (18, 1, null, 11);
insert into Sessions (Sessionsid, TotalHours, EndInterval, StartInterval) values (19, 2, null, 17);
insert into Sessions (Sessionsid, TotalHours, EndInterval, StartInterval) values (20, 2, null, 17);
insert into Sessions (Sessionsid, TotalHours, EndInterval, StartInterval) values (21, 2, null, 12);
insert into Sessions (Sessionsid, TotalHours, EndInterval, StartInterval) values (22, 1, null, 19);
insert into Sessions (Sessionsid, TotalHours, EndInterval, StartInterval) values (23, 2, null, 16);
insert into Sessions (Sessionsid, TotalHours, EndInterval, StartInterval) values (24, 1, null, 18);
insert into Sessions (Sessionsid, TotalHours, EndInterval, StartInterval) values (25, 3, null, 11);
insert into Sessions (Sessionsid, TotalHours, EndInterval, StartInterval) values (26, 2, null, 13);
insert into Sessions (Sessionsid, TotalHours, EndInterval, StartInterval) values (27, 4, null, 16);
insert into Sessions (Sessionsid, TotalHours, EndInterval, StartInterval) values (28, 2, null, 18);
insert into Sessions (Sessionsid, TotalHours, EndInterval, StartInterval) values (29, 2, null, 17);
insert into Sessions (Sessionsid, TotalHours, EndInterval, StartInterval) values (30, 1, null, 19);
insert into Sessions (Sessionsid, TotalHours, EndInterval, StartInterval) values (31, 2, null, 15);
insert into Sessions (Sessionsid, TotalHours, EndInterval, StartInterval) values (32, 3, null, 15);
insert into Sessions (Sessionsid, TotalHours, EndInterval, StartInterval) values (33, 2, null, 20);
insert into Sessions (Sessionsid, TotalHours, EndInterval, StartInterval) values (34, 3, null, 16);
insert into Sessions (Sessionsid, TotalHours, EndInterval, StartInterval) values (35, 1, null, 20);
insert into Sessions (Sessionsid, TotalHours, EndInterval, StartInterval) values (36, 3, null, 13);
insert into Sessions (Sessionsid, TotalHours, EndInterval, StartInterval) values (37, 2, null, 19);
insert into Sessions (Sessionsid, TotalHours, EndInterval, StartInterval) values (38, 3, null, 19);

update sessions 
set endinterval = startinterval + totalhours;


insert into WWS (WWSid, DayOfWeek) values (1, 6);
insert into WWS (WWSid, DayOfWeek) values (2, 5);
insert into WWS (WWSid, DayOfWeek) values (3, 1);
insert into WWS (WWSid, DayOfWeek) values (4, 4);
insert into WWS (WWSid, DayOfWeek) values (5, 5);
insert into WWS (WWSid, DayOfWeek) values (6, 6);
insert into WWS (WWSid, DayOfWeek) values (7, 4);
insert into WWS (WWSid, DayOfWeek) values (8, 5);
insert into WWS (WWSid, DayOfWeek) values (9, 6);
insert into WWS (WWSid, DayOfWeek) values (10, 6);
insert into WWS (WWSid, DayOfWeek) values (11, 4);
insert into WWS (WWSid, DayOfWeek) values (12, 5);
insert into WWS (WWSid, DayOfWeek) values (13, 1);
insert into WWS (WWSid, DayOfWeek) values (14, 4);
insert into WWS (WWSid, DayOfWeek) values (15, 5);
insert into WWS (WWSid, DayOfWeek) values (16, 5);
insert into WWS (WWSid, DayOfWeek) values (17, 1);
insert into WWS (WWSid, DayOfWeek) values (18, 3);
insert into WWS (WWSid, DayOfWeek) values (19, 5);
insert into WWS (WWSid, DayOfWeek) values (20, 6);
insert into WWS (WWSid, DayOfWeek) values (21, 3);
insert into WWS (WWSid, DayOfWeek) values (22, 3);
insert into WWS (WWSid, DayOfWeek) values (23, 1);
insert into WWS (WWSid, DayOfWeek) values (24, 2);
insert into WWS (WWSid, DayOfWeek) values (25, 4);
insert into WWS (WWSid, DayOfWeek) values (26, 5);
insert into WWS (WWSid, DayOfWeek) values (27, 1);
insert into WWS (WWSid, DayOfWeek) values (28, 3);
insert into WWS (WWSid, DayOfWeek) values (29, 4);
insert into WWS (WWSid, DayOfWeek) values (30, 6);
insert into WWS (WWSid, DayOfWeek) values (31, 1);
insert into WWS (WWSid, DayOfWeek) values (32, 1);
insert into WWS (WWSid, DayOfWeek) values (33, 1);
insert into WWS (WWSid, DayOfWeek) values (34, 4);
insert into WWS (WWSid, DayOfWeek) values (35, 1);
insert into WWS (WWSid, DayOfWeek) values (36, 5);
insert into WWS (WWSid, DayOfWeek) values (37, 3);
insert into WWS (WWSid, DayOfWeek) values (38, 4);
insert into WWS (WWSid, DayOfWeek) values (39, 1);
insert into WWS (WWSid, DayOfWeek) values (40, 6);
insert into WWS (WWSid, DayOfWeek) values (41, 5);
insert into WWS (WWSid, DayOfWeek) values (42, 3);
insert into WWS (WWSid, DayOfWeek) values (43, 7);
insert into WWS (WWSid, DayOfWeek) values (44, 5);
insert into WWS (WWSid, DayOfWeek) values (45, 1);
insert into WWS (WWSid, DayOfWeek) values (46, 7);
insert into WWS (WWSid, DayOfWeek) values (47, 5);
insert into WWS (WWSid, DayOfWeek) values (48, 5);
insert into WWS (WWSid, DayOfWeek) values (49, 4);
insert into WWS (WWSid, DayOfWeek) values (50, 1);
insert into WWS (WWSid, DayOfWeek) values (51, 5);
insert into WWS (WWSid, DayOfWeek) values (52, 5);
insert into WWS (WWSid, DayOfWeek) values (53, 3);
insert into WWS (WWSid, DayOfWeek) values (54, 4);
insert into WWS (WWSid, DayOfWeek) values (55, 7);
insert into WWS (WWSid, DayOfWeek) values (56, 6);
insert into WWS (WWSid, DayOfWeek) values (57, 7);
insert into WWS (WWSid, DayOfWeek) values (58, 6);
insert into WWS (WWSid, DayOfWeek) values (59, 5);
insert into WWS (WWSid, DayOfWeek) values (60, 7);
insert into WWS (WWSid, DayOfWeek) values (61, 2);
insert into WWS (WWSid, DayOfWeek) values (62, 2);
insert into WWS (WWSid, DayOfWeek) values (63, 2);
insert into WWS (WWSid, DayOfWeek) values (64, 6);
insert into WWS (WWSid, DayOfWeek) values (65, 7);
insert into WWS (WWSid, DayOfWeek) values (66, 6);
insert into WWS (WWSid, DayOfWeek) values (67, 3);
insert into WWS (WWSid, DayOfWeek) values (68, 6);
insert into WWS (WWSid, DayOfWeek) values (69, 4);
insert into WWS (WWSid, DayOfWeek) values (70, 2);
insert into WWS (WWSid, DayOfWeek) values (71, 6);
insert into WWS (WWSid, DayOfWeek) values (72, 4);
insert into WWS (WWSid, DayOfWeek) values (73, 5);
insert into WWS (WWSid, DayOfWeek) values (74, 5);
insert into WWS (WWSid, DayOfWeek) values (75, 3);
insert into WWS (WWSid, DayOfWeek) values (76, 7);
insert into WWS (WWSid, DayOfWeek) values (77, 2);
insert into WWS (WWSid, DayOfWeek) values (78, 4);
insert into WWS (WWSid, DayOfWeek) values (79, 7);
insert into WWS (WWSid, DayOfWeek) values (80, 7);
insert into WWS (WWSid, DayOfWeek) values (81, 2);
insert into WWS (WWSid, DayOfWeek) values (82, 1);
insert into WWS (WWSid, DayOfWeek) values (83, 4);
insert into WWS (WWSid, DayOfWeek) values (84, 2);
insert into WWS (WWSid, DayOfWeek) values (85, 2);
insert into WWS (WWSid, DayOfWeek) values (86, 5);
insert into WWS (WWSid, DayOfWeek) values (87, 3);
insert into WWS (WWSid, DayOfWeek) values (88, 4);
insert into WWS (WWSid, DayOfWeek) values (89, 2);
insert into WWS (WWSid, DayOfWeek) values (90, 3);
insert into WWS (WWSid, DayOfWeek) values (91, 5);
insert into WWS (WWSid, DayOfWeek) values (92, 3);
insert into WWS (WWSid, DayOfWeek) values (93, 3);
insert into WWS (WWSid, DayOfWeek) values (94, 3);
insert into WWS (WWSid, DayOfWeek) values (95, 4);
insert into WWS (WWSid, DayOfWeek) values (96, 1);
insert into WWS (WWSid, DayOfWeek) values (97, 6);
insert into WWS (WWSid, DayOfWeek) values (98, 1);
insert into WWS (WWSid, DayOfWeek) values (99, 6);
insert into WWS (WWSid, DayOfWeek) values (100, 2);

insert into Delivers (did, deliveryfee, customerplaceorder, ridergotorest, rideratrest, riderleftrest, riderdeliverorder, riderid, rating) values (1, 12.29, '2019-09-16 11:31:40', '2019-10-29 04:53:24', '2019-11-03 21:48:48', '2019-07-15 16:51:44', '2019-07-28 09:36:23', 256, 3);
insert into Delivers (did, deliveryfee, customerplaceorder, ridergotorest, rideratrest, riderleftrest, riderdeliverorder, riderid, rating) values (2, 52.66, '2020-02-18 02:52:19', '2019-12-24 08:41:05', '2020-01-31 05:02:22', '2019-05-05 03:34:05', '2019-09-26 12:59:06', 55, 5);
insert into Delivers (did, deliveryfee, customerplaceorder, ridergotorest, rideratrest, riderleftrest, riderdeliverorder, riderid, rating) values (3, 55.86, '2020-02-16 05:54:02', '2020-03-14 09:57:49', '2019-11-10 16:25:56', '2019-06-01 06:58:14', '2019-07-21 04:43:46', 60, 0);
insert into Delivers (did, deliveryfee, customerplaceorder, ridergotorest, rideratrest, riderleftrest, riderdeliverorder, riderid, rating) values (4, 90.58, '2020-03-02 08:16:09', '2019-07-06 11:06:15', '2020-02-28 21:29:08', '2019-10-04 15:13:24', '2020-01-04 16:10:25', 146, 10);
insert into Delivers (did, deliveryfee, customerplaceorder, ridergotorest, rideratrest, riderleftrest, riderdeliverorder, riderid, rating) values (5, 41.09, '2019-10-17 01:29:48', '2019-06-07 13:50:28', '2019-09-28 11:04:36', '2020-01-30 08:33:58', '2020-03-23 14:58:11', 122, 1);
insert into Delivers (did, deliveryfee, customerplaceorder, ridergotorest, rideratrest, riderleftrest, riderdeliverorder, riderid, rating) values (6, 12.91, '2019-07-03 21:48:52', '2019-12-17 22:29:19', '2019-06-21 07:40:38', '2019-05-26 17:56:39', '2019-09-03 15:11:58', 230, 3);
insert into Delivers (did, deliveryfee, customerplaceorder, ridergotorest, rideratrest, riderleftrest, riderdeliverorder, riderid, rating) values (7, 98.05, '2019-04-02 21:23:13', '2019-06-08 06:51:56', '2019-08-03 19:57:30', '2019-11-26 20:04:03', '2019-04-10 11:02:27', 202, 5);
insert into Delivers (did, deliveryfee, customerplaceorder, ridergotorest, rideratrest, riderleftrest, riderdeliverorder, riderid, rating) values (8, 87.9, '2019-05-08 21:55:59', '2020-02-24 06:48:54', '2019-07-31 02:50:28', '2019-09-20 05:30:04', '2020-03-20 17:46:29', 155, 6);
insert into Delivers (did, deliveryfee, customerplaceorder, ridergotorest, rideratrest, riderleftrest, riderdeliverorder, riderid, rating) values (9, 50.24, '2019-12-27 12:06:18', '2019-05-14 22:22:50', '2019-04-05 16:28:03', '2019-07-01 18:26:41', '2019-07-29 01:07:50', 43, 0);
insert into Delivers (did, deliveryfee, customerplaceorder, ridergotorest, rideratrest, riderleftrest, riderdeliverorder, riderid, rating) values (10, 51.2, '2020-03-27 23:46:08', '2019-06-08 11:06:48', '2019-07-05 09:19:01', '2019-09-17 03:55:35', '2019-12-31 22:29:28', 257, 6);
insert into Delivers (did, deliveryfee, customerplaceorder, ridergotorest, rideratrest, riderleftrest, riderdeliverorder, riderid, rating) values (11, 42.96, '2019-08-25 19:55:20', '2019-07-25 15:26:48', '2019-09-12 07:52:30', '2020-01-29 09:59:04', '2019-08-01 05:14:58', 218, 4);
insert into Delivers (did, deliveryfee, customerplaceorder, ridergotorest, rideratrest, riderleftrest, riderdeliverorder, riderid, rating) values (12, 23.5, '2019-08-26 10:35:06', '2019-09-10 14:25:18', '2019-09-21 13:06:22', '2020-03-14 23:03:57', '2019-10-07 07:14:50', 179, 3);
insert into Delivers (did, deliveryfee, customerplaceorder, ridergotorest, rideratrest, riderleftrest, riderdeliverorder, riderid, rating) values (13, 5.53, '2020-03-27 13:37:19', '2020-01-05 16:36:38', '2019-06-22 02:45:51', '2019-08-28 19:21:25', '2020-02-25 00:23:50', 252, 8);
insert into Delivers (did, deliveryfee, customerplaceorder, ridergotorest, rideratrest, riderleftrest, riderdeliverorder, riderid, rating) values (14, 50.24, '2019-10-27 13:00:13', '2019-09-19 13:35:57', '2019-10-20 21:05:24', '2019-09-06 17:54:31', '2019-07-18 13:15:12', 163, 6);
insert into Delivers (did, deliveryfee, customerplaceorder, ridergotorest, rideratrest, riderleftrest, riderdeliverorder, riderid, rating) values (15, 73.97, '2020-02-26 23:11:08', '2020-02-28 09:59:46', '2020-02-02 16:23:28', '2019-06-19 08:32:34', '2019-10-12 14:48:48', 57, 0);
insert into Delivers (did, deliveryfee, customerplaceorder, ridergotorest, rideratrest, riderleftrest, riderdeliverorder, riderid, rating) values (16, 8.01, '2019-12-07 03:53:50', '2020-03-13 16:42:55', '2020-01-17 01:21:36', '2019-04-12 10:03:04', '2019-10-28 15:39:32', 294, 4);
insert into Delivers (did, deliveryfee, customerplaceorder, ridergotorest, rideratrest, riderleftrest, riderdeliverorder, riderid, rating) values (17, 89.03, '2019-08-07 17:04:00', '2019-11-08 17:05:29', '2020-02-24 03:26:14', '2019-07-05 01:54:21', '2019-11-11 08:07:11', 128, 7);
insert into Delivers (did, deliveryfee, customerplaceorder, ridergotorest, rideratrest, riderleftrest, riderdeliverorder, riderid, rating) values (18, 4.22, '2019-12-08 06:35:14', '2019-05-16 02:22:56', '2019-05-15 00:25:05', '2020-02-22 10:40:23', '2019-04-22 04:10:00', 63, 5);
insert into Delivers (did, deliveryfee, customerplaceorder, ridergotorest, rideratrest, riderleftrest, riderdeliverorder, riderid, rating) values (19, 97.56, '2019-06-10 02:52:40', '2019-06-04 17:01:48', '2019-11-11 06:57:59', '2019-06-07 15:02:23', '2019-04-04 13:10:41', 113, 0);
insert into Delivers (did, deliveryfee, customerplaceorder, ridergotorest, rideratrest, riderleftrest, riderdeliverorder, riderid, rating) values (20, 46.22, '2020-03-05 15:25:01', '2019-11-20 04:02:15', '2019-08-28 15:51:25', '2020-01-30 22:27:33', '2019-08-15 22:34:29', 181, 8);
insert into Delivers (did, deliveryfee, customerplaceorder, ridergotorest, rideratrest, riderleftrest, riderdeliverorder, riderid, rating) values (21, 26.59, '2020-03-02 05:41:40', '2019-06-04 07:20:28', '2020-02-23 14:08:34', '2020-03-18 22:16:21', '2020-01-06 06:13:57', 91, 4);
insert into Delivers (did, deliveryfee, customerplaceorder, ridergotorest, rideratrest, riderleftrest, riderdeliverorder, riderid, rating) values (22, 61.68, '2019-09-16 07:42:05', '2019-08-24 16:57:52', '2020-01-26 14:36:47', '2019-07-11 21:59:58', '2019-04-07 03:28:59', 292, 7);
insert into Delivers (did, deliveryfee, customerplaceorder, ridergotorest, rideratrest, riderleftrest, riderdeliverorder, riderid, rating) values (23, 88.62, '2019-06-29 03:17:30', '2019-04-15 09:55:39', '2019-05-21 12:12:17', '2020-03-27 02:56:29', '2019-06-08 17:52:30', 211, 1);
insert into Delivers (did, deliveryfee, customerplaceorder, ridergotorest, rideratrest, riderleftrest, riderdeliverorder, riderid, rating) values (24, 52.21, '2019-11-06 16:53:26', '2019-08-30 03:19:42', '2019-04-03 16:46:24', '2019-05-27 17:01:17', '2019-10-10 15:07:15', 223, 3);
insert into Delivers (did, deliveryfee, customerplaceorder, ridergotorest, rideratrest, riderleftrest, riderdeliverorder, riderid, rating) values (25, 20.94, '2020-03-06 05:28:09', '2019-07-07 03:51:54', '2019-09-18 13:00:39', '2019-09-13 20:06:20', '2019-10-31 18:48:50', 84, 9);
insert into Delivers (did, deliveryfee, customerplaceorder, ridergotorest, rideratrest, riderleftrest, riderdeliverorder, riderid, rating) values (26, 54.11, '2019-07-05 07:52:56', '2019-05-27 06:30:25', '2020-02-28 11:32:31', '2019-09-12 20:04:32', '2019-07-20 17:12:23', 77, 9);
insert into Delivers (did, deliveryfee, customerplaceorder, ridergotorest, rideratrest, riderleftrest, riderdeliverorder, riderid, rating) values (27, 97.57, '2020-02-13 08:35:09', '2020-01-08 14:48:06', '2020-01-12 16:37:46', '2019-08-21 13:25:50', '2019-10-30 01:40:49', 291, 6);
insert into Delivers (did, deliveryfee, customerplaceorder, ridergotorest, rideratrest, riderleftrest, riderdeliverorder, riderid, rating) values (28, 67.48, '2019-10-22 00:36:42', '2019-09-10 02:44:10', '2019-08-19 16:40:18', '2019-08-08 01:36:47', '2020-02-11 17:39:07', 181, 4);
insert into Delivers (did, deliveryfee, customerplaceorder, ridergotorest, rideratrest, riderleftrest, riderdeliverorder, riderid, rating) values (29, 65.12, '2019-07-28 09:14:45', '2019-09-03 22:25:58', '2019-07-13 22:17:01', '2019-12-06 07:44:34', '2019-04-07 00:04:24', 98, 5);
insert into Delivers (did, deliveryfee, customerplaceorder, ridergotorest, rideratrest, riderleftrest, riderdeliverorder, riderid, rating) values (30, 71.9, '2020-03-11 08:53:29', '2020-01-05 00:05:46', '2019-11-25 17:52:08', '2019-10-02 21:11:49', '2019-11-04 07:13:31', 125, 3);
insert into Delivers (did, deliveryfee, customerplaceorder, ridergotorest, rideratrest, riderleftrest, riderdeliverorder, riderid, rating) values (31, 15.71, '2019-08-16 05:40:50', '2019-11-05 22:24:48', '2020-03-06 20:43:27', '2020-02-08 14:12:27', '2020-02-10 20:35:46', 112, 6);
insert into Delivers (did, deliveryfee, customerplaceorder, ridergotorest, rideratrest, riderleftrest, riderdeliverorder, riderid, rating) values (32, 16.54, '2019-04-20 08:02:09', '2020-02-24 05:43:47', '2020-01-11 09:14:59', '2020-03-28 18:36:04', '2019-10-20 08:07:46', 282, 6);
insert into Delivers (did, deliveryfee, customerplaceorder, ridergotorest, rideratrest, riderleftrest, riderdeliverorder, riderid, rating) values (33, 51.13, '2019-04-21 14:45:35', '2020-03-22 04:46:25', '2019-10-06 10:58:36', '2020-03-16 07:47:39', '2019-05-29 23:52:27', 110, 9);
insert into Delivers (did, deliveryfee, customerplaceorder, ridergotorest, rideratrest, riderleftrest, riderdeliverorder, riderid, rating) values (34, 24.27, '2019-04-13 07:16:04', '2020-01-15 14:42:58', '2019-11-01 21:14:00', '2019-06-28 22:53:56', '2020-01-19 17:52:51', 125, 5);
insert into Delivers (did, deliveryfee, customerplaceorder, ridergotorest, rideratrest, riderleftrest, riderdeliverorder, riderid, rating) values (35, 20.91, '2020-01-17 12:55:19', '2019-04-03 19:09:54', '2020-01-24 09:51:55', '2020-03-12 12:21:53', '2019-06-12 19:23:58', 164, 3);
insert into Delivers (did, deliveryfee, customerplaceorder, ridergotorest, rideratrest, riderleftrest, riderdeliverorder, riderid, rating) values (36, 41.24, '2019-05-29 15:50:00', '2019-04-10 01:09:05', '2019-11-06 09:14:37', '2019-04-06 13:39:10', '2019-11-15 12:11:31', 250, 5);
insert into Delivers (did, deliveryfee, customerplaceorder, ridergotorest, rideratrest, riderleftrest, riderdeliverorder, riderid, rating) values (37, 77.55, '2019-08-27 09:23:35', '2019-05-17 23:04:35', '2019-06-27 11:28:31', '2020-03-16 10:36:57', '2019-07-01 00:34:46', 105, 5);
insert into Delivers (did, deliveryfee, customerplaceorder, ridergotorest, rideratrest, riderleftrest, riderdeliverorder, riderid, rating) values (38, 53.31, '2019-04-08 06:53:46', '2019-08-20 08:25:29', '2019-12-18 22:36:27', '2019-04-06 14:43:55', '2019-06-02 20:41:34', 31, 1);
insert into Delivers (did, deliveryfee, customerplaceorder, ridergotorest, rideratrest, riderleftrest, riderdeliverorder, riderid, rating) values (39, 73.95, '2019-08-11 10:35:13', '2020-01-21 04:13:24', '2019-10-19 10:25:51', '2019-08-30 21:01:11', '2019-07-25 17:36:39', 226, 8);
insert into Delivers (did, deliveryfee, customerplaceorder, ridergotorest, rideratrest, riderleftrest, riderdeliverorder, riderid, rating) values (40, 22.21, '2019-05-10 02:33:03', '2019-12-27 02:02:01', '2019-12-06 15:45:14', '2020-01-23 20:41:10', '2019-11-28 12:33:45', 278, 4);
insert into Delivers (did, deliveryfee, customerplaceorder, ridergotorest, rideratrest, riderleftrest, riderdeliverorder, riderid, rating) values (41, 10.4, '2020-03-11 17:49:00', '2020-01-28 17:45:42', '2019-08-04 11:07:32', '2019-04-16 18:14:47', '2019-06-05 07:23:56', 65, 7);
insert into Delivers (did, deliveryfee, customerplaceorder, ridergotorest, rideratrest, riderleftrest, riderdeliverorder, riderid, rating) values (42, 86.58, '2019-10-31 07:57:40', '2019-09-15 22:18:14', '2019-05-18 22:14:34', '2020-01-20 11:17:37', '2020-01-11 20:30:05', 282, 8);
insert into Delivers (did, deliveryfee, customerplaceorder, ridergotorest, rideratrest, riderleftrest, riderdeliverorder, riderid, rating) values (43, 39.77, '2019-07-31 00:17:38', '2020-01-30 18:58:50', '2019-09-04 12:10:31', '2019-08-03 23:03:04', '2019-12-16 18:47:22', 260, 5);
insert into Delivers (did, deliveryfee, customerplaceorder, ridergotorest, rideratrest, riderleftrest, riderdeliverorder, riderid, rating) values (44, 1.45, '2019-04-07 17:44:05', '2019-05-22 15:11:25', '2019-06-17 05:08:27', '2019-06-15 17:51:02', '2019-10-12 11:39:54', 30, 8);
insert into Delivers (did, deliveryfee, customerplaceorder, ridergotorest, rideratrest, riderleftrest, riderdeliverorder, riderid, rating) values (45, 41.83, '2019-07-15 06:50:26', '2020-01-13 17:01:13', '2019-08-03 22:48:26', '2020-03-27 06:47:30', '2019-10-11 16:35:50', 95, 8);
insert into Delivers (did, deliveryfee, customerplaceorder, ridergotorest, rideratrest, riderleftrest, riderdeliverorder, riderid, rating) values (46, 81.53, '2019-11-20 23:20:21', '2019-08-04 05:01:58', '2019-07-15 09:27:21', '2020-01-04 07:56:51', '2020-03-10 04:03:41', 277, 10);
insert into Delivers (did, deliveryfee, customerplaceorder, ridergotorest, rideratrest, riderleftrest, riderdeliverorder, riderid, rating) values (47, 67.24, '2019-04-09 23:54:23', '2020-03-17 11:49:28', '2019-10-15 22:46:50', '2020-03-16 10:08:04', '2019-07-17 05:17:30', 36, 7);
insert into Delivers (did, deliveryfee, customerplaceorder, ridergotorest, rideratrest, riderleftrest, riderdeliverorder, riderid, rating) values (48, 69.78, '2019-11-27 15:28:08', '2020-02-25 10:13:43', '2019-11-05 13:32:33', '2019-04-21 11:53:08', '2020-01-06 17:05:37', 198, 0);
insert into Delivers (did, deliveryfee, customerplaceorder, ridergotorest, rideratrest, riderleftrest, riderdeliverorder, riderid, rating) values (49, 36.28, '2020-03-13 11:58:05', '2019-10-15 18:30:09', '2019-04-11 17:07:54', '2019-07-08 06:08:35', '2019-06-23 01:41:47', 49, 7);
insert into Delivers (did, deliveryfee, customerplaceorder, ridergotorest, rideratrest, riderleftrest, riderdeliverorder, riderid, rating) values (50, 97.76, '2020-03-29 08:58:12', '2020-03-26 04:24:47', '2019-07-13 14:02:26', '2019-08-09 16:12:26', '2019-07-25 06:12:11', 212, 1);
insert into Delivers (did, deliveryfee, customerplaceorder, ridergotorest, rideratrest, riderleftrest, riderdeliverorder, riderid, rating) values (51, 66.58, '2020-03-09 04:11:00', '2019-07-16 08:48:10', '2020-01-23 10:23:50', '2020-03-09 13:29:30', '2019-09-18 01:34:25', 207, 5);
insert into Delivers (did, deliveryfee, customerplaceorder, ridergotorest, rideratrest, riderleftrest, riderdeliverorder, riderid, rating) values (52, 57.19, '2019-04-23 04:36:15', '2020-03-08 08:08:26', '2019-09-27 11:42:57', '2019-12-04 10:01:21', '2020-02-07 14:33:53', 237, 4);
insert into Delivers (did, deliveryfee, customerplaceorder, ridergotorest, rideratrest, riderleftrest, riderdeliverorder, riderid, rating) values (53, 89.55, '2019-06-19 06:34:05', '2019-12-18 22:06:46', '2019-04-23 17:14:58', '2019-05-27 09:02:44', '2020-01-26 03:56:29', 273, 8);
insert into Delivers (did, deliveryfee, customerplaceorder, ridergotorest, rideratrest, riderleftrest, riderdeliverorder, riderid, rating) values (54, 79.11, '2019-09-02 10:01:23', '2019-12-31 07:50:59', '2019-05-07 18:34:52', '2020-02-27 04:38:59', '2020-03-13 09:45:18', 38, 3);
insert into Delivers (did, deliveryfee, customerplaceorder, ridergotorest, rideratrest, riderleftrest, riderdeliverorder, riderid, rating) values (55, 14.04, '2019-05-28 23:47:40', '2019-09-17 16:01:38', '2019-04-15 07:18:56', '2019-08-03 00:00:52', '2019-12-18 15:51:36', 242, 1);
insert into Delivers (did, deliveryfee, customerplaceorder, ridergotorest, rideratrest, riderleftrest, riderdeliverorder, riderid, rating) values (56, 28.83, '2020-02-22 22:36:36', '2019-08-11 07:13:11', '2019-08-14 02:17:09', '2019-06-27 22:26:14', '2020-01-14 20:04:08', 230, 3);
insert into Delivers (did, deliveryfee, customerplaceorder, ridergotorest, rideratrest, riderleftrest, riderdeliverorder, riderid, rating) values (57, 66.51, '2019-10-29 06:21:58', '2019-10-23 20:21:37', '2019-11-11 13:26:10', '2019-11-07 11:44:33', '2019-12-24 12:42:10', 234, 3);
insert into Delivers (did, deliveryfee, customerplaceorder, ridergotorest, rideratrest, riderleftrest, riderdeliverorder, riderid, rating) values (58, 14.58, '2019-10-28 02:35:14', '2020-02-07 02:13:38', '2019-08-02 15:01:32', '2019-11-30 23:22:28', '2020-03-12 01:37:47', 272, 7);
insert into Delivers (did, deliveryfee, customerplaceorder, ridergotorest, rideratrest, riderleftrest, riderdeliverorder, riderid, rating) values (59, 67.45, '2019-11-25 21:51:35', '2020-02-10 05:48:32', '2019-07-19 04:50:45', '2019-08-08 17:21:41', '2019-11-07 02:15:02', 243, 2);
insert into Delivers (did, deliveryfee, customerplaceorder, ridergotorest, rideratrest, riderleftrest, riderdeliverorder, riderid, rating) values (60, 49.65, '2019-09-07 16:25:02', '2019-06-22 14:45:41', '2020-02-12 03:28:36', '2020-01-29 08:40:45', '2019-06-02 13:15:07', 172, 6);
insert into Delivers (did, deliveryfee, customerplaceorder, ridergotorest, rideratrest, riderleftrest, riderdeliverorder, riderid, rating) values (61, 46.18, '2019-05-23 23:30:17', '2019-07-23 10:37:13', '2019-12-10 03:28:15', '2019-04-13 00:33:39', '2019-09-01 11:15:27', 245, 0);
insert into Delivers (did, deliveryfee, customerplaceorder, ridergotorest, rideratrest, riderleftrest, riderdeliverorder, riderid, rating) values (62, 29.11, '2019-06-24 14:42:49', '2019-06-20 10:34:23', '2019-11-26 14:56:19', '2020-03-05 13:15:52', '2020-01-02 06:07:57', 290, 3);
insert into Delivers (did, deliveryfee, customerplaceorder, ridergotorest, rideratrest, riderleftrest, riderdeliverorder, riderid, rating) values (63, 60.7, '2019-08-26 06:00:05', '2019-05-10 10:48:57', '2019-06-26 03:24:32', '2019-12-05 03:44:50', '2020-03-28 21:49:04', 295, 4);
insert into Delivers (did, deliveryfee, customerplaceorder, ridergotorest, rideratrest, riderleftrest, riderdeliverorder, riderid, rating) values (64, 76.52, '2019-12-30 18:46:14', '2020-03-26 18:28:48', '2019-09-19 07:29:07', '2019-07-13 13:06:10', '2020-03-15 17:57:34', 227, 2);
insert into Delivers (did, deliveryfee, customerplaceorder, ridergotorest, rideratrest, riderleftrest, riderdeliverorder, riderid, rating) values (65, 85.46, '2019-09-04 11:59:35', '2019-04-04 21:50:37', '2019-11-13 07:15:48', '2019-04-25 05:29:52', '2019-07-18 08:02:47', 8, 6);
insert into Delivers (did, deliveryfee, customerplaceorder, ridergotorest, rideratrest, riderleftrest, riderdeliverorder, riderid, rating) values (66, 58.47, '2019-07-07 16:15:10', '2019-05-25 20:32:55', '2019-12-18 00:47:19', '2019-07-15 00:39:40', '2020-03-22 08:34:30', 2, 8);
insert into Delivers (did, deliveryfee, customerplaceorder, ridergotorest, rideratrest, riderleftrest, riderdeliverorder, riderid, rating) values (67, 58.63, '2020-01-12 09:28:33', '2019-10-17 13:01:23', '2020-03-08 03:17:31', '2019-07-20 04:10:55', '2019-04-15 23:56:05', 253, 9);
insert into Delivers (did, deliveryfee, customerplaceorder, ridergotorest, rideratrest, riderleftrest, riderdeliverorder, riderid, rating) values (68, 23.45, '2019-12-21 14:15:37', '2019-08-22 14:32:45', '2019-09-26 05:35:51', '2019-10-05 12:01:42', '2020-02-07 08:05:25', 106, 10);
insert into Delivers (did, deliveryfee, customerplaceorder, ridergotorest, rideratrest, riderleftrest, riderdeliverorder, riderid, rating) values (69, 15.91, '2019-06-11 07:14:29', '2019-07-17 08:06:58', '2019-11-04 05:07:44', '2019-12-06 20:20:02', '2019-08-13 17:04:03', 220, 7);
insert into Delivers (did, deliveryfee, customerplaceorder, ridergotorest, rideratrest, riderleftrest, riderdeliverorder, riderid, rating) values (70, 37.54, '2019-12-30 10:07:52', '2019-07-30 05:42:20', '2019-06-19 22:44:23', '2020-01-25 21:47:01', '2019-05-27 05:32:03', 125, 2);
insert into Delivers (did, deliveryfee, customerplaceorder, ridergotorest, rideratrest, riderleftrest, riderdeliverorder, riderid, rating) values (71, 19.65, '2019-10-21 10:22:28', '2020-03-24 17:34:18', '2019-05-25 12:32:11', '2019-11-02 07:11:01', '2019-10-05 12:54:48', 286, 10);
insert into Delivers (did, deliveryfee, customerplaceorder, ridergotorest, rideratrest, riderleftrest, riderdeliverorder, riderid, rating) values (72, 18.98, '2019-07-28 00:47:05', '2019-11-06 03:46:15', '2019-09-24 02:01:02', '2019-08-07 11:15:44', '2019-12-02 15:45:36', 202, 9);
insert into Delivers (did, deliveryfee, customerplaceorder, ridergotorest, rideratrest, riderleftrest, riderdeliverorder, riderid, rating) values (73, 65.79, '2019-12-17 12:04:30', '2019-08-03 07:51:01', '2020-01-04 22:16:14', '2020-03-14 10:14:46', '2020-02-04 23:29:45', 87, 7);
insert into Delivers (did, deliveryfee, customerplaceorder, ridergotorest, rideratrest, riderleftrest, riderdeliverorder, riderid, rating) values (74, 77.46, '2019-08-26 16:37:46', '2020-01-31 23:29:56', '2019-05-30 10:01:50', '2019-11-30 02:21:38', '2019-04-08 16:55:37', 226, 6);
insert into Delivers (did, deliveryfee, customerplaceorder, ridergotorest, rideratrest, riderleftrest, riderdeliverorder, riderid, rating) values (75, 17.59, '2020-02-05 20:55:56', '2020-03-14 02:48:10', '2020-01-22 14:56:47', '2020-03-02 14:25:52', '2019-04-21 03:29:39', 59, 7);
insert into Delivers (did, deliveryfee, customerplaceorder, ridergotorest, rideratrest, riderleftrest, riderdeliverorder, riderid, rating) values (76, 18.38, '2019-07-07 13:11:47', '2020-01-24 06:19:35', '2019-04-21 03:15:18', '2019-09-18 14:53:18', '2020-02-18 08:23:31', 289, 3);
insert into Delivers (did, deliveryfee, customerplaceorder, ridergotorest, rideratrest, riderleftrest, riderdeliverorder, riderid, rating) values (77, 97.96, '2019-12-19 07:22:26', '2019-12-29 07:32:20', '2019-10-10 12:48:44', '2019-05-07 08:50:31', '2019-12-28 23:27:18', 226, 0);
insert into Delivers (did, deliveryfee, customerplaceorder, ridergotorest, rideratrest, riderleftrest, riderdeliverorder, riderid, rating) values (78, 60.75, '2020-03-01 15:33:25', '2020-01-19 03:56:16', '2020-02-21 12:10:56', '2019-11-15 18:58:37', '2019-08-11 03:58:00', 140, 1);
insert into Delivers (did, deliveryfee, customerplaceorder, ridergotorest, rideratrest, riderleftrest, riderdeliverorder, riderid, rating) values (79, 93.87, '2019-12-31 23:32:07', '2020-01-09 01:40:36', '2019-11-25 01:29:23', '2019-04-27 18:09:52', '2019-10-04 10:45:04', 248, 7);
insert into Delivers (did, deliveryfee, customerplaceorder, ridergotorest, rideratrest, riderleftrest, riderdeliverorder, riderid, rating) values (80, 85.3, '2020-03-11 19:45:12', '2019-12-10 19:52:45', '2019-09-24 09:04:44', '2019-05-27 08:24:47', '2020-03-12 14:41:15', 282, 10);
insert into Delivers (did, deliveryfee, customerplaceorder, ridergotorest, rideratrest, riderleftrest, riderdeliverorder, riderid, rating) values (81, 94.72, '2019-11-06 23:00:24', '2020-03-02 06:44:04', '2019-07-06 02:41:55', '2020-01-03 06:37:27', '2019-11-21 08:10:17', 34, 3);
insert into Delivers (did, deliveryfee, customerplaceorder, ridergotorest, rideratrest, riderleftrest, riderdeliverorder, riderid, rating) values (82, 80.34, '2019-09-03 19:14:20', '2019-05-06 01:58:07', '2019-08-27 09:22:02', '2019-10-09 00:49:48', '2019-04-12 08:12:10', 34, 7);
insert into Delivers (did, deliveryfee, customerplaceorder, ridergotorest, rideratrest, riderleftrest, riderdeliverorder, riderid, rating) values (83, 57.61, '2019-09-08 01:53:24', '2019-06-07 07:56:29', '2019-04-30 17:18:32', '2019-06-25 06:43:00', '2020-01-29 07:09:07', 114, 6);
insert into Delivers (did, deliveryfee, customerplaceorder, ridergotorest, rideratrest, riderleftrest, riderdeliverorder, riderid, rating) values (84, 87.91, '2019-04-17 15:38:04', '2019-09-28 10:39:33', '2019-04-17 01:56:49', '2019-08-15 06:18:29', '2020-02-07 01:38:33', 38, 4);
insert into Delivers (did, deliveryfee, customerplaceorder, ridergotorest, rideratrest, riderleftrest, riderdeliverorder, riderid, rating) values (85, 29.16, '2019-05-23 22:42:45', '2019-09-13 21:50:21', '2019-12-24 06:54:45', '2020-01-28 12:19:45', '2019-10-03 16:59:05', 267, 3);
insert into Delivers (did, deliveryfee, customerplaceorder, ridergotorest, rideratrest, riderleftrest, riderdeliverorder, riderid, rating) values (86, 30.8, '2019-06-20 17:23:43', '2019-08-09 08:44:43', '2020-03-29 04:52:55', '2019-05-04 09:07:41', '2019-07-01 16:26:53', 290, 6);
insert into Delivers (did, deliveryfee, customerplaceorder, ridergotorest, rideratrest, riderleftrest, riderdeliverorder, riderid, rating) values (87, 7.53, '2020-02-22 05:25:34', '2019-05-21 03:35:41', '2019-11-10 14:23:56', '2019-05-27 00:32:22', '2019-11-08 05:57:14', 245, 4);
insert into Delivers (did, deliveryfee, customerplaceorder, ridergotorest, rideratrest, riderleftrest, riderdeliverorder, riderid, rating) values (88, 61.77, '2020-02-02 04:26:00', '2019-10-16 14:34:24', '2020-02-10 15:49:50', '2019-08-13 13:40:15', '2020-01-19 00:28:32', 198, 10);
insert into Delivers (did, deliveryfee, customerplaceorder, ridergotorest, rideratrest, riderleftrest, riderdeliverorder, riderid, rating) values (89, 19.81, '2019-10-10 08:41:09', '2019-09-17 11:17:13', '2019-12-09 12:03:04', '2019-07-25 04:21:04', '2020-03-13 12:35:29', 154, 8);
insert into Delivers (did, deliveryfee, customerplaceorder, ridergotorest, rideratrest, riderleftrest, riderdeliverorder, riderid, rating) values (90, 33.59, '2019-11-17 10:17:50', '2019-10-18 23:26:12', '2019-09-30 18:14:21', '2019-09-15 20:37:08', '2019-09-24 00:14:53', 82, 1);
insert into Delivers (did, deliveryfee, customerplaceorder, ridergotorest, rideratrest, riderleftrest, riderdeliverorder, riderid, rating) values (91, 7.73, '2020-01-02 10:10:57', '2019-12-27 21:02:00', '2019-04-08 20:15:58', '2019-09-16 19:36:07', '2019-11-02 12:12:48', 19, 6);
insert into Delivers (did, deliveryfee, customerplaceorder, ridergotorest, rideratrest, riderleftrest, riderdeliverorder, riderid, rating) values (92, 38.82, '2019-11-22 12:51:59', '2019-11-16 07:13:38', '2019-06-04 10:58:23', '2019-07-24 19:36:37', '2019-05-14 12:48:48', 274, 6);
insert into Delivers (did, deliveryfee, customerplaceorder, ridergotorest, rideratrest, riderleftrest, riderdeliverorder, riderid, rating) values (93, 11.53, '2019-07-08 18:22:25', '2019-06-14 10:08:34', '2019-05-03 08:55:15', '2019-05-11 23:23:45', '2020-01-13 16:58:39', 200, 3);
insert into Delivers (did, deliveryfee, customerplaceorder, ridergotorest, rideratrest, riderleftrest, riderdeliverorder, riderid, rating) values (94, 62.2, '2019-08-22 12:57:27', '2020-01-26 22:25:12', '2019-05-13 13:48:56', '2019-07-20 15:30:26', '2019-09-29 12:15:20', 67, 0);
insert into Delivers (did, deliveryfee, customerplaceorder, ridergotorest, rideratrest, riderleftrest, riderdeliverorder, riderid, rating) values (95, 36.83, '2020-02-16 15:08:24', '2019-06-30 17:23:31', '2019-12-27 02:26:49', '2019-05-15 12:24:36', '2020-03-20 19:59:04', 273, 3);
insert into Delivers (did, deliveryfee, customerplaceorder, ridergotorest, rideratrest, riderleftrest, riderdeliverorder, riderid, rating) values (96, 30.26, '2019-12-25 13:24:18', '2020-01-06 14:11:02', '2020-01-14 22:21:35', '2020-01-08 20:13:09', '2019-12-29 11:53:29', 175, 8);
insert into Delivers (did, deliveryfee, customerplaceorder, ridergotorest, rideratrest, riderleftrest, riderdeliverorder, riderid, rating) values (97, 47.56, '2020-03-03 16:46:42', '2019-08-18 18:17:59', '2019-06-15 02:56:27', '2019-08-19 13:53:03', '2019-08-14 07:11:26', 150, 7);
insert into Delivers (did, deliveryfee, customerplaceorder, ridergotorest, rideratrest, riderleftrest, riderdeliverorder, riderid, rating) values (98, 9.02, '2019-04-01 09:42:12', '2019-05-12 17:02:18', '2020-02-08 21:46:13', '2020-02-17 12:46:06', '2019-06-27 17:55:43', 174, 4);
insert into Delivers (did, deliveryfee, customerplaceorder, ridergotorest, rideratrest, riderleftrest, riderdeliverorder, riderid, rating) values (99, 14.27, '2019-12-23 04:44:27', '2019-07-28 16:45:07', '2019-07-30 11:59:03', '2019-08-02 18:44:54', '2019-08-03 07:07:58', 263, 4);
insert into Delivers (did, deliveryfee, customerplaceorder, ridergotorest, rideratrest, riderleftrest, riderdeliverorder, riderid, rating) values (100, 8.17, '2019-11-01 15:57:18', '2019-12-31 08:33:55', '2019-04-28 20:16:56', '2019-11-08 04:30:23', '2019-04-18 04:03:50', 66, 8);

insert into Restaurants (rname, promoid) values ('Wells Fargo & Company', 30);
insert into Restaurants (rname, promoid) values ('CGI Group, Inc.', 1);
insert into Restaurants (rname, promoid) values ('Regulus Therapeutics Inc.', 8);
insert into Restaurants (rname, promoid) values ('Tuesday Morning Corp.', 2);
insert into Restaurants (rname, promoid) values ('Bed Bath & Beyond Inc.', 24);
insert into Restaurants (rname, promoid) values ('Incyte Corporation', 20);
insert into Restaurants (rname, promoid) values ('Tuniu Corporation', 27);
insert into Restaurants (rname, promoid) values ('Comfort Systems USA, Inc.', 22);
insert into Restaurants (rname, promoid) values ('Cumberland Pharmaceuticals Inc.', 13);
insert into Restaurants (rname, promoid) values ('Preformed Line Products Company', 4);
insert into Restaurants (rname, promoid) values ('Royal Caribbean Cruises Ltd.', 24);
insert into Restaurants (rname, promoid) values ('Burcon NutraScience Corp', 24);
insert into Restaurants (rname, promoid) values ('MBIA, Inc.', 21);
insert into Restaurants (rname, promoid) values ('Adient plc', 1);
insert into Restaurants (rname, promoid) values ('California Water  Service Group Holding', 4);
insert into Restaurants (rname, promoid) values ('Commerce Bancshares, Inc.', 8);
insert into Restaurants (rname, promoid) values ('NextEra Energy, Inc.', 12);
insert into Restaurants (rname, promoid) values ('Aradigm Corporation', 14);
insert into Restaurants (rname, promoid) values ('Lombard Medical, Inc.', 15);
insert into Restaurants (rname, promoid) values ('Callon Petroleum Company', 13);
insert into Restaurants (rname, promoid) values ('Novan, Inc.', 20);
insert into Restaurants (rname, promoid) values ('Laboratory Corporation of America Holdings', 21);
insert into Restaurants (rname, promoid) values ('VictoryShares US Small Cap Volatility Wtd ETF', 28);
insert into Restaurants (rname, promoid) values ('Scudder Strategic Municiple Income Trust', 23);
insert into Restaurants (rname, promoid) values ('Willamette Valley Vineyards, Inc.', 30);
insert into Restaurants (rname, promoid) values ('Bank of America Corporation', 27);
insert into Restaurants (rname, promoid) values ('WEC Energy Group, Inc.', 10);
insert into Restaurants (rname, promoid) values ('U.S. Global Investors, Inc.', 14);
insert into Restaurants (rname, promoid) values ('Comstock Resources, Inc.', 23);
insert into Restaurants (rname, promoid) values ('PCM, Inc.', 10);

insert into foods (fname, rname, dailylimit, isavailable, category, price) values ('Passion fruit', 'Bank of America Corporation', 14, true, 'category_3', 57.11);
insert into foods (fname, rname, dailylimit, isavailable, category, price) values ('Baked beans', 'Willamette Valley Vineyards, Inc.', 65, false, 'category_2', 49.84);
insert into foods (fname, rname, dailylimit, isavailable, category, price) values ('Macaroni and cheese', 'Wells Fargo & Company', 58, false, 'category_5', 88.2);
insert into foods (fname, rname, dailylimit, isavailable, category, price) values ('Cream', 'CGI Group, Inc.', 66, true, 'category_6', 41.17);
insert into foods (fname, rname, dailylimit, isavailable, category, price) values ('Cloudberry', 'WEC Energy Group, Inc.', 12, false, 'category_6', 41.74);
insert into foods (fname, rname, dailylimit, isavailable, category, price) values ('Egg substitute', 'Wells Fargo & Company', 15, false, 'category_3', 79.06);
insert into foods (fname, rname, dailylimit, isavailable, category, price) values ('Sugar apple', 'WEC Energy Group, Inc.', 40, false, 'category_6', 46.71);
insert into foods (fname, rname, dailylimit, isavailable, category, price) values ('Boysenberry', 'Cumberland Pharmaceuticals Inc.', 37, true, 'category_2', 65.8);
insert into foods (fname, rname, dailylimit, isavailable, category, price) values ('Papaya', 'Preformed Line Products Company', 65, true, 'category_8', 91.76);
insert into foods (fname, rname, dailylimit, isavailable, category, price) values ('Acorn', 'NextEra Energy, Inc.', 59, true, 'category_8', 14.29);
insert into foods (fname, rname, dailylimit, isavailable, category, price) values ('Safflower', 'Novan, Inc.', 97, true, 'category_7', 23.01);
insert into foods (fname, rname, dailylimit, isavailable, category, price) values ('Common wheat', 'Tuesday Morning Corp.', 92, false, 'category_10', 23.63);
insert into foods (fname, rname, dailylimit, isavailable, category, price) values ('Date', 'Regulus Therapeutics Inc.', 95, false, 'category_9', 30.28);
insert into foods (fname, rname, dailylimit, isavailable, category, price) values ('Cocktail', 'Incyte Corporation', 10, false, 'category_7', 26.11);
insert into foods (fname, rname, dailylimit, isavailable, category, price) values ('Peach', 'Comfort Systems USA, Inc.', 74, false, 'category_4', 49.65);
insert into foods (fname, rname, dailylimit, isavailable, category, price) values ('Mallard duck', 'Comstock Resources, Inc.', 50, true, 'category_7', 30.29);
insert into foods (fname, rname, dailylimit, isavailable, category, price) values ('Fruit gum', 'WEC Energy Group, Inc.', 33, false, 'category_10', 95.21);
insert into foods (fname, rname, dailylimit, isavailable, category, price) values ('Spinach', 'Preformed Line Products Company', 48, true, 'category_5', 30.87);
insert into foods (fname, rname, dailylimit, isavailable, category, price) values ('Mountain hare', 'Incyte Corporation', 67, false, 'category_5', 41.24);
insert into foods (fname, rname, dailylimit, isavailable, category, price) values ('Bivalvia (Clam', 'Preformed Line Products Company', 1, true, 'category_6', 33.86);
insert into foods (fname, rname, dailylimit, isavailable, category, price) values ('Eggplant', 'California Water  Service Group Holding', 30, false, 'category_4', 42.16);
insert into foods (fname, rname, dailylimit, isavailable, category, price) values ('Black salsify', 'Aradigm Corporation', 42, false, 'category_3', 10.48);
insert into foods (fname, rname, dailylimit, isavailable, category, price) values ('Durian', 'Burcon NutraScience Corp', 42, true, 'category_2', 10.79);
insert into foods (fname, rname, dailylimit, isavailable, category, price) values ('Sauce', 'Lombard Medical, Inc.', 20, true, 'category_5', 39.02);
insert into foods (fname, rname, dailylimit, isavailable, category, price) values ('Elderberry', 'California Water  Service Group Holding', 3, true, 'category_10', 8.0);
insert into foods (fname, rname, dailylimit, isavailable, category, price) values ('Swordfish', 'California Water  Service Group Holding', 77, false, 'category_7', 2.65);
insert into foods (fname, rname, dailylimit, isavailable, category, price) values ('Kiwi', 'Cumberland Pharmaceuticals Inc.', 97, true, 'category_3', 46.4);
insert into foods (fname, rname, dailylimit, isavailable, category, price) values ('Yogurt', 'Royal Caribbean Cruises Ltd.', 66, true, 'category_1', 4.0);
insert into foods (fname, rname, dailylimit, isavailable, category, price) values ('Potato bread', 'Tuniu Corporation', 88, false, 'category_3', 27.1);
insert into foods (fname, rname, dailylimit, isavailable, category, price) values ('Bean', 'Cumberland Pharmaceuticals Inc.', 68, true, 'category_2', 81.26);
insert into foods (fname, rname, dailylimit, isavailable, category, price) values (' Hake)', 'PCM, Inc.', 46, false, 'category_6', 99.7);
insert into foods (fname, rname, dailylimit, isavailable, category, price) values ('Naranjilla', 'Tuesday Morning Corp.', 33, true, 'category_7', 69.29);
insert into foods (fname, rname, dailylimit, isavailable, category, price) values ('Rosemary', 'Preformed Line Products Company', 53, true, 'category_5', 10.75);
insert into foods (fname, rname, dailylimit, isavailable, category, price) values ('Rowanberry', 'WEC Energy Group, Inc.', 2, true, 'category_7', 67.92);
insert into foods (fname, rname, dailylimit, isavailable, category, price) values ('Coho salmon', 'Callon Petroleum Company', 89, false, 'category_10', 85.3);
insert into foods (fname, rname, dailylimit, isavailable, category, price) values ('Shark', 'Aradigm Corporation', 30, true, 'category_7', 95.84);
insert into foods (fname, rname, dailylimit, isavailable, category, price) values ('Swede', 'Cumberland Pharmaceuticals Inc.', 67, false, 'category_5', 19.33);
insert into foods (fname, rname, dailylimit, isavailable, category, price) values ('Catfish', 'U.S. Global Investors, Inc.', 31, false, 'category_8', 33.42);
insert into foods (fname, rname, dailylimit, isavailable, category, price) values ('Grapefruit/Pummelo hybrid', 'Burcon NutraScience Corp', 21, true, 'category_2', 36.08);
insert into foods (fname, rname, dailylimit, isavailable, category, price) values ('Pepper (C. pubescens)', 'Callon Petroleum Company', 73, true, 'category_4', 16.13);
insert into foods (fname, rname, dailylimit, isavailable, category, price) values ('Milk (Other mammals)', 'PCM, Inc.', 18, true, 'category_3', 89.93);
insert into foods (fname, rname, dailylimit, isavailable, category, price) values ('Agar', 'VictoryShares US Small Cap Volatility Wtd ETF', 94, true, 'category_5', 45.78);
insert into foods (fname, rname, dailylimit, isavailable, category, price) values ('Fig', 'Aradigm Corporation', 96, false, 'category_5', 22.59);
insert into foods (fname, rname, dailylimit, isavailable, category, price) values ('Fats and oils', 'Willamette Valley Vineyards, Inc.', 36, false, 'category_2', 90.59);
insert into foods (fname, rname, dailylimit, isavailable, category, price) values ('Common octopus', 'Aradigm Corporation', 11, false, 'category_10', 76.38);
insert into foods (fname, rname, dailylimit, isavailable, category, price) values ('Molasses', 'NextEra Energy, Inc.', 8, true, 'category_2', 66.74);
insert into foods (fname, rname, dailylimit, isavailable, category, price) values ('Squirrel', 'Royal Caribbean Cruises Ltd.', 92, false, 'category_9', 56.39);
insert into foods (fname, rname, dailylimit, isavailable, category, price) values ('Pacific jack mackerel', 'Cumberland Pharmaceuticals Inc.', 88, false, 'category_8', 21.44);
insert into foods (fname, rname, dailylimit, isavailable, category, price) values ('Soursop', 'Callon Petroleum Company', 56, false, 'category_3', 3.67);
insert into foods (fname, rname, dailylimit, isavailable, category, price) values ('Common verbena', 'Regulus Therapeutics Inc.', 89, false, 'category_4', 45.86);
insert into foods (fname, rname, dailylimit, isavailable, category, price) values ('Nance', 'Callon Petroleum Company', 16, true, 'category_6', 29.88);
insert into foods (fname, rname, dailylimit, isavailable, category, price) values ('Egg roll', 'Burcon NutraScience Corp', 11, true, 'category_4', 96.27);
insert into foods (fname, rname, dailylimit, isavailable, category, price) values ('Nectarine', 'Preformed Line Products Company', 3, false, 'category_2', 11.45);
insert into foods (fname, rname, dailylimit, isavailable, category, price) values ('Acorn', 'Preformed Line Products Company', 80, true, 'category_1', 75.27);
insert into foods (fname, rname, dailylimit, isavailable, category, price) values ('Turnip', 'Commerce Bancshares, Inc.', 27, false, 'category_3', 80.55);
insert into foods (fname, rname, dailylimit, isavailable, category, price) values ('Cream substitute', 'U.S. Global Investors, Inc.', 99, true, 'category_2', 53.97);
insert into foods (fname, rname, dailylimit, isavailable, category, price) values ('Oriental wheat', 'VictoryShares US Small Cap Volatility Wtd ETF', 92, true, 'category_1', 63.43);
insert into foods (fname, rname, dailylimit, isavailable, category, price) values ('Atlantic halibut', 'Burcon NutraScience Corp', 84, true, 'category_10', 76.25);
insert into foods (fname, rname, dailylimit, isavailable, category, price) values ('Taco', 'Cumberland Pharmaceuticals Inc.', 79, false, 'category_1', 37.44);
insert into foods (fname, rname, dailylimit, isavailable, category, price) values ('Meatball', 'Willamette Valley Vineyards, Inc.', 67, true, 'category_9', 20.07);
insert into foods (fname, rname, dailylimit, isavailable, category, price) values ('Abalone', 'VictoryShares US Small Cap Volatility Wtd ETF', 84, false, 'category_1', 34.14);
insert into foods (fname, rname, dailylimit, isavailable, category, price) values ('Other alcoholic beverage', 'U.S. Global Investors, Inc.', 72, true, 'category_2', 63.09);
insert into foods (fname, rname, dailylimit, isavailable, category, price) values ('Baby food', 'Aradigm Corporation', 16, true, 'category_4', 10.68);
insert into foods (fname, rname, dailylimit, isavailable, category, price) values ('Horseradish tree', 'Cumberland Pharmaceuticals Inc.', 44, false, 'category_6', 33.14);
insert into foods (fname, rname, dailylimit, isavailable, category, price) values ('Red algae', 'Laboratory Corporation of America Holdings', 4, true, 'category_1', 96.82);
insert into foods (fname, rname, dailylimit, isavailable, category, price) values ('Daikon radish', 'Adient plc', 79, true, 'category_8', 62.09);
insert into foods (fname, rname, dailylimit, isavailable, category, price) values ('Nachos', 'Tuniu Corporation', 35, true, 'category_6', 43.98);
insert into foods (fname, rname, dailylimit, isavailable, category, price) values ('Norway lobster', 'California Water  Service Group Holding', 21, true, 'category_9', 79.81);
insert into foods (fname, rname, dailylimit, isavailable, category, price) values ('Dumpling', 'NextEra Energy, Inc.', 56, false, 'category_7', 96.01);
insert into foods (fname, rname, dailylimit, isavailable, category, price) values ('Beluga whale', 'Burcon NutraScience Corp', 24, true, 'category_8', 40.53);
insert into foods (fname, rname, dailylimit, isavailable, category, price) values ('Banana', 'Commerce Bancshares, Inc.', 53, false, 'category_10', 1.63);
insert into foods (fname, rname, dailylimit, isavailable, category, price) values ('Liquor', 'Regulus Therapeutics Inc.', 43, false, 'category_6', 32.46);
insert into foods (fname, rname, dailylimit, isavailable, category, price) values ('Butterfat', 'MBIA, Inc.', 28, true, 'category_7', 17.4);
insert into foods (fname, rname, dailylimit, isavailable, category, price) values ('Carob', 'Incyte Corporation', 60, false, 'category_6', 98.4);
insert into foods (fname, rname, dailylimit, isavailable, category, price) values ('Common octopus', 'Lombard Medical, Inc.', 8, true, 'category_9', 6.17);
insert into foods (fname, rname, dailylimit, isavailable, category, price) values ('Buffalo', 'Commerce Bancshares, Inc.', 56, true, 'category_9', 47.71);
insert into foods (fname, rname, dailylimit, isavailable, category, price) values ('Sago palm', 'WEC Energy Group, Inc.', 19, true, 'category_9', 51.16);
insert into foods (fname, rname, dailylimit, isavailable, category, price) values ('Garden tomato (var.)', 'Laboratory Corporation of America Holdings', 35, true, 'category_4', 39.2);
insert into foods (fname, rname, dailylimit, isavailable, category, price) values ('Squirrel', 'Bed Bath & Beyond Inc.', 27, false, 'category_9', 11.95);
insert into foods (fname, rname, dailylimit, isavailable, category, price) values ('Bilberry', 'California Water  Service Group Holding', 54, false, 'category_10', 17.25);
insert into foods (fname, rname, dailylimit, isavailable, category, price) values ('Hickory nut', 'Commerce Bancshares, Inc.', 13, false, 'category_5', 73.44);
insert into foods (fname, rname, dailylimit, isavailable, category, price) values ('Pacific cod', 'WEC Energy Group, Inc.', 74, false, 'category_9', 46.23);
insert into foods (fname, rname, dailylimit, isavailable, category, price) values ('Polar bear', 'Comstock Resources, Inc.', 52, true, 'category_9', 60.87);
insert into foods (fname, rname, dailylimit, isavailable, category, price) values ('Meringue', 'Tuesday Morning Corp.', 51, false, 'category_9', 17.67);
insert into foods (fname, rname, dailylimit, isavailable, category, price) values ('Anise', 'WEC Energy Group, Inc.', 66, false, 'category_4', 91.7);
insert into foods (fname, rname, dailylimit, isavailable, category, price) values ('Adzuki bean', 'Callon Petroleum Company', 52, true, 'category_6', 17.26);
insert into foods (fname, rname, dailylimit, isavailable, category, price) values ('Mentha (Mint)', 'VictoryShares US Small Cap Volatility Wtd ETF', 63, true, 'category_8', 79.68);
insert into foods (fname, rname, dailylimit, isavailable, category, price) values ('Potato puffs', 'CGI Group, Inc.', 78, false, 'category_2', 33.7);
insert into foods (fname, rname, dailylimit, isavailable, category, price) values ('Jute', 'Willamette Valley Vineyards, Inc.', 85, false, 'category_10', 40.93);
insert into foods (fname, rname, dailylimit, isavailable, category, price) values ('Beluga whale', 'Laboratory Corporation of America Holdings', 78, true, 'category_5', 16.16);
insert into foods (fname, rname, dailylimit, isavailable, category, price) values ('Globe artichoke', 'Cumberland Pharmaceuticals Inc.', 79, false, 'category_1', 86.49);
insert into foods (fname, rname, dailylimit, isavailable, category, price) values ('Opium poppy', 'Royal Caribbean Cruises Ltd.', 17, true, 'category_10', 76.91);
insert into foods (fname, rname, dailylimit, isavailable, category, price) values ('Fruit preserve', 'Lombard Medical, Inc.', 19, true, 'category_6', 33.94);
insert into foods (fname, rname, dailylimit, isavailable, category, price) values ('Scallop', 'Lombard Medical, Inc.', 91, false, 'category_9', 46.82);
insert into foods (fname, rname, dailylimit, isavailable, category, price) values ('Red rice', 'Callon Petroleum Company', 30, false, 'category_7', 58.66);
insert into foods (fname, rname, dailylimit, isavailable, category, price) values ('Fenugreek', 'Callon Petroleum Company', 33, true, 'category_5', 84.4);
insert into foods (fname, rname, dailylimit, isavailable, category, price) values ('Natto', 'CGI Group, Inc.', 26, false, 'category_6', 26.57);
insert into foods (fname, rname, dailylimit, isavailable, category, price) values ('Ostrich', 'WEC Energy Group, Inc.', 73, false, 'category_8', 78.11);
insert into foods (fname, rname, dailylimit, isavailable, category, price) values ('Sugar substitute', 'Incyte Corporation', 34, true, 'category_2', 80.57);
insert into foods (fname, rname, dailylimit, isavailable, category, price) values ('Eggs', 'Bed Bath & Beyond Inc.', 53, false, 'category_3', 27.59);





insert into comprises (mwsid, shiftdayid, shifthourid) values (1, 1, 1);
insert into comprises (mwsid, shiftdayid, shifthourid) values (2, 1, 2);
insert into comprises (mwsid, shiftdayid, shifthourid) values (3, 1, 3);
insert into comprises (mwsid, shiftdayid, shifthourid) values (4, 1, 4);
insert into comprises (mwsid, shiftdayid, shifthourid) values (5, 2, 1);
insert into comprises (mwsid, shiftdayid, shifthourid) values (6, 2, 2);
insert into comprises (mwsid, shiftdayid, shifthourid) values (7, 2, 3);
insert into comprises (mwsid, shiftdayid, shifthourid) values (8, 2, 4);
insert into comprises (mwsid, shiftdayid, shifthourid) values (9, 3, 1);
insert into comprises (mwsid, shiftdayid, shifthourid) values (10, 3, 2);
insert into comprises (mwsid, shiftdayid, shifthourid) values (11, 3, 3);
insert into comprises (mwsid, shiftdayid, shifthourid) values (12, 3, 4);
insert into comprises (mwsid, shiftdayid, shifthourid) values (13, 4, 1);
insert into comprises (mwsid, shiftdayid, shifthourid) values (14, 4, 2);
insert into comprises (mwsid, shiftdayid, shifthourid) values (15, 4, 3);
insert into comprises (mwsid, shiftdayid, shifthourid) values (16, 4, 4);
insert into comprises (mwsid, shiftdayid, shifthourid) values (17, 5, 1);
insert into comprises (mwsid, shiftdayid, shifthourid) values (18, 5, 2);
insert into comprises (mwsid, shiftdayid, shifthourid) values (19, 5, 3);
insert into comprises (mwsid, shiftdayid, shifthourid) values (20, 5, 4);
insert into comprises (mwsid, shiftdayid, shifthourid) values (21, 6, 1);
insert into comprises (mwsid, shiftdayid, shifthourid) values (22, 6, 2);
insert into comprises (mwsid, shiftdayid, shifthourid) values (23, 6, 3);
insert into comprises (mwsid, shiftdayid, shifthourid) values (24, 6, 4);
insert into comprises (mwsid, shiftdayid, shifthourid) values (25, 7, 1);
insert into comprises (mwsid, shiftdayid, shifthourid) values (26, 7, 2);
insert into comprises (mwsid, shiftdayid, shifthourid) values (27, 7, 3);
insert into comprises (mwsid, shiftdayid, shifthourid) values (28, 7, 4);


insert into Foodlists (flid, cid, riderid, order_time, payment_method, total_cost, delivery_location, did) values (1, 298, 241, '21:40', 'Credit Card', null, null, 44);
insert into Foodlists (flid, cid, riderid, order_time, payment_method, total_cost, delivery_location, did) values (2, 446, 150, '20:49', 'Cash', null, null, 92);
insert into Foodlists (flid, cid, riderid, order_time, payment_method, total_cost, delivery_location, did) values (3, 376, 146, '10:31', 'Cash', null, null, 99);
insert into Foodlists (flid, cid, riderid, order_time, payment_method, total_cost, delivery_location, did) values (4, 159, 64, '10:30', 'Cash', null, null, 67);
insert into Foodlists (flid, cid, riderid, order_time, payment_method, total_cost, delivery_location, did) values (5, 442, 283, '13:23', 'Cash', null, null, 10);
insert into Foodlists (flid, cid, riderid, order_time, payment_method, total_cost, delivery_location, did) values (6, 457, 288, '13:26', 'Cash', null, null, 47);
insert into Foodlists (flid, cid, riderid, order_time, payment_method, total_cost, delivery_location, did) values (7, 227, 26, '10:05', 'Credit Card', null, null, 76);
insert into Foodlists (flid, cid, riderid, order_time, payment_method, total_cost, delivery_location, did) values (8, 229, 269, '17:32', 'Credit Card', null, null, 23);
insert into Foodlists (flid, cid, riderid, order_time, payment_method, total_cost, delivery_location, did) values (9,129, 66, '11:57', 'Cash', null, null, 43);
insert into Foodlists (flid,cid, riderid, order_time, payment_method, total_cost, delivery_location, did) values (10,113, 20, '20:50', 'Credit Card', null, null, 68);

insert into Reviews (review, flid) values ('Good', 5);
insert into Reviews (review, flid) values ('Bad', 4);
insert into Reviews (review, flid) values ('Can be improved', 10);
insert into Reviews (review, flid) values ('Bad', 3);
insert into Reviews (review, flid) values ('Maybe more salt', 9);

insert into Holds (wwsid, sessionsid) values (17, 28);
insert into Holds (wwsid, sessionsid) values (65, 22);
insert into Holds (wwsid, sessionsid) values (29, 12);
insert into Holds (wwsid, sessionsid) values (93, 1);
insert into Holds (wwsid, sessionsid) values (22, 19);
insert into Holds (wwsid, sessionsid) values (42, 12);
insert into Holds (wwsid, sessionsid) values (26, 22);
insert into Holds (wwsid, sessionsid) values (100, 26);
insert into Holds (wwsid, sessionsid) values (60, 26);
insert into Holds (wwsid, sessionsid) values (20, 29);
insert into Holds (wwsid, sessionsid) values (42, 38);
insert into Holds (wwsid, sessionsid) values (56, 9);
insert into Holds (wwsid, sessionsid) values (4, 17);
insert into Holds (wwsid, sessionsid) values (36, 5);
insert into Holds (wwsid, sessionsid) values (71, 13);
insert into Holds (wwsid, sessionsid) values (86, 23);
insert into Holds (wwsid, sessionsid) values (17, 10);
insert into Holds (wwsid, sessionsid) values (93, 7);
insert into Holds (wwsid, sessionsid) values (13, 12);
insert into Holds (wwsid, sessionsid) values (83, 20);
insert into Holds (wwsid, sessionsid) values (57, 11);
insert into Holds (wwsid, sessionsid) values (54, 36);
insert into Holds (wwsid, sessionsid) values (30, 8);
insert into Holds (wwsid, sessionsid) values (5, 17);
insert into Holds (wwsid, sessionsid) values (10, 19);
insert into Holds (wwsid, sessionsid) values (39, 22);
insert into Holds (wwsid, sessionsid) values (32, 29);
insert into Holds (wwsid, sessionsid) values (15, 33);
insert into Holds (wwsid, sessionsid) values (92, 11);
insert into Holds (wwsid, sessionsid) values (19, 8);
insert into Holds (wwsid, sessionsid) values (97, 18);
insert into Holds (wwsid, sessionsid) values (21, 8);
insert into Holds (wwsid, sessionsid) values (13, 38);
insert into Holds (wwsid, sessionsid) values (13, 34);
insert into Holds (wwsid, sessionsid) values (61, 38);
insert into Holds (wwsid, sessionsid) values (68, 20);
insert into Holds (wwsid, sessionsid) values (81, 16);
insert into Holds (wwsid, sessionsid) values (65, 34);
insert into Holds (wwsid, sessionsid) values (34, 11);
insert into Holds (wwsid, sessionsid) values (44, 32);
insert into Holds (wwsid, sessionsid) values (29, 21);
insert into Holds (wwsid, sessionsid) values (1, 11);
insert into Holds (wwsid, sessionsid) values (48, 18);
insert into Holds (wwsid, sessionsid) values (18, 30);
insert into Holds (wwsid, sessionsid) values (96, 7);
insert into Holds (wwsid, sessionsid) values (70, 8);
insert into Holds (wwsid, sessionsid) values (89, 35);
insert into Holds (wwsid, sessionsid) values (96, 27);
insert into Holds (wwsid, sessionsid) values (84, 17);
insert into Holds (wwsid, sessionsid) values (29, 32);
insert into Holds (wwsid, sessionsid) values (72, 33);
insert into Holds (wwsid, sessionsid) values (40, 23);
insert into Holds (wwsid, sessionsid) values (20, 13);
insert into Holds (wwsid, sessionsid) values (33, 22);
insert into Holds (wwsid, sessionsid) values (43, 18);
insert into Holds (wwsid, sessionsid) values (49, 2);
insert into Holds (wwsid, sessionsid) values (46, 3);
insert into Holds (wwsid, sessionsid) values (86, 2);
insert into Holds (wwsid, sessionsid) values (24, 13);
insert into Holds (wwsid, sessionsid) values (45, 20);
insert into Holds (wwsid, sessionsid) values (63, 5);
insert into Holds (wwsid, sessionsid) values (78, 31);
insert into Holds (wwsid, sessionsid) values (12, 14);
insert into Holds (wwsid, sessionsid) values (46, 22);
insert into Holds (wwsid, sessionsid) values (77, 24);
insert into Holds (wwsid, sessionsid) values (42, 15);
insert into Holds (wwsid, sessionsid) values (50, 30);
insert into Holds (wwsid, sessionsid) values (71, 36);
insert into Holds (wwsid, sessionsid) values (80, 37);
insert into Holds (wwsid, sessionsid) values (55, 37);
insert into Holds (wwsid, sessionsid) values (7, 11);
insert into Holds (wwsid, sessionsid) values (54, 22);
insert into Holds (wwsid, sessionsid) values (7, 29);
insert into Holds (wwsid, sessionsid) values (80, 27);
insert into Holds (wwsid, sessionsid) values (42, 36);
insert into Holds (wwsid, sessionsid) values (34, 37);
insert into Holds (wwsid, sessionsid) values (12, 19);
insert into Holds (wwsid, sessionsid) values (31, 19);
insert into Holds (wwsid, sessionsid) values (64, 22);
insert into Holds (wwsid, sessionsid) values (83, 23);
insert into Holds (wwsid, sessionsid) values (36, 7);
insert into Holds (wwsid, sessionsid) values (33, 17);
insert into Holds (wwsid, sessionsid) values (27, 34);
insert into Holds (wwsid, sessionsid) values (79, 16);
insert into Holds (wwsid, sessionsid) values (74, 34);
insert into Holds (wwsid, sessionsid) values (22, 5);
insert into Holds (wwsid, sessionsid) values (45, 34);
insert into Holds (wwsid, sessionsid) values (60, 11);
insert into Holds (wwsid, sessionsid) values (9, 1);
insert into Holds (wwsid, sessionsid) values (29, 19);
insert into Holds (wwsid, sessionsid) values (25, 23);
insert into Holds (wwsid, sessionsid) values (57, 22);
insert into Holds (wwsid, sessionsid) values (65, 15);
insert into Holds (wwsid, sessionsid) values (96, 18);
insert into Holds (wwsid, sessionsid) values (38, 12);
insert into Holds (wwsid, sessionsid) values (8, 16);
insert into Holds (wwsid, sessionsid) values (42, 29);


insert into PartTimeRiders  (riderid, wwsid, weeklybasesalary) values (1, 45, 734);
insert into PartTimeRiders  (riderid, wwsid, weeklybasesalary) values (2, 42, 783);
insert into PartTimeRiders  (riderid, wwsid, weeklybasesalary) values (3, 35, 281);
insert into PartTimeRiders  (riderid, wwsid, weeklybasesalary) values (4, 47, 624);
insert into PartTimeRiders  (riderid, wwsid, weeklybasesalary) values (5, 53, 172);
insert into PartTimeRiders  (riderid, wwsid, weeklybasesalary) values (6, 56, 775);
insert into PartTimeRiders  (riderid, wwsid, weeklybasesalary) values (7, 37, 967);
insert into PartTimeRiders  (riderid, wwsid, weeklybasesalary) values (8, 20, 377);
insert into PartTimeRiders  (riderid, wwsid, weeklybasesalary) values (9, 21, 599);
insert into PartTimeRiders  (riderid, wwsid, weeklybasesalary) values (10, 74, 229);
insert into PartTimeRiders  (riderid, wwsid, weeklybasesalary) values (11, 83, 33);
insert into PartTimeRiders  (riderid, wwsid, weeklybasesalary) values (12, 89, 346);
insert into PartTimeRiders  (riderid, wwsid, weeklybasesalary) values (13, 49, 302);
insert into PartTimeRiders  (riderid, wwsid, weeklybasesalary) values (14, 21, 887);
insert into PartTimeRiders  (riderid, wwsid, weeklybasesalary) values (15, 65, 520);
insert into PartTimeRiders  (riderid, wwsid, weeklybasesalary) values (16, 36, 305);
insert into PartTimeRiders  (riderid, wwsid, weeklybasesalary) values (17, 71, 888);
insert into PartTimeRiders  (riderid, wwsid, weeklybasesalary) values (18, 71, 730);
insert into PartTimeRiders  (riderid, wwsid, weeklybasesalary) values (19, 60, 384);
insert into PartTimeRiders  (riderid, wwsid, weeklybasesalary) values (20, 68, 454);
insert into PartTimeRiders  (riderid, wwsid, weeklybasesalary) values (21, 93, 362);
insert into PartTimeRiders  (riderid, wwsid, weeklybasesalary) values (22, 42, 554);
insert into PartTimeRiders  (riderid, wwsid, weeklybasesalary) values (23, 38, 927);
insert into PartTimeRiders  (riderid, wwsid, weeklybasesalary) values (24, 22, 361);
insert into PartTimeRiders  (riderid, wwsid, weeklybasesalary) values (25, 31, 573);
insert into PartTimeRiders  (riderid, wwsid, weeklybasesalary) values (26, 84, 773);
insert into PartTimeRiders  (riderid, wwsid, weeklybasesalary) values (27, 89, 546);
insert into PartTimeRiders  (riderid, wwsid, weeklybasesalary) values (28, 81, 221);
insert into PartTimeRiders  (riderid, wwsid, weeklybasesalary) values (29, 16, 259);
insert into PartTimeRiders  (riderid, wwsid, weeklybasesalary) values (30, 75, 284);
insert into PartTimeRiders  (riderid, wwsid, weeklybasesalary) values (31, 32, 523);
insert into PartTimeRiders  (riderid, wwsid, weeklybasesalary) values (32, 38, 944);
insert into PartTimeRiders  (riderid, wwsid, weeklybasesalary) values (33, 64, 744);
insert into PartTimeRiders  (riderid, wwsid, weeklybasesalary) values (34, 39, 390);
insert into PartTimeRiders  (riderid, wwsid, weeklybasesalary) values (35, 27, 971);
insert into PartTimeRiders  (riderid, wwsid, weeklybasesalary) values (36, 85, 291);
insert into PartTimeRiders  (riderid, wwsid, weeklybasesalary) values (37, 3, 560);
insert into PartTimeRiders  (riderid, wwsid, weeklybasesalary) values (38, 89, 63);
insert into PartTimeRiders  (riderid, wwsid, weeklybasesalary) values (39, 82, 773);
insert into PartTimeRiders  (riderid, wwsid, weeklybasesalary) values (40, 20, 81);
insert into PartTimeRiders  (riderid, wwsid, weeklybasesalary) values (41, 40, 632);
insert into PartTimeRiders  (riderid, wwsid, weeklybasesalary) values (42, 60, 958);
insert into PartTimeRiders  (riderid, wwsid, weeklybasesalary) values (43, 46, 10);
insert into PartTimeRiders  (riderid, wwsid, weeklybasesalary) values (44, 55, 132);
insert into PartTimeRiders  (riderid, wwsid, weeklybasesalary) values (45, 77, 86);
insert into PartTimeRiders  (riderid, wwsid, weeklybasesalary) values (46, 18, 784);
insert into PartTimeRiders  (riderid, wwsid, weeklybasesalary) values (47, 61, 823);
insert into PartTimeRiders  (riderid, wwsid, weeklybasesalary) values (48, 36, 103);
insert into PartTimeRiders  (riderid, wwsid, weeklybasesalary) values (49, 8, 582);
insert into PartTimeRiders  (riderid, wwsid, weeklybasesalary) values (50, 81, 132);


insert into FullTimeRiders (riderid, mwsid, monthlybasesalary) values (51, 13, 415);
insert into FullTimeRiders (riderid, mwsid, monthlybasesalary) values (52, 1, 324);
insert into FullTimeRiders (riderid, mwsid, monthlybasesalary) values (53, 5, 730);
insert into FullTimeRiders (riderid, mwsid, monthlybasesalary) values (54, 2, 395);
insert into FullTimeRiders (riderid, mwsid, monthlybasesalary) values (55, 13, 337);
insert into FullTimeRiders (riderid, mwsid, monthlybasesalary) values (56, 4, 779);
insert into FullTimeRiders (riderid, mwsid, monthlybasesalary) values (57, 11, 704);
insert into FullTimeRiders (riderid, mwsid, monthlybasesalary) values (58, 1, 499);
insert into FullTimeRiders (riderid, mwsid, monthlybasesalary) values (59, 14, 171);
insert into FullTimeRiders (riderid, mwsid, monthlybasesalary) values (60, 1, 609);
insert into FullTimeRiders (riderid, mwsid, monthlybasesalary) values (61, 1, 11);
insert into FullTimeRiders (riderid, mwsid, monthlybasesalary) values (62, 14, 270);
insert into FullTimeRiders (riderid, mwsid, monthlybasesalary) values (63, 13, 885);
insert into FullTimeRiders (riderid, mwsid, monthlybasesalary) values (64, 5, 239);
insert into FullTimeRiders (riderid, mwsid, monthlybasesalary) values (65, 1, 99);
insert into FullTimeRiders (riderid, mwsid, monthlybasesalary) values (66, 9, 842);
insert into FullTimeRiders (riderid, mwsid, monthlybasesalary) values (67, 13, 242);
insert into FullTimeRiders (riderid, mwsid, monthlybasesalary) values (68, 6, 617);
insert into FullTimeRiders (riderid, mwsid, monthlybasesalary) values (69, 7, 178);
insert into FullTimeRiders (riderid, mwsid, monthlybasesalary) values (70, 15, 189);
insert into FullTimeRiders (riderid, mwsid, monthlybasesalary) values (71, 2, 411);
insert into FullTimeRiders (riderid, mwsid, monthlybasesalary) values (72, 13, 382);
insert into FullTimeRiders (riderid, mwsid, monthlybasesalary) values (73, 6, 946);
insert into FullTimeRiders (riderid, mwsid, monthlybasesalary) values (74, 14, 534);
insert into FullTimeRiders (riderid, mwsid, monthlybasesalary) values (75, 7, 918);
insert into FullTimeRiders (riderid, mwsid, monthlybasesalary) values (76, 13, 620);
insert into FullTimeRiders (riderid, mwsid, monthlybasesalary) values (77, 15, 625);
insert into FullTimeRiders (riderid, mwsid, monthlybasesalary) values (78, 10, 971);
insert into FullTimeRiders (riderid, mwsid, monthlybasesalary) values (79, 7, 204);
insert into FullTimeRiders (riderid, mwsid, monthlybasesalary) values (80, 4, 45);
insert into FullTimeRiders (riderid, mwsid, monthlybasesalary) values (81, 7, 128);
insert into FullTimeRiders (riderid, mwsid, monthlybasesalary) values (82, 11, 512);
insert into FullTimeRiders (riderid, mwsid, monthlybasesalary) values (83, 10, 478);
insert into FullTimeRiders (riderid, mwsid, monthlybasesalary) values (84, 11, 390);
insert into FullTimeRiders (riderid, mwsid, monthlybasesalary) values (85, 10, 317);
insert into FullTimeRiders (riderid, mwsid, monthlybasesalary) values (86, 11, 473);
insert into FullTimeRiders (riderid, mwsid, monthlybasesalary) values (87, 14, 397);
insert into FullTimeRiders (riderid, mwsid, monthlybasesalary) values (88, 5, 61);
insert into FullTimeRiders (riderid, mwsid, monthlybasesalary) values (89, 14, 955);
insert into FullTimeRiders (riderid, mwsid, monthlybasesalary) values (90, 2, 708);
insert into FullTimeRiders (riderid, mwsid, monthlybasesalary) values (91, 1, 469);
insert into FullTimeRiders (riderid, mwsid, monthlybasesalary) values (92, 14, 692);
insert into FullTimeRiders (riderid, mwsid, monthlybasesalary) values (93, 6, 161);
insert into FullTimeRiders (riderid, mwsid, monthlybasesalary) values (94, 5, 970);
insert into FullTimeRiders (riderid, mwsid, monthlybasesalary) values (95, 15, 741);
insert into FullTimeRiders (riderid, mwsid, monthlybasesalary) values (96, 3, 884);
insert into FullTimeRiders (riderid, mwsid, monthlybasesalary) values (97, 12, 585);
insert into FullTimeRiders (riderid, mwsid, monthlybasesalary) values (98, 2, 163);
insert into FullTimeRiders (riderid, mwsid, monthlybasesalary) values (99, 6, 473);
insert into FullTimeRiders (riderid, mwsid, monthlybasesalary) values (100, 9, 4);
insert into FullTimeRiders (riderid, mwsid, monthlybasesalary) values (101, 2, 390);
insert into FullTimeRiders (riderid, mwsid, monthlybasesalary) values (102, 14, 569);
insert into FullTimeRiders (riderid, mwsid, monthlybasesalary) values (103, 8, 247);
insert into FullTimeRiders (riderid, mwsid, monthlybasesalary) values (104, 10, 737);
insert into FullTimeRiders (riderid, mwsid, monthlybasesalary) values (105, 9, 722);
insert into FullTimeRiders (riderid, mwsid, monthlybasesalary) values (106, 13, 732);
insert into FullTimeRiders (riderid, mwsid, monthlybasesalary) values (107, 3, 182);
insert into FullTimeRiders (riderid, mwsid, monthlybasesalary) values (108, 12, 858);
insert into FullTimeRiders (riderid, mwsid, monthlybasesalary) values (109, 4, 81);
insert into FullTimeRiders (riderid, mwsid, monthlybasesalary) values (110, 8, 553);
insert into FullTimeRiders (riderid, mwsid, monthlybasesalary) values (111, 15, 649);
insert into FullTimeRiders (riderid, mwsid, monthlybasesalary) values (112, 2, 220);
insert into FullTimeRiders (riderid, mwsid, monthlybasesalary) values (113, 8, 220);
insert into FullTimeRiders (riderid, mwsid, monthlybasesalary) values (114, 2, 543);
insert into FullTimeRiders (riderid, mwsid, monthlybasesalary) values (115, 6, 190);
insert into FullTimeRiders (riderid, mwsid, monthlybasesalary) values (116, 4, 645);
insert into FullTimeRiders (riderid, mwsid, monthlybasesalary) values (117, 9, 975);
insert into FullTimeRiders (riderid, mwsid, monthlybasesalary) values (118, 8, 785);
insert into FullTimeRiders (riderid, mwsid, monthlybasesalary) values (119, 5, 542);
insert into FullTimeRiders (riderid, mwsid, monthlybasesalary) values (120, 10, 452);
insert into FullTimeRiders (riderid, mwsid, monthlybasesalary) values (121, 11, 802);
insert into FullTimeRiders (riderid, mwsid, monthlybasesalary) values (122, 5, 44);
insert into FullTimeRiders (riderid, mwsid, monthlybasesalary) values (123, 10, 829);
insert into FullTimeRiders (riderid, mwsid, monthlybasesalary) values (124, 10, 778);
insert into FullTimeRiders (riderid, mwsid, monthlybasesalary) values (125, 10, 805);
insert into FullTimeRiders (riderid, mwsid, monthlybasesalary) values (126, 8, 762);
insert into FullTimeRiders (riderid, mwsid, monthlybasesalary) values (127, 10, 164);
insert into FullTimeRiders (riderid, mwsid, monthlybasesalary) values (128, 6, 264);
insert into FullTimeRiders (riderid, mwsid, monthlybasesalary) values (129, 4, 27);
insert into FullTimeRiders (riderid, mwsid, monthlybasesalary) values (130, 2, 851);
insert into FullTimeRiders (riderid, mwsid, monthlybasesalary) values (131, 4, 318);
insert into FullTimeRiders (riderid, mwsid, monthlybasesalary) values (132, 4, 713);
insert into FullTimeRiders (riderid, mwsid, monthlybasesalary) values (133, 15, 454);
insert into FullTimeRiders (riderid, mwsid, monthlybasesalary) values (134, 10, 912);
insert into FullTimeRiders (riderid, mwsid, monthlybasesalary) values (135, 11, 716);
insert into FullTimeRiders (riderid, mwsid, monthlybasesalary) values (136, 1, 604);
insert into FullTimeRiders (riderid, mwsid, monthlybasesalary) values (137, 1, 92);
insert into FullTimeRiders (riderid, mwsid, monthlybasesalary) values (138, 10, 142);
insert into FullTimeRiders (riderid, mwsid, monthlybasesalary) values (139, 4, 942);
insert into FullTimeRiders (riderid, mwsid, monthlybasesalary) values (140, 4, 31);
insert into FullTimeRiders (riderid, mwsid, monthlybasesalary) values (141, 4, 826);
insert into FullTimeRiders (riderid, mwsid, monthlybasesalary) values (142, 1, 887);
insert into FullTimeRiders (riderid, mwsid, monthlybasesalary) values (143, 6, 388);
insert into FullTimeRiders (riderid, mwsid, monthlybasesalary) values (144, 2, 992);
insert into FullTimeRiders (riderid, mwsid, monthlybasesalary) values (145, 13, 270);
insert into FullTimeRiders (riderid, mwsid, monthlybasesalary) values (146, 13, 636);
insert into FullTimeRiders (riderid, mwsid, monthlybasesalary) values (147, 9, 966);
insert into FullTimeRiders (riderid, mwsid, monthlybasesalary) values (148, 1, 337);
insert into FullTimeRiders (riderid, mwsid, monthlybasesalary) values (149, 11, 267);
insert into FullTimeRiders (riderid, mwsid, monthlybasesalary) values (150, 2, 932);
insert into FullTimeRiders (riderid, mwsid, monthlybasesalary) values (151, 6, 985);
insert into FullTimeRiders (riderid, mwsid, monthlybasesalary) values (152, 13, 86);
insert into FullTimeRiders (riderid, mwsid, monthlybasesalary) values (153, 14, 547);
insert into FullTimeRiders (riderid, mwsid, monthlybasesalary) values (154, 9, 858);
insert into FullTimeRiders (riderid, mwsid, monthlybasesalary) values (155, 12, 855);
insert into FullTimeRiders (riderid, mwsid, monthlybasesalary) values (156, 10, 55);
insert into FullTimeRiders (riderid, mwsid, monthlybasesalary) values (157, 8, 764);
insert into FullTimeRiders (riderid, mwsid, monthlybasesalary) values (158, 4, 946);
insert into FullTimeRiders (riderid, mwsid, monthlybasesalary) values (159, 5, 56);
insert into FullTimeRiders (riderid, mwsid, monthlybasesalary) values (160, 1, 877);
insert into FullTimeRiders (riderid, mwsid, monthlybasesalary) values (161, 9, 538);
insert into FullTimeRiders (riderid, mwsid, monthlybasesalary) values (162, 6, 698);
insert into FullTimeRiders (riderid, mwsid, monthlybasesalary) values (163, 9, 981);
insert into FullTimeRiders (riderid, mwsid, monthlybasesalary) values (164, 4, 448);
insert into FullTimeRiders (riderid, mwsid, monthlybasesalary) values (165, 9, 822);
insert into FullTimeRiders (riderid, mwsid, monthlybasesalary) values (166, 6, 217);
insert into FullTimeRiders (riderid, mwsid, monthlybasesalary) values (167, 11, 418);
insert into FullTimeRiders (riderid, mwsid, monthlybasesalary) values (168, 13, 255);
insert into FullTimeRiders (riderid, mwsid, monthlybasesalary) values (169, 3, 650);
insert into FullTimeRiders (riderid, mwsid, monthlybasesalary) values (170, 7, 760);
insert into FullTimeRiders (riderid, mwsid, monthlybasesalary) values (171, 12, 972);
insert into FullTimeRiders (riderid, mwsid, monthlybasesalary) values (172, 8, 578);
insert into FullTimeRiders (riderid, mwsid, monthlybasesalary) values (173, 15, 534);
insert into FullTimeRiders (riderid, mwsid, monthlybasesalary) values (174, 11, 906);
insert into FullTimeRiders (riderid, mwsid, monthlybasesalary) values (175, 14, 263);
insert into FullTimeRiders (riderid, mwsid, monthlybasesalary) values (176, 5, 173);
insert into FullTimeRiders (riderid, mwsid, monthlybasesalary) values (177, 6, 161);
insert into FullTimeRiders (riderid, mwsid, monthlybasesalary) values (178, 3, 558);
insert into FullTimeRiders (riderid, mwsid, monthlybasesalary) values (179, 12, 381);
insert into FullTimeRiders (riderid, mwsid, monthlybasesalary) values (180, 11, 728);
insert into FullTimeRiders (riderid, mwsid, monthlybasesalary) values (181, 1, 705);
insert into FullTimeRiders (riderid, mwsid, monthlybasesalary) values (182, 2, 548);
insert into FullTimeRiders (riderid, mwsid, monthlybasesalary) values (183, 7, 965);
insert into FullTimeRiders (riderid, mwsid, monthlybasesalary) values (184, 10, 383);
insert into FullTimeRiders (riderid, mwsid, monthlybasesalary) values (185, 1, 243);
insert into FullTimeRiders (riderid, mwsid, monthlybasesalary) values (186, 12, 853);
insert into FullTimeRiders (riderid, mwsid, monthlybasesalary) values (187, 8, 396);
insert into FullTimeRiders (riderid, mwsid, monthlybasesalary) values (188, 11, 69);
insert into FullTimeRiders (riderid, mwsid, monthlybasesalary) values (189, 5, 739);
insert into FullTimeRiders (riderid, mwsid, monthlybasesalary) values (190, 4, 738);
insert into FullTimeRiders (riderid, mwsid, monthlybasesalary) values (191, 2, 328);
insert into FullTimeRiders (riderid, mwsid, monthlybasesalary) values (192, 14, 413);
insert into FullTimeRiders (riderid, mwsid, monthlybasesalary) values (193, 11, 112);
insert into FullTimeRiders (riderid, mwsid, monthlybasesalary) values (194, 11, 159);
insert into FullTimeRiders (riderid, mwsid, monthlybasesalary) values (195, 10, 783);
insert into FullTimeRiders (riderid, mwsid, monthlybasesalary) values (196, 3, 694);
insert into FullTimeRiders (riderid, mwsid, monthlybasesalary) values (197, 8, 358);
insert into FullTimeRiders (riderid, mwsid, monthlybasesalary) values (198, 6, 203);
insert into FullTimeRiders (riderid, mwsid, monthlybasesalary) values (199, 6, 613);
insert into FullTimeRiders (riderid, mwsid, monthlybasesalary) values (200, 5, 739);
insert into FullTimeRiders (riderid, mwsid, monthlybasesalary) values (201, 3, 667);
insert into FullTimeRiders (riderid, mwsid, monthlybasesalary) values (202, 1, 582);
insert into FullTimeRiders (riderid, mwsid, monthlybasesalary) values (203, 3, 735);
insert into FullTimeRiders (riderid, mwsid, monthlybasesalary) values (204, 10, 671);
insert into FullTimeRiders (riderid, mwsid, monthlybasesalary) values (205, 2, 91);
insert into FullTimeRiders (riderid, mwsid, monthlybasesalary) values (206, 15, 390);
insert into FullTimeRiders (riderid, mwsid, monthlybasesalary) values (207, 1, 753);
insert into FullTimeRiders (riderid, mwsid, monthlybasesalary) values (208, 11, 550);
insert into FullTimeRiders (riderid, mwsid, monthlybasesalary) values (209, 6, 163);
insert into FullTimeRiders (riderid, mwsid, monthlybasesalary) values (210, 4, 912);
insert into FullTimeRiders (riderid, mwsid, monthlybasesalary) values (211, 6, 26);
insert into FullTimeRiders (riderid, mwsid, monthlybasesalary) values (212, 9, 935);
insert into FullTimeRiders (riderid, mwsid, monthlybasesalary) values (213, 15, 338);
insert into FullTimeRiders (riderid, mwsid, monthlybasesalary) values (214, 5, 33);
insert into FullTimeRiders (riderid, mwsid, monthlybasesalary) values (215, 4, 189);
insert into FullTimeRiders (riderid, mwsid, monthlybasesalary) values (216, 10, 590);
insert into FullTimeRiders (riderid, mwsid, monthlybasesalary) values (217, 2, 640);
insert into FullTimeRiders (riderid, mwsid, monthlybasesalary) values (218, 15, 178);
insert into FullTimeRiders (riderid, mwsid, monthlybasesalary) values (219, 12, 399);
insert into FullTimeRiders (riderid, mwsid, monthlybasesalary) values (220, 4, 410);
insert into FullTimeRiders (riderid, mwsid, monthlybasesalary) values (221, 4, 283);
insert into FullTimeRiders (riderid, mwsid, monthlybasesalary) values (222, 4, 173);
insert into FullTimeRiders (riderid, mwsid, monthlybasesalary) values (223, 11, 303);
insert into FullTimeRiders (riderid, mwsid, monthlybasesalary) values (224, 4, 713);
insert into FullTimeRiders (riderid, mwsid, monthlybasesalary) values (225, 15, 7);
insert into FullTimeRiders (riderid, mwsid, monthlybasesalary) values (226, 7, 677);
insert into FullTimeRiders (riderid, mwsid, monthlybasesalary) values (227, 15, 363);
insert into FullTimeRiders (riderid, mwsid, monthlybasesalary) values (228, 13, 932);
insert into FullTimeRiders (riderid, mwsid, monthlybasesalary) values (229, 5, 654);
insert into FullTimeRiders (riderid, mwsid, monthlybasesalary) values (230, 5, 231);
insert into FullTimeRiders (riderid, mwsid, monthlybasesalary) values (231, 3, 460);
insert into FullTimeRiders (riderid, mwsid, monthlybasesalary) values (232, 12, 37);
insert into FullTimeRiders (riderid, mwsid, monthlybasesalary) values (233, 10, 534);
insert into FullTimeRiders (riderid, mwsid, monthlybasesalary) values (234, 12, 912);
insert into FullTimeRiders (riderid, mwsid, monthlybasesalary) values (235, 15, 4);
insert into FullTimeRiders (riderid, mwsid, monthlybasesalary) values (236, 13, 819);
insert into FullTimeRiders (riderid, mwsid, monthlybasesalary) values (237, 11, 706);
insert into FullTimeRiders (riderid, mwsid, monthlybasesalary) values (238, 8, 608);
insert into FullTimeRiders (riderid, mwsid, monthlybasesalary) values (239, 6, 242);
insert into FullTimeRiders (riderid, mwsid, monthlybasesalary) values (240, 10, 278);
insert into FullTimeRiders (riderid, mwsid, monthlybasesalary) values (241, 3, 235);
insert into FullTimeRiders (riderid, mwsid, monthlybasesalary) values (242, 2, 466);
insert into FullTimeRiders (riderid, mwsid, monthlybasesalary) values (243, 6, 518);
insert into FullTimeRiders (riderid, mwsid, monthlybasesalary) values (244, 9, 690);
insert into FullTimeRiders (riderid, mwsid, monthlybasesalary) values (245, 9, 182);
insert into FullTimeRiders (riderid, mwsid, monthlybasesalary) values (246, 14, 940);
insert into FullTimeRiders (riderid, mwsid, monthlybasesalary) values (247, 9, 700);
insert into FullTimeRiders (riderid, mwsid, monthlybasesalary) values (248, 2, 688);
insert into FullTimeRiders (riderid, mwsid, monthlybasesalary) values (249, 10, 216);
insert into FullTimeRiders (riderid, mwsid, monthlybasesalary) values (250, 11, 3);
insert into FullTimeRiders (riderid, mwsid, monthlybasesalary) values (251, 1, 467);
insert into FullTimeRiders (riderid, mwsid, monthlybasesalary) values (252, 1, 810);
insert into FullTimeRiders (riderid, mwsid, monthlybasesalary) values (253, 12, 687);
insert into FullTimeRiders (riderid, mwsid, monthlybasesalary) values (254, 14, 160);
insert into FullTimeRiders (riderid, mwsid, monthlybasesalary) values (255, 15, 51);
insert into FullTimeRiders (riderid, mwsid, monthlybasesalary) values (256, 15, 790);
insert into FullTimeRiders (riderid, mwsid, monthlybasesalary) values (257, 2, 300);
insert into FullTimeRiders (riderid, mwsid, monthlybasesalary) values (258, 13, 169);
insert into FullTimeRiders (riderid, mwsid, monthlybasesalary) values (259, 7, 588);
insert into FullTimeRiders (riderid, mwsid, monthlybasesalary) values (260, 3, 864);
insert into FullTimeRiders (riderid, mwsid, monthlybasesalary) values (261, 12, 798);
insert into FullTimeRiders (riderid, mwsid, monthlybasesalary) values (262, 12, 494);
insert into FullTimeRiders (riderid, mwsid, monthlybasesalary) values (263, 9, 224);
insert into FullTimeRiders (riderid, mwsid, monthlybasesalary) values (264, 4, 610);
insert into FullTimeRiders (riderid, mwsid, monthlybasesalary) values (265, 3, 440);
insert into FullTimeRiders (riderid, mwsid, monthlybasesalary) values (266, 15, 447);
insert into FullTimeRiders (riderid, mwsid, monthlybasesalary) values (267, 7, 705);
insert into FullTimeRiders (riderid, mwsid, monthlybasesalary) values (268, 3, 279);
insert into FullTimeRiders (riderid, mwsid, monthlybasesalary) values (269, 12, 931);
insert into FullTimeRiders (riderid, mwsid, monthlybasesalary) values (270, 2, 25);
insert into FullTimeRiders (riderid, mwsid, monthlybasesalary) values (271, 2, 94);
insert into FullTimeRiders (riderid, mwsid, monthlybasesalary) values (272, 12, 607);
insert into FullTimeRiders (riderid, mwsid, monthlybasesalary) values (273, 9, 296);
insert into FullTimeRiders (riderid, mwsid, monthlybasesalary) values (274, 9, 440);
insert into FullTimeRiders (riderid, mwsid, monthlybasesalary) values (275, 2, 26);
insert into FullTimeRiders (riderid, mwsid, monthlybasesalary) values (276, 4, 139);
insert into FullTimeRiders (riderid, mwsid, monthlybasesalary) values (277, 13, 897);
insert into FullTimeRiders (riderid, mwsid, monthlybasesalary) values (278, 6, 743);
insert into FullTimeRiders (riderid, mwsid, monthlybasesalary) values (279, 4, 91);
insert into FullTimeRiders (riderid, mwsid, monthlybasesalary) values (280, 6, 5);
insert into FullTimeRiders (riderid, mwsid, monthlybasesalary) values (281, 8, 997);
insert into FullTimeRiders (riderid, mwsid, monthlybasesalary) values (282, 11, 639);
insert into FullTimeRiders (riderid, mwsid, monthlybasesalary) values (283, 5, 338);
insert into FullTimeRiders (riderid, mwsid, monthlybasesalary) values (284, 7, 19);
insert into FullTimeRiders (riderid, mwsid, monthlybasesalary) values (285, 13, 17);
insert into FullTimeRiders (riderid, mwsid, monthlybasesalary) values (286, 8, 652);
insert into FullTimeRiders (riderid, mwsid, monthlybasesalary) values (287, 9, 229);
insert into FullTimeRiders (riderid, mwsid, monthlybasesalary) values (288, 6, 576);
insert into FullTimeRiders (riderid, mwsid, monthlybasesalary) values (289, 8, 642);
insert into FullTimeRiders (riderid, mwsid, monthlybasesalary) values (290, 4, 326);
insert into FullTimeRiders (riderid, mwsid, monthlybasesalary) values (291, 5, 865);
insert into FullTimeRiders (riderid, mwsid, monthlybasesalary) values (292, 9, 129);
insert into FullTimeRiders (riderid, mwsid, monthlybasesalary) values (293, 7, 129);
insert into FullTimeRiders (riderid, mwsid, monthlybasesalary) values (294, 14, 672);
insert into FullTimeRiders (riderid, mwsid, monthlybasesalary) values (295, 11, 607);
insert into FullTimeRiders (riderid, mwsid, monthlybasesalary) values (296, 10, 621);
insert into FullTimeRiders (riderid, mwsid, monthlybasesalary) values (297, 6, 35);
insert into FullTimeRiders (riderid, mwsid, monthlybasesalary) values (298, 10, 670);
insert into FullTimeRiders (riderid, mwsid, monthlybasesalary) values (299, 1, 987);
insert into FullTimeRiders (riderid, mwsid, monthlybasesalary) values (300, 8, 238);

insert into deliverpromotions (pid, descriptionpromo, discount, startdate, enddate, did) values (1, 'Orn, Ortiz and Jacobs', 21.11, '2020-03-06 23:22:42', '2019-07-01 17:11:50', 60);
insert into deliverpromotions (pid, descriptionpromo, discount, startdate, enddate, did) values (2, 'Schulist-Will', 38.74, '2020-03-26 09:13:14', '2019-06-26 15:14:35', 65);
insert into deliverpromotions (pid, descriptionpromo, discount, startdate, enddate, did) values (3, 'Hegmann, Murazik and Connelly', 47.93, '2019-09-11 23:49:10', '2019-05-06 16:33:27', 13);
insert into deliverpromotions (pid, descriptionpromo, discount, startdate, enddate, did) values (4, 'Anderson-Senger', 13.32, '2019-05-08 22:41:35', '2019-05-14 12:50:53', 56);
insert into deliverpromotions (pid, descriptionpromo, discount, startdate, enddate, did) values (5, 'Langworth LLC', 46.68, '2019-04-29 17:57:41', '2020-03-15 04:54:07', 69);
insert into deliverpromotions (pid, descriptionpromo, discount, startdate, enddate, did) values (6, 'Gulgowski, Towne and Homenick', 30.58, '2019-06-17 16:52:01', '2019-09-22 01:04:51', 75);
insert into deliverpromotions (pid, descriptionpromo, discount, startdate, enddate, did) values (7, 'Hane, Reichel and Miller', 42.25, '2020-03-13 09:19:53', '2020-03-11 23:16:42', 89);
insert into deliverpromotions (pid, descriptionpromo, discount, startdate, enddate, did) values (8, 'Prohaska and Sons', 27.39, '2020-03-01 17:08:26', '2019-06-10 06:53:02', 86);
insert into deliverpromotions (pid, descriptionpromo, discount, startdate, enddate, did) values (9, 'Pacocha-Friesen', 25.28, '2019-12-17 00:50:07', '2020-01-04 20:31:04', 9);
insert into deliverpromotions (pid, descriptionpromo, discount, startdate, enddate, did) values (10, 'Boyer and Sons', 1.17, '2019-08-18 07:11:09', '2019-08-01 10:52:08', 80);
insert into deliverpromotions (pid, descriptionpromo, discount, startdate, enddate, did) values (11, 'Von-Murray', 38.44, '2019-08-21 09:47:25', '2019-08-29 03:13:12', 93);
insert into deliverpromotions (pid, descriptionpromo, discount, startdate, enddate, did) values (12, 'Wiegand, Paucek and Bogisich', 48.29, '2020-02-17 10:32:58', '2020-01-22 04:21:45', 21);
insert into deliverpromotions (pid, descriptionpromo, discount, startdate, enddate, did) values (13, 'Kling-Runolfsdottir', 11.09, '2019-05-09 00:01:04', '2019-12-31 12:24:33', 8);
insert into deliverpromotions (pid, descriptionpromo, discount, startdate, enddate, did) values (14, 'Bartoletti-Stokes', 20.12, '2019-12-25 16:01:40', '2020-01-14 10:24:10', 80);
insert into deliverpromotions (pid, descriptionpromo, discount, startdate, enddate, did) values (15, 'Lindgren-Hegmann', 24.42, '2019-05-01 03:43:44', '2019-11-30 00:19:02', 43);
insert into deliverpromotions (pid, descriptionpromo, discount, startdate, enddate, did) values (16, 'Klein-Torphy', 23.87, '2019-05-28 09:47:18', '2019-10-24 11:06:37', 49);
insert into deliverpromotions (pid, descriptionpromo, discount, startdate, enddate, did) values (17, 'Murazik and Sons', 25.93, '2019-08-25 17:51:11', '2019-12-29 18:29:41', 90);
insert into deliverpromotions (pid, descriptionpromo, discount, startdate, enddate, did) values (18, 'Ondricka Group', 6.92, '2019-04-17 11:35:19', '2020-03-25 19:52:31', 15);
insert into deliverpromotions (pid, descriptionpromo, discount, startdate, enddate, did) values (19, 'Swaniawski Inc', 18.37, '2020-02-09 11:16:54', '2019-03-31 16:28:37', 76);
insert into deliverpromotions (pid, descriptionpromo, discount, startdate, enddate, did) values (20, 'Zemlak LLC', 41.62, '2019-07-17 15:14:18', '2019-05-11 14:40:31', 71);
insert into deliverpromotions (pid, descriptionpromo, discount, startdate, enddate, did) values (21, 'Wuckert Group', 19.26, '2020-01-30 17:38:21', '2020-01-29 06:01:16', 25);
insert into deliverpromotions (pid, descriptionpromo, discount, startdate, enddate, did) values (22, 'Schuster, Corwin and Spinka', 17.66, '2019-09-22 12:17:15', '2019-04-07 22:10:27', 92);
insert into deliverpromotions (pid, descriptionpromo, discount, startdate, enddate, did) values (23, 'Dach, Altenwerth and Nitzsche', 10.74, '2019-03-31 13:51:00', '2019-05-18 02:17:36', 8);
insert into deliverpromotions (pid, descriptionpromo, discount, startdate, enddate, did) values (24, 'Luettgen-Walter', 27.7, '2019-06-01 02:33:57', '2019-11-02 14:57:55', 83);
insert into deliverpromotions (pid, descriptionpromo, discount, startdate, enddate, did) values (25, 'Klein, Gleichner and Stokes', 31.53, '2019-06-04 02:02:26', '2019-12-16 19:46:45', 60);
insert into deliverpromotions (pid, descriptionpromo, discount, startdate, enddate, did) values (26, 'O''Reilly, Armstrong and Abernathy', 26.18, '2019-08-03 18:56:47', '2019-05-01 21:34:08', 28);
insert into deliverpromotions (pid, descriptionpromo, discount, startdate, enddate, did) values (27, 'Hackett-Doyle', 26.26, '2019-10-21 22:24:23', '2019-04-04 03:13:09', 7);
insert into deliverpromotions (pid, descriptionpromo, discount, startdate, enddate, did) values (28, 'Stiedemann and Sons', 10.76, '2019-05-03 07:55:30', '2020-01-05 06:15:38', 27);
insert into deliverpromotions (pid, descriptionpromo, discount, startdate, enddate, did) values (29, 'Grimes LLC', 47.02, '2020-03-29 17:04:56', '2019-07-12 22:47:20', 66);
insert into deliverpromotions (pid, descriptionpromo, discount, startdate, enddate, did) values (30, 'Little-Purdy', 1.15, '2019-11-24 19:04:13', '2020-01-17 04:12:58', 13);
insert into deliverpromotions (pid, descriptionpromo, discount, startdate, enddate, did) values (31, 'Schulist-Feest', 46.88, '2019-08-17 23:20:36', '2019-07-07 19:45:20', 35);
insert into deliverpromotions (pid, descriptionpromo, discount, startdate, enddate, did) values (32, 'Rempel Inc', 23.36, '2020-01-09 20:57:42', '2019-12-24 10:01:05', 76);
insert into deliverpromotions (pid, descriptionpromo, discount, startdate, enddate, did) values (33, 'Kreiger-Mann', 32.82, '2020-02-12 01:10:06', '2020-02-20 11:59:49', 65);
insert into deliverpromotions (pid, descriptionpromo, discount, startdate, enddate, did) values (34, 'Smitham Inc', 13.9, '2020-03-02 14:10:57', '2020-01-13 14:39:38', 52);
insert into deliverpromotions (pid, descriptionpromo, discount, startdate, enddate, did) values (35, 'Powlowski-Schaden', 27.44, '2019-06-04 10:39:47', '2019-09-04 19:54:22', 30);
insert into deliverpromotions (pid, descriptionpromo, discount, startdate, enddate, did) values (36, 'Keeling-Brown', 23.54, '2019-12-26 10:35:44', '2019-07-14 21:34:55', 16);
insert into deliverpromotions (pid, descriptionpromo, discount, startdate, enddate, did) values (37, 'Lind Group', 43.75, '2019-12-10 08:19:27', '2020-02-22 21:47:54', 5);
insert into deliverpromotions (pid, descriptionpromo, discount, startdate, enddate, did) values (38, 'McDermott LLC', 37.04, '2019-05-19 20:34:58', '2019-07-15 11:32:45', 62);
insert into deliverpromotions (pid, descriptionpromo, discount, startdate, enddate, did) values (39, 'Klocko, Lueilwitz and West', 38.46, '2020-02-13 10:27:36', '2019-08-14 12:03:23', 55);
insert into deliverpromotions (pid, descriptionpromo, discount, startdate, enddate, did) values (40, 'Medhurst Group', 14.07, '2019-07-12 08:35:08', '2019-05-01 00:57:40', 80);
insert into deliverpromotions (pid, descriptionpromo, discount, startdate, enddate, did) values (41, 'Schiller Group', 20.89, '2020-01-03 12:10:11', '2019-04-07 18:56:37', 40);
insert into deliverpromotions (pid, descriptionpromo, discount, startdate, enddate, did) values (42, 'Graham-Crist', 3.67, '2019-08-21 02:26:15', '2019-09-15 07:58:24', 94);
insert into deliverpromotions (pid, descriptionpromo, discount, startdate, enddate, did) values (43, 'Gusikowski, Hills and Keeling', 39.31, '2019-07-25 06:56:50', '2020-01-31 14:08:23', 48);
insert into deliverpromotions (pid, descriptionpromo, discount, startdate, enddate, did) values (44, 'Marvin, Lowe and Bogisich', 30.26, '2019-07-20 09:32:33', '2020-03-14 08:00:54', 50);
insert into deliverpromotions (pid, descriptionpromo, discount, startdate, enddate, did) values (45, 'Abernathy and Sons', 19.31, '2019-06-26 21:28:16', '2020-02-17 07:38:08', 72);
insert into deliverpromotions (pid, descriptionpromo, discount, startdate, enddate, did) values (46, 'Kutch, Waelchi and Strosin', 49.02, '2020-02-20 13:11:28', '2020-02-17 23:15:58', 43);
insert into deliverpromotions (pid, descriptionpromo, discount, startdate, enddate, did) values (47, 'Sporer and Sons', 11.45, '2020-03-01 16:59:25', '2019-07-07 07:53:16', 51);
insert into deliverpromotions (pid, descriptionpromo, discount, startdate, enddate, did) values (48, 'Farrell-Gislason', 12.5, '2019-05-04 21:50:58', '2019-10-29 11:11:17', 48);
insert into deliverpromotions (pid, descriptionpromo, discount, startdate, enddate, did) values (49, 'Shields-Von', 16.82, '2019-10-25 13:00:42', '2019-12-16 16:46:30', 39);
insert into deliverpromotions (pid, descriptionpromo, discount, startdate, enddate, did) values (50, 'Mante and Sons', 43.53, '2020-02-10 08:52:21', '2019-12-18 05:15:36', 65);
insert into deliverpromotions (pid, descriptionpromo, discount, startdate, enddate, did) values (51, 'Bins-Toy', 21.3, '2019-08-14 16:50:04', '2019-06-01 09:07:20', 63);
insert into deliverpromotions (pid, descriptionpromo, discount, startdate, enddate, did) values (52, 'Prohaska, Labadie and Crona', 48.75, '2020-03-23 09:42:14', '2019-04-02 17:51:11', 77);
insert into deliverpromotions (pid, descriptionpromo, discount, startdate, enddate, did) values (53, 'Kuhlman Group', 27.31, '2019-09-21 16:49:33', '2019-07-24 05:10:58', 12);
insert into deliverpromotions (pid, descriptionpromo, discount, startdate, enddate, did) values (54, 'McDermott, Reichert and Kunze', 36.36, '2019-09-19 19:49:46', '2019-04-02 02:17:21', 13);
insert into deliverpromotions (pid, descriptionpromo, discount, startdate, enddate, did) values (55, 'Durgan-Parisian', 35.34, '2019-05-26 09:06:27', '2020-02-29 00:59:29', 3);
insert into deliverpromotions (pid, descriptionpromo, discount, startdate, enddate, did) values (56, 'Robel-Will', 19.01, '2020-02-24 23:31:09', '2019-10-20 07:11:56', 89);
insert into deliverpromotions (pid, descriptionpromo, discount, startdate, enddate, did) values (57, 'Kling Inc', 32.32, '2019-09-07 01:54:46', '2019-06-09 01:37:11', 45);
insert into deliverpromotions (pid, descriptionpromo, discount, startdate, enddate, did) values (58, 'Orn-Treutel', 31.12, '2020-03-19 22:46:06', '2019-08-26 08:12:44', 80);
insert into deliverpromotions (pid, descriptionpromo, discount, startdate, enddate, did) values (59, 'Reichert and Sons', 41.41, '2019-06-11 05:21:59', '2019-05-07 11:34:00', 37);
insert into deliverpromotions (pid, descriptionpromo, discount, startdate, enddate, did) values (60, 'Jaskolski-Schiller', 30.58, '2019-05-09 02:43:47', '2019-04-13 16:29:51', 85);
insert into deliverpromotions (pid, descriptionpromo, discount, startdate, enddate, did) values (61, 'Hauck, Stracke and Hudson', 17.55, '2019-09-20 01:19:45', '2019-10-18 16:27:03', 50);
insert into deliverpromotions (pid, descriptionpromo, discount, startdate, enddate, did) values (62, 'Carroll-Grant', 36.05, '2019-12-29 12:32:55', '2019-10-20 06:51:00', 87);
insert into deliverpromotions (pid, descriptionpromo, discount, startdate, enddate, did) values (63, 'Osinski Inc', 48.89, '2019-07-27 17:50:15', '2019-06-13 21:49:54', 19);
insert into deliverpromotions (pid, descriptionpromo, discount, startdate, enddate, did) values (64, 'Abbott, Rippin and Kunde', 20.75, '2019-12-29 06:39:58', '2020-03-30 14:39:34', 24);
insert into deliverpromotions (pid, descriptionpromo, discount, startdate, enddate, did) values (65, 'Hudson, Miller and Davis', 29.43, '2019-04-17 13:18:54', '2019-06-27 11:38:33', 15);
insert into deliverpromotions (pid, descriptionpromo, discount, startdate, enddate, did) values (66, 'Wisoky, Nader and Wilderman', 46.38, '2019-06-08 16:56:37', '2019-12-19 07:55:13', 14);
insert into deliverpromotions (pid, descriptionpromo, discount, startdate, enddate, did) values (67, 'Collins LLC', 4.64, '2019-06-21 11:32:02', '2019-11-05 15:52:02', 78);
insert into deliverpromotions (pid, descriptionpromo, discount, startdate, enddate, did) values (68, 'Tillman and Sons', 11.16, '2019-08-10 00:24:53', '2019-08-28 15:44:14', 94);
insert into deliverpromotions (pid, descriptionpromo, discount, startdate, enddate, did) values (69, 'Rowe, McGlynn and Torp', 14.22, '2020-03-29 09:54:25', '2019-11-26 12:53:08', 62);
insert into deliverpromotions (pid, descriptionpromo, discount, startdate, enddate, did) values (70, 'Kshlerin-Douglas', 22.77, '2020-02-18 00:45:12', '2019-10-12 19:48:14', 76);
insert into deliverpromotions (pid, descriptionpromo, discount, startdate, enddate, did) values (71, 'Okuneva-Feil', 13.48, '2019-10-22 16:20:36', '2019-05-12 07:44:09', 54);
insert into deliverpromotions (pid, descriptionpromo, discount, startdate, enddate, did) values (72, 'Gaylord and Sons', 48.63, '2019-10-23 01:14:40', '2020-02-03 11:11:49', 65);
insert into deliverpromotions (pid, descriptionpromo, discount, startdate, enddate, did) values (73, 'Mayer-Schaden', 21.07, '2019-05-12 08:16:08', '2019-08-10 21:17:07', 67);
insert into deliverpromotions (pid, descriptionpromo, discount, startdate, enddate, did) values (74, 'Jacobs LLC', 33.75, '2019-11-02 03:50:37', '2019-05-23 21:36:18', 69);
insert into deliverpromotions (pid, descriptionpromo, discount, startdate, enddate, did) values (75, 'Bernier-Block', 29.65, '2019-08-11 19:07:38', '2019-05-01 13:17:45', 53);
insert into deliverpromotions (pid, descriptionpromo, discount, startdate, enddate, did) values (76, 'Homenick, Brown and Luettgen', 31.23, '2019-09-25 04:25:06', '2019-12-14 10:31:59', 73);
insert into deliverpromotions (pid, descriptionpromo, discount, startdate, enddate, did) values (77, 'Doyle and Sons', 45.65, '2019-10-23 01:52:25', '2019-05-11 12:21:37', 81);
insert into deliverpromotions (pid, descriptionpromo, discount, startdate, enddate, did) values (78, 'Heller-Herzog', 38.55, '2019-04-27 13:35:55', '2019-05-10 07:05:08', 72);
insert into deliverpromotions (pid, descriptionpromo, discount, startdate, enddate, did) values (79, 'Gleason Inc', 25.69, '2019-09-05 18:28:02', '2019-04-04 08:33:14', 87);
insert into deliverpromotions (pid, descriptionpromo, discount, startdate, enddate, did) values (80, 'Runte Inc', 11.14, '2020-02-11 12:42:24', '2019-09-05 06:35:46', 80);
insert into deliverpromotions (pid, descriptionpromo, discount, startdate, enddate, did) values (81, 'Ortiz, Doyle and Schulist', 44.4, '2019-10-13 15:23:54', '2019-10-18 16:27:11', 40);
insert into deliverpromotions (pid, descriptionpromo, discount, startdate, enddate, did) values (82, 'Mueller-Bauch', 44.88, '2019-07-01 23:45:11', '2019-06-21 12:37:48', 74);
insert into deliverpromotions (pid, descriptionpromo, discount, startdate, enddate, did) values (83, 'Smith and Sons', 1.76, '2019-06-08 12:07:20', '2019-10-02 10:52:44', 95);
insert into deliverpromotions (pid, descriptionpromo, discount, startdate, enddate, did) values (84, 'Mitchell, Wiza and Schinner', 13.23, '2019-05-02 05:02:22', '2019-11-18 09:28:48', 15);
insert into deliverpromotions (pid, descriptionpromo, discount, startdate, enddate, did) values (85, 'Bosco, Wyman and Hane', 16.06, '2020-01-19 11:45:48', '2020-01-16 19:13:08', 68);
insert into deliverpromotions (pid, descriptionpromo, discount, startdate, enddate, did) values (86, 'Lueilwitz LLC', 21.95, '2020-01-26 22:04:04', '2019-05-22 04:22:27', 68);
insert into deliverpromotions (pid, descriptionpromo, discount, startdate, enddate, did) values (87, 'Stamm-Fahey', 20.86, '2019-12-15 22:06:32', '2020-03-23 01:23:02', 13);
insert into deliverpromotions (pid, descriptionpromo, discount, startdate, enddate, did) values (88, 'Mayer-Jacobs', 46.95, '2020-01-02 01:46:47', '2019-05-04 05:51:21', 88);
insert into deliverpromotions (pid, descriptionpromo, discount, startdate, enddate, did) values (89, 'Wyman-Durgan', 2.52, '2019-11-13 18:56:30', '2019-07-06 17:09:37', 47);
insert into deliverpromotions (pid, descriptionpromo, discount, startdate, enddate, did) values (90, 'Becker-Wolff', 31.03, '2019-04-19 06:59:19', '2020-03-18 12:45:31', 27);
insert into deliverpromotions (pid, descriptionpromo, discount, startdate, enddate, did) values (91, 'O''Keefe, Keebler and Johnson', 34.08, '2019-12-04 13:31:07', '2019-07-28 19:55:31', 68);
insert into deliverpromotions (pid, descriptionpromo, discount, startdate, enddate, did) values (92, 'Trantow, Eichmann and Hilpert', 15.02, '2019-07-11 10:04:37', '2019-09-18 13:58:31', 90);
insert into deliverpromotions (pid, descriptionpromo, discount, startdate, enddate, did) values (93, 'Dietrich Group', 4.53, '2019-10-13 14:51:11', '2019-05-02 16:24:13', 4);
insert into deliverpromotions (pid, descriptionpromo, discount, startdate, enddate, did) values (94, 'King-Ryan', 11.42, '2019-11-03 13:07:59', '2020-02-20 00:47:18', 45);
insert into deliverpromotions (pid, descriptionpromo, discount, startdate, enddate, did) values (95, 'Grimes, Batz and Koss', 45.42, '2019-11-24 06:50:37', '2020-03-22 03:04:19', 31);
insert into deliverpromotions (pid, descriptionpromo, discount, startdate, enddate, did) values (96, 'Conn, Beier and Hansen', 19.2, '2019-06-05 19:35:28', '2019-05-26 08:33:41', 2);
insert into deliverpromotions (pid, descriptionpromo, discount, startdate, enddate, did) values (97, 'Weber LLC', 16.51, '2019-08-22 07:56:08', '2019-12-07 18:33:28', 19);
insert into deliverpromotions (pid, descriptionpromo, discount, startdate, enddate, did) values (98, 'Funk Group', 13.28, '2019-07-11 07:52:55', '2020-01-01 04:25:36', 26);
insert into deliverpromotions (pid, descriptionpromo, discount, startdate, enddate, did) values (99, 'Grady LLC', 13.48, '2019-04-03 07:07:58', '2019-05-24 18:44:27', 61);
insert into deliverpromotions (pid, descriptionpromo, discount, startdate, enddate, did) values (100, 'Buckridge, Williamson and Huel', 49.95, '2019-09-04 13:51:37', '2020-03-10 22:49:43', 64);


insert into consists (cid, flid, fname, rname) values (1, 1, 'Liquor', 'Regulus Therapeutics Inc.');
insert into consists (cid, flid, fname, rname) values (2, 2, 'Hickory nut', 'Commerce Bancshares, Inc.');
insert into consists (cid, flid, fname, rname) values (3, 3, 'Meringue', 'Tuesday Morning Corp.');
insert into consists (cid, flid, fname, rname) values (4, 4, 'Meringue', 'Tuesday Morning Corp.');
insert into consists (cid, flid, fname, rname) values (5, 5, 'Eggs', 'Bed Bath & Beyond Inc.');
insert into consists (cid, flid, fname, rname) values (6, 6, 'Other alcoholic beverage', 'U.S. Global Investors, Inc.');
insert into consists (cid, flid, fname, rname) values (7, 7, 'Turnip', 'Commerce Bancshares, Inc.');
insert into consists (cid, flid, fname, rname) values (8, 8, 'Cream substitute', 'U.S. Global Investors, Inc.');
insert into consists (cid, flid, fname, rname) values (9, 9, 'Fats and oils', 'Willamette Valley Vineyards, Inc.');
insert into consists (cid, flid, fname, rname) values (10, 10, 'Fats and oils', 'Willamette Valley Vineyards, Inc.');





